; multiplayer map ms1000 - 1000x1000 land FFA (2-4 players)
; procedurally generated, see tools/gen_ms500.py
title 5012 5009 3500
objective 145 88

square_width 12
nb_columns 1000
nb_lines 1000

west_east_paths 1,1 2,1 3,1 4,1 5,1 6,1 7,1 8,1 9,1 10,1 11,1 12,1 13,1 14,1 15,1 16,1 17,1 18,1 19,1 20,1 21,1 22,1 23,1 24,1 25,1 26,1 27,1 28,1 29,1 30,1 31,1 32,1 33,1 34,1 35,1 36,1 37,1 38,1 39,1 40,1
west_east_paths 41,1 42,1 43,1 44,1 45,1 46,1 47,1 48,1 49,1 50,1 51,1 52,1 53,1 54,1 55,1 56,1 57,1 58,1 59,1 60,1 61,1 62,1 63,1 64,1 65,1 66,1 67,1 68,1 69,1 70,1 71,1 72,1 73,1 74,1 75,1 76,1 77,1 78,1 79,1 80,1
west_east_paths 81,1 82,1 83,1 84,1 85,1 86,1 87,1 88,1 89,1 90,1 91,1 92,1 93,1 94,1 95,1 96,1 97,1 98,1 99,1 100,1 101,1 102,1 103,1 104,1 105,1 106,1 107,1 108,1 109,1 110,1 111,1 112,1 113,1 114,1 115,1 116,1 117,1 118,1 119,1 120,1
west_east_paths 121,1 122,1 123,1 124,1 125,1 126,1 127,1 128,1 129,1 130,1 131,1 132,1 133,1 134,1 135,1 136,1 137,1 138,1 139,1 140,1 141,1 142,1 143,1 144,1 145,1 146,1 147,1 148,1 149,1 150,1 151,1 152,1 153,1 154,1 155,1 156,1 157,1 158,1 159,1 160,1
west_east_paths 161,1 162,1 163,1 164,1 165,1 166,1 167,1 168,1 169,1 170,1 171,1 172,1 173,1 174,1 175,1 176,1 177,1 178,1 179,1 180,1 181,1 182,1 183,1 184,1 185,1 186,1 187,1 188,1 189,1 190,1 191,1 192,1 193,1 194,1 195,1 196,1 197,1 198,1 199,1 200,1
west_east_paths 201,1 202,1 203,1 204,1 205,1 206,1 207,1 208,1 209,1 210,1 211,1 212,1 213,1 214,1 215,1 216,1 217,1 218,1 219,1 220,1 221,1 222,1 223,1 224,1 225,1 226,1 227,1 228,1 229,1 230,1 231,1 232,1 233,1 234,1 235,1 236,1 237,1 238,1 239,1 240,1
west_east_paths 241,1 242,1 243,1 244,1 245,1 246,1 247,1 248,1 249,1 250,1 251,1 252,1 253,1 254,1 255,1 256,1 257,1 258,1 259,1 260,1 261,1 262,1 263,1 264,1 265,1 266,1 267,1 268,1 269,1 270,1 271,1 272,1 273,1 274,1 275,1 276,1 277,1 278,1 279,1 280,1
west_east_paths 281,1 282,1 283,1 284,1 285,1 286,1 287,1 288,1 289,1 290,1 291,1 292,1 293,1 294,1 295,1 296,1 297,1 298,1 299,1 300,1 301,1 302,1 303,1 304,1 305,1 306,1 307,1 308,1 309,1 310,1 311,1 312,1 313,1 314,1 315,1 316,1 317,1 318,1 319,1 320,1
west_east_paths 321,1 322,1 323,1 324,1 325,1 326,1 327,1 328,1 329,1 330,1 331,1 332,1 333,1 334,1 335,1 336,1 337,1 338,1 339,1 340,1 341,1 342,1 343,1 344,1 345,1 346,1 347,1 348,1 349,1 350,1 351,1 352,1 353,1 354,1 355,1 356,1 357,1 358,1 359,1 360,1
west_east_paths 361,1 362,1 363,1 364,1 365,1 366,1 367,1 368,1 369,1 370,1 371,1 372,1 373,1 374,1 375,1 376,1 377,1 378,1 379,1 380,1 381,1 382,1 383,1 384,1 385,1 386,1 387,1 388,1 389,1 390,1 391,1 392,1 393,1 394,1 395,1 396,1 397,1 398,1 399,1 400,1
west_east_paths 401,1 402,1 403,1 404,1 405,1 406,1 407,1 408,1 409,1 410,1 411,1 412,1 413,1 414,1 415,1 416,1 417,1 418,1 419,1 420,1 421,1 422,1 423,1 424,1 425,1 426,1 427,1 428,1 429,1 430,1 431,1 432,1 433,1 434,1 435,1 436,1 437,1 438,1 439,1 440,1
west_east_paths 441,1 442,1 443,1 444,1 445,1 446,1 447,1 448,1 449,1 450,1 451,1 452,1 453,1 454,1 455,1 456,1 457,1 458,1 459,1 460,1 461,1 462,1 463,1 464,1 465,1 466,1 467,1 468,1 469,1 470,1 471,1 472,1 473,1 474,1 475,1 476,1 477,1 478,1 479,1 480,1
west_east_paths 481,1 482,1 483,1 484,1 485,1 486,1 487,1 488,1 489,1 490,1 491,1 492,1 493,1 494,1 495,1 496,1 497,1 498,1 499,1 500,1 501,1 502,1 503,1 504,1 505,1 506,1 507,1 508,1 509,1 510,1 511,1 512,1 513,1 514,1 515,1 516,1 517,1 518,1 519,1 520,1
west_east_paths 521,1 522,1 523,1 524,1 525,1 526,1 527,1 528,1 529,1 530,1 531,1 532,1 533,1 534,1 535,1 536,1 537,1 538,1 539,1 540,1 541,1 542,1 543,1 544,1 545,1 546,1 547,1 548,1 549,1 550,1 551,1 552,1 553,1 554,1 555,1 556,1 557,1 558,1 559,1 560,1
west_east_paths 561,1 562,1 563,1 564,1 565,1 566,1 567,1 568,1 569,1 570,1 571,1 572,1 573,1 574,1 575,1 576,1 577,1 578,1 579,1 580,1 581,1 582,1 583,1 584,1 585,1 586,1 587,1 588,1 589,1 590,1 591,1 592,1 593,1 594,1 595,1 596,1 597,1 598,1 599,1 600,1
west_east_paths 601,1 602,1 603,1 604,1 605,1 606,1 607,1 608,1 609,1 610,1 611,1 612,1 613,1 614,1 615,1 616,1 617,1 618,1 619,1 620,1 621,1 622,1 623,1 624,1 625,1 626,1 627,1 628,1 629,1 630,1 631,1 632,1 633,1 634,1 635,1 636,1 637,1 638,1 639,1 640,1
west_east_paths 641,1 642,1 643,1 644,1 645,1 646,1 647,1 648,1 649,1 650,1 651,1 652,1 653,1 654,1 655,1 656,1 657,1 658,1 659,1 660,1 661,1 662,1 663,1 664,1 665,1 666,1 667,1 668,1 669,1 670,1 671,1 672,1 673,1 674,1 675,1 676,1 677,1 678,1 679,1 680,1
west_east_paths 681,1 682,1 683,1 684,1 685,1 686,1 687,1 688,1 689,1 690,1 691,1 692,1 693,1 694,1 695,1 696,1 697,1 698,1 699,1 700,1 701,1 702,1 703,1 704,1 705,1 706,1 707,1 708,1 709,1 710,1 711,1 712,1 713,1 714,1 715,1 716,1 717,1 718,1 719,1 720,1
west_east_paths 721,1 722,1 723,1 724,1 725,1 726,1 727,1 728,1 729,1 730,1 731,1 732,1 733,1 734,1 735,1 736,1 737,1 738,1 739,1 740,1 741,1 742,1 743,1 744,1 745,1 746,1 747,1 748,1 749,1 750,1 751,1 752,1 753,1 754,1 755,1 756,1 757,1 758,1 759,1 760,1
west_east_paths 761,1 762,1 763,1 764,1 765,1 766,1 767,1 768,1 769,1 770,1 771,1 772,1 773,1 774,1 775,1 776,1 777,1 778,1 779,1 780,1 781,1 782,1 783,1 784,1 785,1 786,1 787,1 788,1 789,1 790,1 791,1 792,1 793,1 794,1 795,1 796,1 797,1 798,1 799,1 800,1
west_east_paths 801,1 802,1 803,1 804,1 805,1 806,1 807,1 808,1 809,1 810,1 811,1 812,1 813,1 814,1 815,1 816,1 817,1 818,1 819,1 820,1 821,1 822,1 823,1 824,1 825,1 826,1 827,1 828,1 829,1 830,1 831,1 832,1 833,1 834,1 835,1 836,1 837,1 838,1 839,1 840,1
west_east_paths 841,1 842,1 843,1 844,1 845,1 846,1 847,1 848,1 849,1 850,1 851,1 852,1 853,1 854,1 855,1 856,1 857,1 858,1 859,1 860,1 861,1 862,1 863,1 864,1 865,1 866,1 867,1 868,1 869,1 870,1 871,1 872,1 873,1 874,1 875,1 876,1 877,1 878,1 879,1 880,1
west_east_paths 881,1 882,1 883,1 884,1 885,1 886,1 887,1 888,1 889,1 890,1 891,1 892,1 893,1 894,1 895,1 896,1 897,1 898,1 899,1 900,1 901,1 902,1 903,1 904,1 905,1 906,1 907,1 908,1 909,1 910,1 911,1 912,1 913,1 914,1 915,1 916,1 917,1 918,1 919,1 920,1
west_east_paths 921,1 922,1 923,1 924,1 925,1 926,1 927,1 928,1 929,1 930,1 931,1 932,1 933,1 934,1 935,1 936,1 937,1 938,1 939,1 940,1 941,1 942,1 943,1 944,1 945,1 946,1 947,1 948,1 949,1 950,1 951,1 952,1 953,1 954,1 955,1 956,1 957,1 958,1 959,1 960,1
west_east_paths 961,1 962,1 963,1 964,1 965,1 966,1 967,1 968,1 969,1 970,1 971,1 972,1 973,1 974,1 975,1 976,1 977,1 978,1 979,1 980,1 981,1 982,1 983,1 984,1 985,1 986,1 987,1 988,1 989,1 990,1 991,1 992,1 993,1 994,1 995,1 996,1 997,1 998,1 999,1
west_east_paths 275,3 278,3 279,3 280,3 282,3 283,3
west_east_paths 581,6 583,6 587,6 588,6 590,6 591,6 593,6 594,6 597,6 600,6 601,6 602,6 604,6
west_east_paths 204,10 206,10 207,10 208,10 211,10 213,10 214,10
west_east_paths 222,12 223,12 224,12 225,12 226,12 227,12
west_east_paths 797,16 798,16 800,16 801,16 802,16 804,16 807,16 808,16 810,16 814,16 815,16 816,16 818,16 820,16 821,16 824,16 825,16 826,16 829,16 831,16 835,16 836,16 837,16 839,16 842,16 843,16 845,16 849,16 852,16
west_east_paths 18,18 19,18 20,18 21,18 23,18 24,18 29,18 30,18 31,18 32,18 33,18 34,18 249,18 251,18 253,18 254,18 256,18
west_east_paths 770,21 775,21 776,21 777,21 778,21 779,21 781,21
west_east_paths 352,22 353,22 354,22 355,22 356,22 360,22 361,22 363,22 365,22 366,22 368,22 369,22 371,22 372,22 375,22 378,22 380,22 383,22 384,22 385,22
west_east_paths 811,23 814,23 816,23 819,23 820,23 821,23 825,23 827,23 828,23 829,23 831,23 835,23 837,23 839,23 840,23 842,23 844,23 845,23 846,23 848,23 852,23 854,23 855,23 856,23 860,23 861,23 863,23 865,23 866,23
west_east_paths 276,25 277,25 278,25 279,25 280,25 282,25 285,25 287,25 288,25 289,25 292,25 294,25 295,25 297,25 303,25
west_east_paths 386,32 388,32 390,32 391,32 392,32 394,32 397,32 398,32 400,32 401,32 403,32 407,32 409,32 411,32 412,32 413,32 414,32 415,32 416,32 417,32 418,32
west_east_paths 989,42 990,42 991,42 994,42 995,42 996,42
west_east_paths 132,43 133,43 136,43 141,43 142,43 143,43 144,43 145,43 147,43 148,43 151,43
west_east_paths 482,44 484,44 485,44 487,44
west_east_paths 67,48 68,48 69,48 72,48 73,48 74,48 75,48 79,48 80,48 84,48
west_east_paths 505,53 506,53 508,53 509,53 510,53 511,53 512,53 513,53 514,53 515,53 517,53 519,53 520,53 522,53 531,53 534,53 535,53
west_east_paths 283,55 285,55 288,55 291,55 293,55 294,55 295,55 301,55 302,55 303,55 304,55 305,55 306,55 310,55 312,55 313,55 315,55 316,55 318,55 320,55
west_east_paths 706,57 708,57 709,57 711,57 712,57 715,57 716,57 718,57 719,57 722,57 725,57
west_east_paths 954,59 956,59 959,59 960,59 963,59 964,59 966,59 967,59 970,59 971,59 973,59 975,59 976,59
west_east_paths 27,61 28,61 29,61
west_east_paths 382,65 384,65 385,65
west_east_paths 75,69 78,69 79,69 80,69 81,69 82,69 85,69 89,69 90,69 91,69 92,69 94,69 95,69 100,69 101,69 102,69 104,69 105,69 111,69 112,69 114,69 115,69
west_east_paths 185,70 189,70 190,70 191,70 192,70 194,70
west_east_paths 270,73 271,73 274,73 275,73 279,73 285,73 286,73 290,73 292,73 293,73 295,73 296,73 297,73 300,73 301,73 302,73 303,73 304,73 306,73 307,73 308,73 311,73 312,73 315,73
west_east_paths 839,74 841,74 842,74 845,74 847,74 848,74 849,74 850,74 853,74 855,74 856,74 859,74 865,74 867,74 868,74 870,74 872,74 873,74 874,74 875,74 876,74 878,74 879,74 882,74 884,74 885,74 890,74 892,74 893,74 896,74
west_east_paths 887,75 888,75 889,75 895,75 897,75 899,75 900,75 901,75 902,75 904,75 906,75 907,75 908,75 909,75 913,75 915,75 920,75 922,75 924,75 925,75 926,75 927,75 928,75
west_east_paths 341,81 344,81 346,81 347,81 349,81 351,81 352,81
west_east_paths 440,83 441,83 442,83 443,83 445,83 446,83 447,83 449,83 451,83 452,83 454,83 458,83 593,83 598,83 600,83 602,83 604,83 607,83 608,83 609,83 611,83 613,83 615,83 617,83 618,83 619,83 620,83
west_east_paths 348,84 351,84 352,84 354,84 355,84 356,84 357,84 361,84 364,84 365,84 774,84 775,84 776,84 779,84 781,84 783,84 784,84 786,84 787,84 788,84 790,84 791,84 795,84 798,84 800,84 802,84 803,84 807,84
west_east_paths 328,87 330,87 335,87 336,87 338,87 340,87 342,87 343,87 345,87 346,87 347,87 348,87 350,87 351,87 356,87 359,87 361,87 363,87 366,87 367,87 368,87 369,87 371,87 373,87 374,87
west_east_paths 610,89 613,89 614,89 615,89 616,89 619,89 621,89 622,89 624,89 625,89 630,89 631,89 633,89 634,89 635,89
west_east_paths 506,90 507,90 509,90 510,90 513,90 514,90 515,90 518,90 521,90 669,90 670,90 671,90
west_east_paths 633,96 635,96 636,96 637,96 638,96 639,96 640,96 641,96 643,96 645,96 646,96 647,96 649,96 650,96 651,96 652,96 653,96 654,96 656,96 657,96 658,96 660,96 662,96 663,96 664,96 665,96 666,96 669,96 674,96
west_east_paths 1,100 2,100 3,100 4,100 5,100 6,100 7,100 8,100 9,100 10,100 11,100 12,100 13,100 14,100 15,100 16,100 17,100 18,100 19,100 20,100 21,100 22,100 23,100 24,100 25,100 26,100 27,100 28,100 29,100 30,100 31,100 32,100 33,100 34,100 35,100 36,100 37,100 38,100 39,100 40,100
west_east_paths 41,100 42,100 43,100 44,100 45,100 46,100 47,100 48,100 49,100 50,100 51,100 52,100 53,100 54,100 55,100 56,100 57,100 58,100 59,100 60,100 61,100 62,100 63,100 64,100 65,100 66,100 67,100 68,100 69,100 70,100 71,100 72,100 73,100 74,100 75,100 76,100 77,100 78,100 79,100 80,100
west_east_paths 81,100 82,100 83,100 84,100 85,100 86,100 87,100 88,100 89,100 90,100 91,100 92,100 93,100 94,100 95,100 96,100 97,100 98,100 99,100 100,100 101,100 102,100 103,100 104,100 105,100 106,100 107,100 108,100 109,100 110,100 111,100 112,100 113,100 114,100 115,100 116,100 117,100 118,100 119,100 120,100
west_east_paths 121,100 122,100 123,100 124,100 125,100 126,100 127,100 128,100 129,100 130,100 131,100 132,100 133,100 134,100 135,100 136,100 137,100 138,100 139,100 140,100 141,100 142,100 143,100 144,100 145,100 146,100 147,100 148,100 149,100 150,100 151,100 152,100 153,100 154,100 155,100 156,100 157,100 158,100 159,100 160,100
west_east_paths 161,100 162,100 163,100 164,100 165,100 166,100 167,100 168,100 169,100 170,100 171,100 172,100 173,100 174,100 175,100 176,100 177,100 178,100 179,100 180,100 181,100 182,100 183,100 184,100 185,100 186,100 187,100 188,100 189,100 190,100 191,100 192,100 193,100 194,100 195,100 196,100 197,100 198,100 199,100 200,100
west_east_paths 201,100 202,100 203,100 204,100 205,100 206,100 207,100 208,100 209,100 210,100 211,100 212,100 213,100 214,100 215,100 216,100 217,100 218,100 219,100 220,100 221,100 222,100 223,100 224,100 225,100 226,100 227,100 228,100 229,100 230,100 231,100 232,100 233,100 234,100 235,100 236,100 237,100 238,100 239,100 240,100
west_east_paths 241,100 242,100 243,100 244,100 245,100 246,100 247,100 248,100 249,100 250,100 251,100 252,100 253,100 254,100 255,100 256,100 257,100 258,100 259,100 260,100 261,100 262,100 263,100 264,100 265,100 266,100 267,100 268,100 269,100 270,100 271,100 272,100 273,100 274,100 275,100 276,100 277,100 278,100 279,100 280,100
west_east_paths 281,100 282,100 283,100 284,100 285,100 286,100 287,100 288,100 289,100 290,100 291,100 292,100 293,100 294,100 295,100 296,100 297,100 298,100 299,100 300,100 301,100 302,100 303,100 304,100 305,100 306,100 307,100 308,100 309,100 310,100 311,100 312,100 313,100 314,100 315,100 316,100 317,100 318,100 319,100 320,100
west_east_paths 321,100 322,100 323,100 324,100 325,100 326,100 327,100 328,100 329,100 330,100 331,100 332,100 333,100 334,100 335,100 336,100 337,100 338,100 339,100 340,100 341,100 342,100 343,100 344,100 345,100 346,100 347,100 348,100 349,100 350,100 351,100 352,100 353,100 354,100 355,100 356,100 357,100 358,100 359,100 360,100
west_east_paths 361,100 362,100 363,100 364,100 365,100 366,100 367,100 368,100 369,100 370,100 371,100 372,100 373,100 374,100 375,100 376,100 377,100 378,100 379,100 380,100 381,100 382,100 383,100 384,100 385,100 386,100 387,100 388,100 389,100 390,100 391,100 392,100 393,100 394,100 395,100 396,100 397,100 398,100 399,100 400,100
west_east_paths 401,100 402,100 403,100 404,100 405,100 406,100 407,100 408,100 409,100 410,100 411,100 412,100 413,100 414,100 415,100 416,100 417,100 418,100 419,100 420,100 421,100 422,100 423,100 424,100 425,100 426,100 427,100 428,100 429,100 430,100 431,100 432,100 433,100 434,100 435,100 436,100 437,100 438,100 439,100 440,100
west_east_paths 441,100 442,100 443,100 444,100 445,100 446,100 447,100 448,100 449,100 450,100 451,100 452,100 453,100 454,100 455,100 456,100 457,100 458,100 459,100 460,100 461,100 462,100 463,100 464,100 465,100 466,100 467,100 468,100 469,100 470,100 471,100 472,100 473,100 474,100 475,100 476,100 477,100 478,100 479,100 480,100
west_east_paths 481,100 482,100 483,100 484,100 485,100 486,100 487,100 488,100 489,100 490,100 491,100 492,100 493,100 494,100 495,100 496,100 497,100 498,100 499,100 500,100 501,100 502,100 503,100 504,100 505,100 506,100 507,100 508,100 509,100 510,100 511,100 512,100 513,100 514,100 515,100 516,100 517,100 518,100 519,100 520,100
west_east_paths 521,100 522,100 523,100 524,100 525,100 526,100 527,100 528,100 529,100 530,100 531,100 532,100 533,100 534,100 535,100 536,100 537,100 538,100 539,100 540,100 541,100 542,100 543,100 544,100 545,100 546,100 547,100 548,100 549,100 550,100 551,100 552,100 553,100 554,100 555,100 556,100 557,100 558,100 559,100 560,100
west_east_paths 561,100 562,100 563,100 564,100 565,100 566,100 567,100 568,100 569,100 570,100 571,100 572,100 573,100 574,100 575,100 576,100 577,100 578,100 579,100 580,100 581,100 582,100 583,100 584,100 585,100 586,100 587,100 588,100 589,100 590,100 591,100 592,100 593,100 594,100 595,100 596,100 597,100 598,100 599,100 600,100
west_east_paths 601,100 602,100 603,100 604,100 605,100 606,100 607,100 608,100 609,100 610,100 611,100 612,100 613,100 614,100 615,100 616,100 617,100 618,100 619,100 620,100 621,100 622,100 623,100 624,100 625,100 626,100 627,100 628,100 629,100 630,100 631,100 632,100 633,100 634,100 635,100 636,100 637,100 638,100 639,100 640,100
west_east_paths 641,100 642,100 643,100 644,100 645,100 646,100 647,100 648,100 649,100 650,100 651,100 652,100 653,100 654,100 655,100 656,100 657,100 658,100 659,100 660,100 661,100 662,100 663,100 664,100 665,100 666,100 667,100 668,100 669,100 670,100 671,100 672,100 673,100 674,100 675,100 676,100 677,100 678,100 679,100 680,100
west_east_paths 681,100 682,100 683,100 684,100 685,100 686,100 687,100 688,100 689,100 690,100 691,100 692,100 693,100 694,100 695,100 696,100 697,100 698,100 699,100 700,100 701,100 702,100 703,100 704,100 705,100 706,100 707,100 708,100 709,100 710,100 711,100 712,100 713,100 714,100 715,100 716,100 717,100 718,100 719,100 720,100
west_east_paths 721,100 722,100 723,100 724,100 725,100 726,100 727,100 728,100 729,100 730,100 731,100 732,100 733,100 734,100 735,100 736,100 737,100 738,100 739,100 740,100 741,100 742,100 743,100 744,100 745,100 746,100 747,100 748,100 749,100 750,100 751,100 752,100 753,100 754,100 755,100 756,100 757,100 758,100 759,100 760,100
west_east_paths 761,100 762,100 763,100 764,100 765,100 766,100 767,100 768,100 769,100 770,100 771,100 772,100 773,100 774,100 775,100 776,100 777,100 778,100 779,100 780,100 781,100 782,100 783,100 784,100 785,100 786,100 787,100 788,100 789,100 790,100 791,100 792,100 793,100 794,100 795,100 796,100 797,100 798,100 799,100 800,100
west_east_paths 801,100 802,100 803,100 804,100 805,100 806,100 807,100 808,100 809,100 810,100 811,100 812,100 813,100 814,100 815,100 816,100 817,100 818,100 819,100 820,100 821,100 822,100 823,100 824,100 825,100 826,100 827,100 828,100 829,100 830,100 831,100 832,100 833,100 834,100 835,100 836,100 837,100 838,100 839,100 840,100
west_east_paths 841,100 842,100 843,100 844,100 845,100 846,100 847,100 848,100 849,100 850,100 851,100 852,100 853,100 854,100 855,100 856,100 857,100 858,100 859,100 860,100 861,100 862,100 863,100 864,100 865,100 866,100 867,100 868,100 869,100 870,100 871,100 872,100 873,100 874,100 875,100 876,100 877,100 878,100 879,100 880,100
west_east_paths 881,100 882,100 883,100 884,100 885,100 886,100 887,100 888,100 889,100 890,100 891,100 892,100 893,100 894,100 895,100 896,100 897,100 898,100 899,100 900,100 901,100 902,100 903,100 904,100 905,100 906,100 907,100 908,100 909,100 910,100 911,100 912,100 913,100 914,100 915,100 916,100 917,100 918,100 919,100 920,100
west_east_paths 921,100 922,100 923,100 924,100 925,100 926,100 927,100 928,100 929,100 930,100 931,100 932,100 933,100 934,100 935,100 936,100 937,100 938,100 939,100 940,100 941,100 942,100 943,100 944,100 945,100 946,100 947,100 948,100 949,100 950,100 951,100 952,100 953,100 954,100 955,100 956,100 957,100 958,100 959,100 960,100
west_east_paths 961,100 962,100 963,100 964,100 965,100 966,100 967,100 968,100 969,100 970,100 971,100 972,100 973,100 974,100 975,100 976,100 977,100 978,100 979,100 980,100 981,100 982,100 983,100 984,100 985,100 986,100 987,100 988,100 989,100 990,100 991,100 992,100 993,100 994,100 995,100 996,100 997,100 998,100 999,100
west_east_paths 12,105 13,105 14,105 15,105 18,105 19,105 20,105 21,105 22,105 23,105 24,105 25,105 26,105 28,105 29,105 30,105 31,105 35,105 36,105 37,105 39,105 40,105 41,105 44,105 48,105 49,105 50,105 55,105 65,105 66,105
west_east_paths 592,119 593,119 594,119 596,119 598,119 600,119 601,119 606,119 608,119 609,119 611,119 613,119 614,119 615,119 616,119 619,119 621,119 623,119 751,119 753,119 754,119 755,119 758,119 759,119 760,119 761,119 763,119 764,119 769,119 770,119 774,119 776,119
west_east_paths 638,122 641,122 645,122 646,122 647,122 649,122 653,122 655,122 656,122 657,122 658,122 661,122 662,122 663,122 668,122 670,122 671,122 672,122 674,122 678,122 679,122 680,122 682,122 683,122 685,122
west_east_paths 88,129 92,129 93,129 94,129 95,129 97,129
west_east_paths 228,133 229,133 230,133 231,133 233,133 235,133 236,133 239,133 240,133 242,133 244,133 246,133 247,133 249,133 251,133 254,133 255,133 258,133 260,133
west_east_paths 1,134 3,134 4,134 8,134 9,134 11,134 13,134 14,134 15,134 16,134 18,134 19,134 20,134 21,134 23,134
west_east_paths 572,142 576,142 577,142 579,142 580,142 582,142 584,142 585,142 586,142 587,142 588,142 589,142 591,142 592,142 599,142 601,142 604,142 607,142 608,142 609,142
west_east_paths 488,151 489,151 490,151 491,151 492,151 494,151 495,151 497,151 499,151 500,151 501,151 503,151 504,151 505,151 508,151 512,151 514,151 517,151 523,151
west_east_paths 968,153 969,153 970,153 971,153 972,153 975,153 977,153 979,153 980,153 982,153 984,153 985,153
west_east_paths 821,158 822,158 823,158 827,158 828,158 829,158 830,158
west_east_paths 276,159 277,159 278,159 281,159 283,159 288,159 289,159 290,159 291,159 292,159 294,159 296,159 297,159
west_east_paths 133,161 135,161 136,161 137,161 140,161 141,161 142,161 143,161 144,161 146,161 147,161 148,161 152,161 154,161 155,161 157,161 158,161 159,161 162,161 165,161 167,161 168,161 169,161 173,161 179,161 180,161 184,161 186,161 187,161 416,161 418,161 420,161 424,161 425,161 426,161 427,161 429,161 431,161
west_east_paths 567,163 569,163 572,163 574,163 575,163 577,163 579,163 580,163 582,163
west_east_paths 337,164 338,164 339,164 340,164 817,164 818,164 819,164 820,164 822,164 823,164 824,164 828,164 829,164 830,164 831,164 832,164 833,164 836,164 837,164 839,164 840,164 847,164 848,164 849,164 853,164
west_east_paths 705,178 708,178 712,178 714,178 717,178 719,178 721,178 725,178 726,178 729,178 731,178 732,178 734,178 735,178 738,178 739,178 740,178 742,178 744,178 746,178 747,178 749,178 751,178 752,178 753,178 755,178 756,178
west_east_paths 442,183 443,183 445,183 939,183 942,183 944,183 945,183 952,183 953,183 954,183 955,183 956,183 959,183 966,183 968,183 969,183 971,183 972,183 973,183 974,183 975,183 976,183 978,183 979,183 985,183 986,183 987,183 988,183 989,183 990,183 993,183 995,183 996,183
west_east_paths 776,194 777,194 778,194 779,194 781,194 783,194 784,194 786,194 789,194 793,194 794,194 795,194 796,194 798,194 799,194 801,194 804,194 806,194
west_east_paths 175,199 178,199 180,199 183,199 187,199 188,199 190,199 191,199 193,199 196,199 197,199 198,199 200,199 201,199 203,199 205,199 206,199 208,199
west_east_paths 1,200 2,200 3,200 4,200 5,200 6,200 7,200 8,200 9,200 10,200 11,200 12,200 13,200 14,200 15,200 16,200 17,200 18,200 19,200 20,200 21,200 22,200 23,200 24,200 25,200 26,200 27,200 28,200 29,200 30,200 31,200 32,200 33,200 34,200 35,200 36,200 37,200 38,200 39,200 40,200
west_east_paths 41,200 42,200 43,200 44,200 45,200 46,200 47,200 48,200 49,200 50,200 51,200 52,200 53,200 54,200 55,200 56,200 57,200 58,200 59,200 60,200 61,200 62,200 63,200 64,200 65,200 66,200 67,200 68,200 69,200 70,200 71,200 72,200 73,200 74,200 75,200 76,200 77,200 78,200 79,200 80,200
west_east_paths 81,200 82,200 83,200 84,200 85,200 86,200 87,200 88,200 89,200 90,200 91,200 92,200 93,200 94,200 95,200 96,200 97,200 98,200 99,200 100,200 101,200 102,200 103,200 104,200 105,200 106,200 107,200 108,200 109,200 110,200 111,200 112,200 113,200 114,200 115,200 116,200 117,200 118,200 119,200 120,200
west_east_paths 121,200 122,200 123,200 124,200 125,200 126,200 127,200 128,200 129,200 130,200 131,200 132,200 133,200 134,200 135,200 136,200 137,200 138,200 139,200 140,200 141,200 142,200 143,200 144,200 145,200 146,200 147,200 148,200 149,200 150,200 151,200 152,200 153,200 154,200 155,200 156,200 157,200 158,200 159,200 160,200
west_east_paths 161,200 162,200 163,200 164,200 165,200 166,200 167,200 168,200 169,200 170,200 171,200 172,200 173,200 174,200 175,200 176,200 177,200 178,200 179,200 180,200 181,200 182,200 183,200 184,200 185,200 186,200 187,200 188,200 189,200 190,200 191,200 192,200 193,200 194,200 195,200 196,200 197,200 198,200 199,200 200,200
west_east_paths 201,200 202,200 203,200 204,200 205,200 206,200 207,200 208,200 209,200 210,200 211,200 212,200 213,200 214,200 215,200 216,200 217,200 218,200 219,200 220,200 221,200 222,200 223,200 224,200 225,200 226,200 227,200 228,200 229,200 230,200 231,200 232,200 233,200 234,200 235,200 236,200 237,200 238,200 239,200 240,200
west_east_paths 241,200 242,200 243,200 244,200 245,200 246,200 247,200 248,200 249,200 250,200 251,200 252,200 253,200 254,200 255,200 256,200 257,200 258,200 259,200 260,200 261,200 262,200 263,200 264,200 265,200 266,200 267,200 268,200 269,200 270,200 271,200 272,200 273,200 274,200 275,200 276,200 277,200 278,200 279,200 280,200
west_east_paths 281,200 282,200 283,200 284,200 285,200 286,200 287,200 288,200 289,200 290,200 291,200 292,200 293,200 294,200 295,200 296,200 297,200 298,200 299,200 300,200 301,200 302,200 303,200 304,200 305,200 306,200 307,200 308,200 309,200 310,200 311,200 312,200 313,200 314,200 315,200 316,200 317,200 318,200 319,200 320,200
west_east_paths 321,200 322,200 323,200 324,200 325,200 326,200 327,200 328,200 329,200 330,200 331,200 332,200 333,200 334,200 335,200 336,200 337,200 338,200 339,200 340,200 341,200 342,200 343,200 344,200 345,200 346,200 347,200 348,200 349,200 350,200 351,200 352,200 353,200 354,200 355,200 356,200 357,200 358,200 359,200 360,200
west_east_paths 361,200 362,200 363,200 364,200 365,200 366,200 367,200 368,200 369,200 370,200 371,200 372,200 373,200 374,200 375,200 376,200 377,200 378,200 379,200 380,200 381,200 382,200 383,200 384,200 385,200 386,200 387,200 388,200 389,200 390,200 391,200 392,200 393,200 394,200 395,200 396,200 397,200 398,200 399,200 400,200
west_east_paths 401,200 402,200 403,200 404,200 405,200 406,200 407,200 408,200 409,200 410,200 411,200 412,200 413,200 414,200 415,200 416,200 417,200 418,200 419,200 420,200 421,200 422,200 423,200 424,200 425,200 426,200 427,200 428,200 429,200 430,200 431,200 432,200 433,200 434,200 435,200 436,200 437,200 438,200 439,200 440,200
west_east_paths 441,200 442,200 443,200 444,200 445,200 446,200 447,200 448,200 449,200 450,200 451,200 452,200 453,200 454,200 455,200 456,200 457,200 458,200 459,200 460,200 461,200 462,200 463,200 464,200 465,200 466,200 467,200 468,200 469,200 470,200 471,200 472,200 473,200 474,200 475,200 476,200 477,200 478,200 479,200 480,200
west_east_paths 481,200 482,200 483,200 484,200 485,200 486,200 487,200 488,200 489,200 490,200 491,200 492,200 493,200 494,200 495,200 496,200 497,200 498,200 499,200 500,200 501,200 502,200 503,200 504,200 505,200 506,200 507,200 508,200 509,200 510,200 511,200 512,200 513,200 514,200 515,200 516,200 517,200 518,200 519,200 520,200
west_east_paths 521,200 522,200 523,200 524,200 525,200 526,200 527,200 528,200 529,200 530,200 531,200 532,200 533,200 534,200 535,200 536,200 537,200 538,200 539,200 540,200 541,200 542,200 543,200 544,200 545,200 546,200 547,200 548,200 549,200 550,200 551,200 552,200 553,200 554,200 555,200 556,200 557,200 558,200 559,200 560,200
west_east_paths 561,200 562,200 563,200 564,200 565,200 566,200 567,200 568,200 569,200 570,200 571,200 572,200 573,200 574,200 575,200 576,200 577,200 578,200 579,200 580,200 581,200 582,200 583,200 584,200 585,200 586,200 587,200 588,200 589,200 590,200 591,200 592,200 593,200 594,200 595,200 596,200 597,200 598,200 599,200 600,200
west_east_paths 601,200 602,200 603,200 604,200 605,200 606,200 607,200 608,200 609,200 610,200 611,200 612,200 613,200 614,200 615,200 616,200 617,200 618,200 619,200 620,200 621,200 622,200 623,200 624,200 625,200 626,200 627,200 628,200 629,200 630,200 631,200 632,200 633,200 634,200 635,200 636,200 637,200 638,200 639,200 640,200
west_east_paths 641,200 642,200 643,200 644,200 645,200 646,200 647,200 648,200 649,200 650,200 651,200 652,200 653,200 654,200 655,200 656,200 657,200 658,200 659,200 660,200 661,200 662,200 663,200 664,200 665,200 666,200 667,200 668,200 669,200 670,200 671,200 672,200 673,200 674,200 675,200 676,200 677,200 678,200 679,200 680,200
west_east_paths 681,200 682,200 683,200 684,200 685,200 686,200 687,200 688,200 689,200 690,200 691,200 692,200 693,200 694,200 695,200 696,200 697,200 698,200 699,200 700,200 701,200 702,200 703,200 704,200 705,200 706,200 707,200 708,200 709,200 710,200 711,200 712,200 713,200 714,200 715,200 716,200 717,200 718,200 719,200 720,200
west_east_paths 721,200 722,200 723,200 724,200 725,200 726,200 727,200 728,200 729,200 730,200 731,200 732,200 733,200 734,200 735,200 736,200 737,200 738,200 739,200 740,200 741,200 742,200 743,200 744,200 745,200 746,200 747,200 748,200 749,200 750,200 751,200 752,200 753,200 754,200 755,200 756,200 757,200 758,200 759,200 760,200
west_east_paths 761,200 762,200 763,200 764,200 765,200 766,200 767,200 768,200 769,200 770,200 771,200 772,200 773,200 774,200 775,200 776,200 777,200 778,200 779,200 780,200 781,200 782,200 783,200 784,200 785,200 786,200 787,200 788,200 789,200 790,200 791,200 792,200 793,200 794,200 795,200 796,200 797,200 798,200 799,200 800,200
west_east_paths 801,200 802,200 803,200 804,200 805,200 806,200 807,200 808,200 809,200 810,200 811,200 812,200 813,200 814,200 815,200 816,200 817,200 818,200 819,200 820,200 821,200 822,200 823,200 824,200 825,200 826,200 827,200 828,200 829,200 830,200 831,200 832,200 833,200 834,200 835,200 836,200 837,200 838,200 839,200 840,200
west_east_paths 841,200 842,200 843,200 844,200 845,200 846,200 847,200 848,200 849,200 850,200 851,200 852,200 853,200 854,200 855,200 856,200 857,200 858,200 859,200 860,200 861,200 862,200 863,200 864,200 865,200 866,200 867,200 868,200 869,200 870,200 871,200 872,200 873,200 874,200 875,200 876,200 877,200 878,200 879,200 880,200
west_east_paths 881,200 882,200 883,200 884,200 885,200 886,200 887,200 888,200 889,200 890,200 891,200 892,200 893,200 894,200 895,200 896,200 897,200 898,200 899,200 900,200 901,200 902,200 903,200 904,200 905,200 906,200 907,200 908,200 909,200 910,200 911,200 912,200 913,200 914,200 915,200 916,200 917,200 918,200 919,200 920,200
west_east_paths 921,200 922,200 923,200 924,200 925,200 926,200 927,200 928,200 929,200 930,200 931,200 932,200 933,200 934,200 935,200 936,200 937,200 938,200 939,200 940,200 941,200 942,200 943,200 944,200 945,200 946,200 947,200 948,200 949,200 950,200 951,200 952,200 953,200 954,200 955,200 956,200 957,200 958,200 959,200 960,200
west_east_paths 961,200 962,200 963,200 964,200 965,200 966,200 967,200 968,200 969,200 970,200 971,200 972,200 973,200 974,200 975,200 976,200 977,200 978,200 979,200 980,200 981,200 982,200 983,200 984,200 985,200 986,200 987,200 988,200 989,200 990,200 991,200 992,200 993,200 994,200 995,200 996,200 997,200 998,200 999,200
west_east_paths 484,202 487,202 488,202 490,202 491,202 493,202
west_east_paths 316,204 321,204 322,204 324,204 325,204 326,204 327,204
west_east_paths 174,205 177,205 178,205 179,205 180,205 182,205 185,205 190,205 192,205 193,205 195,205 196,205 197,205 198,205 200,205 201,205 203,205 208,205 209,205 211,205 212,205 213,205
west_east_paths 92,206 95,206 99,206 100,206 101,206 102,206 104,206 105,206 107,206 108,206 109,206
west_east_paths 747,218 748,218 752,218 753,218 754,218 755,218 756,218 761,218 762,218 763,218 764,218 765,218 766,218 767,218 770,218 773,218 775,218 776,218 778,218 779,218 781,218 782,218 790,218 791,218 792,218 793,218 799,218 800,218 801,218 804,218
west_east_paths 698,219 700,219 703,219 704,219 705,219 706,219 708,219 709,219 712,219 713,219 715,219 716,219 719,219 724,219 725,219 727,219
west_east_paths 516,222 518,222 519,222 521,222 522,222 525,222 547,222 548,222 549,222 550,222 551,222 552,222 553,222 554,222 555,222 560,222 561,222 562,222 563,222 564,222 574,222
west_east_paths 514,226 515,226 516,226 519,226 523,226 524,226 526,226 528,226 529,226 531,226 534,226 535,226 536,226 538,226 539,226
west_east_paths 306,228 307,228 308,228 309,228 310,228 311,228
west_east_paths 951,234 952,234 953,234 959,234 964,234 966,234 967,234 968,234 970,234 971,234 973,234 976,234 977,234 978,234 980,234 983,234 987,234 989,234 990,234 991,234 992,234 994,234 995,234 996,234 997,234 998,234
west_east_paths 265,236 266,236 267,236
west_east_paths 188,238 190,238 192,238 193,238 194,238 195,238 196,238 199,238 200,238 201,238 207,238 209,238
west_east_paths 265,247 266,247 270,247 271,247 272,247 276,247 277,247 283,247 284,247 285,247 288,247 289,247 290,247 291,247 292,247 295,247 296,247 297,247 301,247 302,247 303,247 306,247 307,247 308,247 309,247 310,247 311,247
west_east_paths 93,248 98,248 99,248 102,248 103,248 104,248 106,248 107,248 111,248 112,248 115,248 116,248 117,248 118,248
west_east_paths 72,261 75,261 77,261 81,261 83,261 84,261 86,261 87,261 88,261 90,261 92,261 93,261 209,261 211,261 213,261 214,261 215,261 218,261 220,261 221,261 227,261 228,261 229,261 231,261 237,261 238,261 240,261 241,261 242,261 243,261 244,261 246,261 250,261 251,261 252,261 253,261 254,261 257,261 259,261 260,261
west_east_paths 264,261 266,261
west_east_paths 803,264 805,264 807,264 808,264 810,264 812,264
west_east_paths 81,270 83,270 84,270 88,270 90,270 92,270 94,270 95,270 96,270 97,270 101,270 103,270 105,270 107,270 108,270 109,270 112,270
west_east_paths 379,271 381,271 382,271 383,271 385,271 386,271 390,271
west_east_paths 753,281 755,281 758,281 760,281 764,281 766,281 768,281 772,281 778,281 779,281 781,281 782,281 783,281 784,281 785,281 787,281 788,281 789,281 791,281 793,281 795,281 796,281 797,281 799,281 801,281 802,281 804,281
west_east_paths 319,294 322,294 324,294 325,294 328,294 330,294 331,294 333,294 334,294 335,294 337,294 338,294 342,294 345,294 347,294 348,294 351,294 353,294 354,294
west_east_paths 1,300 2,300 3,300 4,300 5,300 6,300 7,300 8,300 9,300 10,300 11,300 12,300 13,300 14,300 15,300 16,300 17,300 18,300 19,300 20,300 21,300 22,300 23,300 24,300 25,300 26,300 27,300 28,300 29,300 30,300 31,300 32,300 33,300 34,300 35,300 36,300 37,300 38,300 39,300 40,300
west_east_paths 41,300 42,300 43,300 44,300 45,300 46,300 47,300 48,300 49,300 50,300 51,300 52,300 53,300 54,300 55,300 56,300 57,300 58,300 59,300 60,300 61,300 62,300 63,300 64,300 65,300 66,300 67,300 68,300 69,300 70,300 71,300 72,300 73,300 74,300 75,300 76,300 77,300 78,300 79,300 80,300
west_east_paths 81,300 82,300 83,300 84,300 85,300 86,300 87,300 88,300 89,300 90,300 91,300 92,300 93,300 94,300 95,300 96,300 97,300 98,300 99,300 100,300 101,300 102,300 103,300 104,300 105,300 106,300 107,300 108,300 109,300 110,300 111,300 112,300 113,300 114,300 115,300 116,300 117,300 118,300 119,300 120,300
west_east_paths 121,300 122,300 123,300 124,300 125,300 126,300 127,300 128,300 129,300 130,300 131,300 132,300 133,300 134,300 135,300 136,300 137,300 138,300 139,300 140,300 141,300 142,300 143,300 144,300 145,300 146,300 147,300 148,300 149,300 150,300 151,300 152,300 153,300 154,300 155,300 156,300 157,300 158,300 159,300 160,300
west_east_paths 161,300 162,300 163,300 164,300 165,300 166,300 167,300 168,300 169,300 170,300 171,300 172,300 173,300 174,300 175,300 176,300 177,300 178,300 179,300 180,300 181,300 182,300 183,300 184,300 185,300 186,300 187,300 188,300 189,300 190,300 191,300 192,300 193,300 194,300 195,300 196,300 197,300 198,300 199,300 200,300
west_east_paths 201,300 202,300 203,300 204,300 205,300 206,300 207,300 208,300 209,300 210,300 211,300 212,300 213,300 214,300 215,300 216,300 217,300 218,300 219,300 220,300 221,300 222,300 223,300 224,300 225,300 226,300 227,300 228,300 229,300 230,300 231,300 232,300 233,300 234,300 235,300 236,300 237,300 238,300 239,300 240,300
west_east_paths 241,300 242,300 243,300 244,300 245,300 246,300 247,300 248,300 249,300 250,300 251,300 252,300 253,300 254,300 255,300 256,300 257,300 258,300 259,300 260,300 261,300 262,300 263,300 264,300 265,300 266,300 267,300 268,300 269,300 270,300 271,300 272,300 273,300 274,300 275,300 276,300 277,300 278,300 279,300 280,300
west_east_paths 281,300 282,300 283,300 284,300 285,300 286,300 287,300 288,300 289,300 290,300 291,300 292,300 293,300 294,300 295,300 296,300 297,300 298,300 299,300 300,300 301,300 302,300 303,300 304,300 305,300 306,300 307,300 308,300 309,300 310,300 311,300 312,300 313,300 314,300 315,300 316,300 317,300 318,300 319,300 320,300
west_east_paths 321,300 322,300 323,300 324,300 325,300 326,300 327,300 328,300 329,300 330,300 331,300 332,300 333,300 334,300 335,300 336,300 337,300 338,300 339,300 340,300 341,300 342,300 343,300 344,300 345,300 346,300 347,300 348,300 349,300 350,300 351,300 352,300 353,300 354,300 355,300 356,300 357,300 358,300 359,300 360,300
west_east_paths 361,300 362,300 363,300 364,300 365,300 366,300 367,300 368,300 369,300 370,300 371,300 372,300 373,300 374,300 375,300 376,300 377,300 378,300 379,300 380,300 381,300 382,300 383,300 384,300 385,300 386,300 387,300 388,300 389,300 390,300 391,300 392,300 393,300 394,300 395,300 396,300 397,300 398,300 399,300 400,300
west_east_paths 401,300 402,300 403,300 404,300 405,300 406,300 407,300 408,300 409,300 410,300 411,300 412,300 413,300 414,300 415,300 416,300 417,300 418,300 419,300 420,300 421,300 422,300 423,300 424,300 425,300 426,300 427,300 428,300 429,300 430,300 431,300 432,300 433,300 434,300 435,300 436,300 437,300 438,300 439,300 440,300
west_east_paths 441,300 442,300 443,300 444,300 445,300 446,300 447,300 448,300 449,300 450,300 451,300 452,300 453,300 454,300 455,300 456,300 457,300 458,300 459,300 460,300 461,300 462,300 463,300 464,300 465,300 466,300 467,300 468,300 469,300 470,300 471,300 472,300 473,300 474,300 475,300 476,300 477,300 478,300 479,300 480,300
west_east_paths 481,300 482,300 483,300 484,300 485,300 486,300 487,300 488,300 489,300 490,300 491,300 492,300 493,300 494,300 495,300 496,300 497,300 498,300 499,300 500,300 501,300 502,300 503,300 504,300 505,300 506,300 507,300 508,300 509,300 510,300 511,300 512,300 513,300 514,300 515,300 516,300 517,300 518,300 519,300 520,300
west_east_paths 521,300 522,300 523,300 524,300 525,300 526,300 527,300 528,300 529,300 530,300 531,300 532,300 533,300 534,300 535,300 536,300 537,300 538,300 539,300 540,300 541,300 542,300 543,300 544,300 545,300 546,300 547,300 548,300 549,300 550,300 551,300 552,300 553,300 554,300 555,300 556,300 557,300 558,300 559,300 560,300
west_east_paths 561,300 562,300 563,300 564,300 565,300 566,300 567,300 568,300 569,300 570,300 571,300 572,300 573,300 574,300 575,300 576,300 577,300 578,300 579,300 580,300 581,300 582,300 583,300 584,300 585,300 586,300 587,300 588,300 589,300 590,300 591,300 592,300 593,300 594,300 595,300 596,300 597,300 598,300 599,300 600,300
west_east_paths 601,300 602,300 603,300 604,300 605,300 606,300 607,300 608,300 609,300 610,300 611,300 612,300 613,300 614,300 615,300 616,300 617,300 618,300 619,300 620,300 621,300 622,300 623,300 624,300 625,300 626,300 627,300 628,300 629,300 630,300 631,300 632,300 633,300 634,300 635,300 636,300 637,300 638,300 639,300 640,300
west_east_paths 641,300 642,300 643,300 644,300 645,300 646,300 647,300 648,300 649,300 650,300 651,300 652,300 653,300 654,300 655,300 656,300 657,300 658,300 659,300 660,300 661,300 662,300 663,300 664,300 665,300 666,300 667,300 668,300 669,300 670,300 671,300 672,300 673,300 674,300 675,300 676,300 677,300 678,300 679,300 680,300
west_east_paths 681,300 682,300 683,300 684,300 685,300 686,300 687,300 688,300 689,300 690,300 691,300 692,300 693,300 694,300 695,300 696,300 697,300 698,300 699,300 700,300 701,300 702,300 703,300 704,300 705,300 706,300 707,300 708,300 709,300 710,300 711,300 712,300 713,300 714,300 715,300 716,300 717,300 718,300 719,300 720,300
west_east_paths 721,300 722,300 723,300 724,300 725,300 726,300 727,300 728,300 729,300 730,300 731,300 732,300 733,300 734,300 735,300 736,300 737,300 738,300 739,300 740,300 741,300 742,300 743,300 744,300 745,300 746,300 747,300 748,300 749,300 750,300 751,300 752,300 753,300 754,300 755,300 756,300 757,300 758,300 759,300 760,300
west_east_paths 761,300 762,300 763,300 764,300 765,300 766,300 767,300 768,300 769,300 770,300 771,300 772,300 773,300 774,300 775,300 776,300 777,300 778,300 779,300 780,300 781,300 782,300 783,300 784,300 785,300 786,300 787,300 788,300 789,300 790,300 791,300 792,300 793,300 794,300 795,300 796,300 797,300 798,300 799,300 800,300
west_east_paths 801,300 802,300 803,300 804,300 805,300 806,300 807,300 808,300 809,300 810,300 811,300 812,300 813,300 814,300 815,300 816,300 817,300 818,300 819,300 820,300 821,300 822,300 823,300 824,300 825,300 826,300 827,300 828,300 829,300 830,300 831,300 832,300 833,300 834,300 835,300 836,300 837,300 838,300 839,300 840,300
west_east_paths 841,300 842,300 843,300 844,300 845,300 846,300 847,300 848,300 849,300 850,300 851,300 852,300 853,300 854,300 855,300 856,300 857,300 858,300 859,300 860,300 861,300 862,300 863,300 864,300 865,300 866,300 867,300 868,300 869,300 870,300 871,300 872,300 873,300 874,300 875,300 876,300 877,300 878,300 879,300 880,300
west_east_paths 881,300 882,300 883,300 884,300 885,300 886,300 887,300 888,300 889,300 890,300 891,300 892,300 893,300 894,300 895,300 896,300 897,300 898,300 899,300 900,300 901,300 902,300 903,300 904,300 905,300 906,300 907,300 908,300 909,300 910,300 911,300 912,300 913,300 914,300 915,300 916,300 917,300 918,300 919,300 920,300
west_east_paths 921,300 922,300 923,300 924,300 925,300 926,300 927,300 928,300 929,300 930,300 931,300 932,300 933,300 934,300 935,300 936,300 937,300 938,300 939,300 940,300 941,300 942,300 943,300 944,300 945,300 946,300 947,300 948,300 949,300 950,300 951,300 952,300 953,300 954,300 955,300 956,300 957,300 958,300 959,300 960,300
west_east_paths 961,300 962,300 963,300 964,300 965,300 966,300 967,300 968,300 969,300 970,300 971,300 972,300 973,300 974,300 975,300 976,300 977,300 978,300 979,300 980,300 981,300 982,300 983,300 984,300 985,300 986,300 987,300 988,300 989,300 990,300 991,300 992,300 993,300 994,300 995,300 996,300 997,300 998,300 999,300
west_east_paths 657,303 661,303 662,303 663,303 667,303 668,303 669,303 671,303 672,303 674,303 678,303 679,303 680,303 684,303 685,303 686,303
west_east_paths 163,307 166,307 167,307 169,307 170,307 174,307 175,307 176,307 177,307 178,307 179,307 180,307 182,307 183,307 191,307 192,307 193,307 196,307 199,307 200,307
west_east_paths 252,308 254,308 257,308 258,308 261,308 264,308 265,308 267,308 271,308 272,308 273,308 274,308 275,308 277,308 278,308 284,308 285,308 286,308 288,308 291,308 292,308 294,308 295,308 298,308 299,308 301,308 303,308 304,308 305,308
west_east_paths 620,317 621,317 624,317 625,317 626,317 627,317 631,317 632,317
west_east_paths 460,334 461,334 462,334 466,334 469,334 470,334 471,334 473,334 475,334 479,334 480,334 482,334 483,334 484,334 486,334 488,334 492,334 493,334 495,334 496,334 497,334 501,334 502,334 503,334
west_east_paths 563,348 566,348 568,348 571,348 572,348 573,348 575,348 576,348 580,348 581,348 583,348 585,348 586,348 588,348 589,348 590,348 591,348
west_east_paths 814,351 816,351 818,351 819,351 820,351 822,351 823,351 827,351 829,351
west_east_paths 248,361 249,361 251,361 252,361 253,361 254,361 255,361
west_east_paths 666,362 668,362 670,362 672,362 675,362 676,362 677,362 680,362 683,362 684,362 685,362 687,362 688,362 692,362 693,362 695,362 697,362 699,362
west_east_paths 9,363 12,363 13,363 14,363 16,363 17,363
west_east_paths 213,377 214,377 217,377 220,377 221,377 222,377 225,377 226,377 228,377 229,377
west_east_paths 178,382 182,382 183,382 186,382 188,382 189,382 190,382 192,382 195,382 196,382 198,382 200,382 201,382 202,382 203,382 207,382 209,382 212,382 213,382 215,382 219,382 221,382 222,382 225,382 226,382 227,382 809,382 811,382 816,382 817,382 819,382 823,382 825,382 826,382 828,382 829,382 830,382 832,382 835,382 836,382
west_east_paths 837,382 838,382 840,382 842,382 843,382 844,382
west_east_paths 287,385 288,385 289,385 294,385 297,385 298,385 299,385 300,385 302,385 303,385 306,385 309,385 310,385 311,385 313,385 314,385 317,385 322,385 323,385 325,385 326,385 327,385 328,385
west_east_paths 429,390 430,390 431,390 436,390 439,390 440,390 441,390 443,390 444,390 445,390 446,390 450,390 451,390
west_east_paths 249,391 250,391 251,391 256,391 259,391 260,391 261,391 263,391 266,391 267,391 268,391 270,391 271,391 273,391 277,391 278,391 280,391 284,391 285,391 287,391 288,391 289,391 290,391
west_east_paths 906,395 907,395 910,395 911,395 913,395 914,395 915,395 916,395 919,395 921,395 922,395 923,395 926,395 928,395 929,395 934,395 937,395 938,395 941,395 942,395
west_east_paths 1,400 2,400 3,400 4,400 5,400 6,400 7,400 8,400 9,400 10,400 11,400 12,400 13,400 14,400 15,400 16,400 17,400 18,400 19,400 20,400 21,400 22,400 23,400 24,400 25,400 26,400 27,400 28,400 29,400 30,400 31,400 32,400 33,400 34,400 35,400 36,400 37,400 38,400 39,400 40,400
west_east_paths 41,400 42,400 43,400 44,400 45,400 46,400 47,400 48,400 49,400 50,400 51,400 52,400 53,400 54,400 55,400 56,400 57,400 58,400 59,400 60,400 61,400 62,400 63,400 64,400 65,400 66,400 67,400 68,400 69,400 70,400 71,400 72,400 73,400 74,400 75,400 76,400 77,400 78,400 79,400 80,400
west_east_paths 81,400 82,400 83,400 84,400 85,400 86,400 87,400 88,400 89,400 90,400 91,400 92,400 93,400 94,400 95,400 96,400 97,400 98,400 99,400 100,400 101,400 102,400 103,400 104,400 105,400 106,400 107,400 108,400 109,400 110,400 111,400 112,400 113,400 114,400 115,400 116,400 117,400 118,400 119,400 120,400
west_east_paths 121,400 122,400 123,400 124,400 125,400 126,400 127,400 128,400 129,400 130,400 131,400 132,400 133,400 134,400 135,400 136,400 137,400 138,400 139,400 140,400 141,400 142,400 143,400 144,400 145,400 146,400 147,400 148,400 149,400 150,400 151,400 152,400 153,400 154,400 155,400 156,400 157,400 158,400 159,400 160,400
west_east_paths 161,400 162,400 163,400 164,400 165,400 166,400 167,400 168,400 169,400 170,400 171,400 172,400 173,400 174,400 175,400 176,400 177,400 178,400 179,400 180,400 181,400 182,400 183,400 184,400 185,400 186,400 187,400 188,400 189,400 190,400 191,400 192,400 193,400 194,400 195,400 196,400 197,400 198,400 199,400 200,400
west_east_paths 201,400 202,400 203,400 204,400 205,400 206,400 207,400 208,400 209,400 210,400 211,400 212,400 213,400 214,400 215,400 216,400 217,400 218,400 219,400 220,400 221,400 222,400 223,400 224,400 225,400 226,400 227,400 228,400 229,400 230,400 231,400 232,400 233,400 234,400 235,400 236,400 237,400 238,400 239,400 240,400
west_east_paths 241,400 242,400 243,400 244,400 245,400 246,400 247,400 248,400 249,400 250,400 251,400 252,400 253,400 254,400 255,400 256,400 257,400 258,400 259,400 260,400 261,400 262,400 263,400 264,400 265,400 266,400 267,400 268,400 269,400 270,400 271,400 272,400 273,400 274,400 275,400 276,400 277,400 278,400 279,400 280,400
west_east_paths 281,400 282,400 283,400 284,400 285,400 286,400 287,400 288,400 289,400 290,400 291,400 292,400 293,400 294,400 295,400 296,400 297,400 298,400 299,400 300,400 301,400 302,400 303,400 304,400 305,400 306,400 307,400 308,400 309,400 310,400 311,400 312,400 313,400 314,400 315,400 316,400 317,400 318,400 319,400 320,400
west_east_paths 321,400 322,400 323,400 324,400 325,400 326,400 327,400 328,400 329,400 330,400 331,400 332,400 333,400 334,400 335,400 336,400 337,400 338,400 339,400 340,400 341,400 342,400 343,400 344,400 345,400 346,400 347,400 348,400 349,400 350,400 351,400 352,400 353,400 354,400 355,400 356,400 357,400 358,400 359,400 360,400
west_east_paths 361,400 362,400 363,400 364,400 365,400 366,400 367,400 368,400 369,400 370,400 371,400 372,400 373,400 374,400 375,400 376,400 377,400 378,400 379,400 380,400 381,400 382,400 383,400 384,400 385,400 386,400 387,400 388,400 389,400 390,400 391,400 392,400 393,400 394,400 395,400 396,400 397,400 398,400 399,400 400,400
west_east_paths 401,400 402,400 403,400 404,400 405,400 406,400 407,400 408,400 409,400 410,400 411,400 412,400 413,400 414,400 415,400 416,400 417,400 418,400 419,400 420,400 421,400 422,400 423,400 424,400 425,400 426,400 427,400 428,400 429,400 430,400 431,400 432,400 433,400 434,400 435,400 436,400 437,400 438,400 439,400 440,400
west_east_paths 441,400 442,400 443,400 444,400 445,400 446,400 447,400 448,400 449,400 450,400 451,400 452,400 453,400 454,400 455,400 456,400 457,400 458,400 459,400 460,400 461,400 462,400 463,400 464,400 465,400 466,400 467,400 468,400 469,400 470,400 471,400 472,400 473,400 474,400 475,400 476,400 477,400 478,400 479,400 480,400
west_east_paths 481,400 482,400 483,400 484,400 485,400 486,400 487,400 488,400 489,400 490,400 491,400 492,400 493,400 494,400 495,400 496,400 497,400 498,400 499,400 500,400 501,400 502,400 503,400 504,400 505,400 506,400 507,400 508,400 509,400 510,400 511,400 512,400 513,400 514,400 515,400 516,400 517,400 518,400 519,400 520,400
west_east_paths 521,400 522,400 523,400 524,400 525,400 526,400 527,400 528,400 529,400 530,400 531,400 532,400 533,400 534,400 535,400 536,400 537,400 538,400 539,400 540,400 541,400 542,400 543,400 544,400 545,400 546,400 547,400 548,400 549,400 550,400 551,400 552,400 553,400 554,400 555,400 556,400 557,400 558,400 559,400 560,400
west_east_paths 561,400 562,400 563,400 564,400 565,400 566,400 567,400 568,400 569,400 570,400 571,400 572,400 573,400 574,400 575,400 576,400 577,400 578,400 579,400 580,400 581,400 582,400 583,400 584,400 585,400 586,400 587,400 588,400 589,400 590,400 591,400 592,400 593,400 594,400 595,400 596,400 597,400 598,400 599,400 600,400
west_east_paths 601,400 602,400 603,400 604,400 605,400 606,400 607,400 608,400 609,400 610,400 611,400 612,400 613,400 614,400 615,400 616,400 617,400 618,400 619,400 620,400 621,400 622,400 623,400 624,400 625,400 626,400 627,400 628,400 629,400 630,400 631,400 632,400 633,400 634,400 635,400 636,400 637,400 638,400 639,400 640,400
west_east_paths 641,400 642,400 643,400 644,400 645,400 646,400 647,400 648,400 649,400 650,400 651,400 652,400 653,400 654,400 655,400 656,400 657,400 658,400 659,400 660,400 661,400 662,400 663,400 664,400 665,400 666,400 667,400 668,400 669,400 670,400 671,400 672,400 673,400 674,400 675,400 676,400 677,400 678,400 679,400 680,400
west_east_paths 681,400 682,400 683,400 684,400 685,400 686,400 687,400 688,400 689,400 690,400 691,400 692,400 693,400 694,400 695,400 696,400 697,400 698,400 699,400 700,400 701,400 702,400 703,400 704,400 705,400 706,400 707,400 708,400 709,400 710,400 711,400 712,400 713,400 714,400 715,400 716,400 717,400 718,400 719,400 720,400
west_east_paths 721,400 722,400 723,400 724,400 725,400 726,400 727,400 728,400 729,400 730,400 731,400 732,400 733,400 734,400 735,400 736,400 737,400 738,400 739,400 740,400 741,400 742,400 743,400 744,400 745,400 746,400 747,400 748,400 749,400 750,400 751,400 752,400 753,400 754,400 755,400 756,400 757,400 758,400 759,400 760,400
west_east_paths 761,400 762,400 763,400 764,400 765,400 766,400 767,400 768,400 769,400 770,400 771,400 772,400 773,400 774,400 775,400 776,400 777,400 778,400 779,400 780,400 781,400 782,400 783,400 784,400 785,400 786,400 787,400 788,400 789,400 790,400 791,400 792,400 793,400 794,400 795,400 796,400 797,400 798,400 799,400 800,400
west_east_paths 801,400 802,400 803,400 804,400 805,400 806,400 807,400 808,400 809,400 810,400 811,400 812,400 813,400 814,400 815,400 816,400 817,400 818,400 819,400 820,400 821,400 822,400 823,400 824,400 825,400 826,400 827,400 828,400 829,400 830,400 831,400 832,400 833,400 834,400 835,400 836,400 837,400 838,400 839,400 840,400
west_east_paths 841,400 842,400 843,400 844,400 845,400 846,400 847,400 848,400 849,400 850,400 851,400 852,400 853,400 854,400 855,400 856,400 857,400 858,400 859,400 860,400 861,400 862,400 863,400 864,400 865,400 866,400 867,400 868,400 869,400 870,400 871,400 872,400 873,400 874,400 875,400 876,400 877,400 878,400 879,400 880,400
west_east_paths 881,400 882,400 883,400 884,400 885,400 886,400 887,400 888,400 889,400 890,400 891,400 892,400 893,400 894,400 895,400 896,400 897,400 898,400 899,400 900,400 901,400 902,400 903,400 904,400 905,400 906,400 907,400 908,400 909,400 910,400 911,400 912,400 913,400 914,400 915,400 916,400 917,400 918,400 919,400 920,400
west_east_paths 921,400 922,400 923,400 924,400 925,400 926,400 927,400 928,400 929,400 930,400 931,400 932,400 933,400 934,400 935,400 936,400 937,400 938,400 939,400 940,400 941,400 942,400 943,400 944,400 945,400 946,400 947,400 948,400 949,400 950,400 951,400 952,400 953,400 954,400 955,400 956,400 957,400 958,400 959,400 960,400
west_east_paths 961,400 962,400 963,400 964,400 965,400 966,400 967,400 968,400 969,400 970,400 971,400 972,400 973,400 974,400 975,400 976,400 977,400 978,400 979,400 980,400 981,400 982,400 983,400 984,400 985,400 986,400 987,400 988,400 989,400 990,400 991,400 992,400 993,400 994,400 995,400 996,400 997,400 998,400 999,400
west_east_paths 961,406 964,406 971,406 972,406 973,406 977,406 978,406 979,406 980,406 984,406 985,406 986,406 987,406 988,406 989,406 991,406 992,406 994,406
west_east_paths 847,408 849,408 850,408 854,408 858,408 859,408 861,408 862,408 864,408 865,408 869,408 873,408 874,408 875,408 876,408 878,408 879,408 880,408 883,408 886,408 889,408 890,408 891,408 893,408 894,408 895,408 898,408 900,408
west_east_paths 38,412 40,412 41,412 43,412 46,412 47,412 49,412 50,412 54,412 57,412 58,412 59,412 61,412 62,412 63,412 66,412 69,412 70,412 72,412 75,412
west_east_paths 954,413 956,413 957,413 959,413 960,413
west_east_paths 718,415 721,415 722,415 723,415 726,415 731,415 732,415 734,415 735,415 736,415 737,415 739,415 740,415 744,415 745,415
west_east_paths 858,427 859,427 863,427 865,427 869,427 870,427 872,427 874,427 875,427 877,427 880,427 881,427 882,427 884,427 886,427 887,427 888,427 891,427
west_east_paths 67,430 68,430 69,430 73,430 74,430 75,430 81,430 83,430 85,430 86,430 88,430 91,430 92,430 94,430 95,430 98,430 99,430 101,430 104,430 106,430 108,430 109,430 110,430 111,430 112,430 116,430 117,430 118,430
west_east_paths 122,431 123,431 124,431 126,431 130,431 132,431 133,431 134,431 136,431 137,431 140,431 141,431 142,431 145,431 146,431 149,431 153,431 155,431 156,431 157,431 159,431 163,431
west_east_paths 548,435 550,435 551,435 552,435 553,435 554,435 556,435 557,435 561,435 562,435 563,435 567,435 570,435 571,435 572,435 573,435 575,435 576,435 581,435 582,435 584,435 585,435 586,435 590,435 591,435 592,435 595,435 601,435 603,435 754,435 755,435 761,435 764,435 765,435 766,435 767,435 772,435 774,435 775,435 777,435
west_east_paths 778,435 781,435 783,435 784,435 785,435 786,435 791,435 792,435 794,435 795,435 796,435 797,435 798,435
west_east_paths 298,439 299,439 301,439 303,439 304,439 305,439 308,439 309,439 314,439 315,439 316,439 317,439 318,439 321,439 322,439 326,439 328,439
west_east_paths 782,447 785,447 787,447 788,447 790,447 792,447 793,447 795,447
west_east_paths 106,448 107,448 113,448 114,448 115,448 117,448 120,448 121,448 122,448 124,448 128,448 129,448 130,448 131,448 132,448
west_east_paths 665,459 666,459 669,459 670,459 671,459 675,459 678,459 681,459 683,459 684,459 685,459 688,459 690,459 691,459 693,459 694,459 696,459 697,459 698,459 702,459 703,459 706,459
west_east_paths 268,461 270,461 271,461 272,461 276,461 280,461 281,461 283,461 284,461 285,461 287,461 288,461 289,461 293,461
west_east_paths 447,465 448,465 450,465 451,465 454,465 455,465 456,465 458,465 463,465 464,465 465,465 468,465 469,465 470,465 471,465 473,465 477,465 478,465 481,465 484,465
west_east_paths 425,466 427,466 429,466 430,466 432,466 438,466 440,466 441,466 442,466 446,466 447,466 448,466 449,466 453,466 455,466 456,466 457,466 458,466 459,466 461,466 464,466 466,466 468,466 469,466 470,466
west_east_paths 830,469 834,469 835,469 836,469 838,469 839,469 841,469 843,469 844,469 847,469 848,469 849,469 852,469 854,469 857,469 861,469 862,469 863,469 865,469 866,469 867,469
west_east_paths 174,476 175,476 176,476 178,476 179,476 181,476 183,476 184,476 187,476 188,476 190,476 197,476 198,476 199,476 200,476 201,476 202,476 203,476 205,476 208,476 209,476 212,476 214,476 217,476
west_east_paths 667,480 670,480 671,480 672,480
west_east_paths 423,481 424,481 425,481
west_east_paths 205,482 208,482 209,482 212,482 214,482 215,482 216,482 217,482 218,482 219,482 221,482 222,482 225,482 227,482 229,482 230,482 232,482 234,482 236,482 237,482 240,482 247,482 249,482 250,482 253,482 254,482 256,482
west_east_paths 228,486 229,486 233,486 234,486 235,486 238,486 239,486 243,486 245,486 246,486 247,486 249,486 250,486 251,486 254,486 258,486 260,486 261,486 262,486 265,486 266,486 270,486 271,486 272,486
west_east_paths 1,500 2,500 3,500 4,500 5,500 6,500 7,500 8,500 9,500 10,500 11,500 12,500 13,500 14,500 15,500 16,500 17,500 18,500 19,500 20,500 21,500 22,500 23,500 24,500 25,500 26,500 27,500 28,500 29,500 30,500 31,500 32,500 33,500 34,500 35,500 36,500 37,500 38,500 39,500 40,500
west_east_paths 41,500 42,500 43,500 44,500 45,500 46,500 47,500 48,500 49,500 50,500 51,500 52,500 53,500 54,500 55,500 56,500 57,500 58,500 59,500 60,500 61,500 62,500 63,500 64,500 65,500 66,500 67,500 68,500 69,500 70,500 71,500 72,500 73,500 74,500 75,500 76,500 77,500 78,500 79,500 80,500
west_east_paths 81,500 82,500 83,500 84,500 85,500 86,500 87,500 88,500 89,500 90,500 91,500 92,500 93,500 94,500 95,500 96,500 97,500 98,500 99,500 100,500 101,500 102,500 103,500 104,500 105,500 106,500 107,500 108,500 109,500 110,500 111,500 112,500 113,500 114,500 115,500 116,500 117,500 118,500 119,500 120,500
west_east_paths 121,500 122,500 123,500 124,500 125,500 126,500 127,500 128,500 129,500 130,500 131,500 132,500 133,500 134,500 135,500 136,500 137,500 138,500 139,500 140,500 141,500 142,500 143,500 144,500 145,500 146,500 147,500 148,500 149,500 150,500 151,500 152,500 153,500 154,500 155,500 156,500 157,500 158,500 159,500 160,500
west_east_paths 161,500 162,500 163,500 164,500 165,500 166,500 167,500 168,500 169,500 170,500 171,500 172,500 173,500 174,500 175,500 176,500 177,500 178,500 179,500 180,500 181,500 182,500 183,500 184,500 185,500 186,500 187,500 188,500 189,500 190,500 191,500 192,500 193,500 194,500 195,500 196,500 197,500 198,500 199,500 200,500
west_east_paths 201,500 202,500 203,500 204,500 205,500 206,500 207,500 208,500 209,500 210,500 211,500 212,500 213,500 214,500 215,500 216,500 217,500 218,500 219,500 220,500 221,500 222,500 223,500 224,500 225,500 226,500 227,500 228,500 229,500 230,500 231,500 232,500 233,500 234,500 235,500 236,500 237,500 238,500 239,500 240,500
west_east_paths 241,500 242,500 243,500 244,500 245,500 246,500 247,500 248,500 249,500 250,500 251,500 252,500 253,500 254,500 255,500 256,500 257,500 258,500 259,500 260,500 261,500 262,500 263,500 264,500 265,500 266,500 267,500 268,500 269,500 270,500 271,500 272,500 273,500 274,500 275,500 276,500 277,500 278,500 279,500 280,500
west_east_paths 281,500 282,500 283,500 284,500 285,500 286,500 287,500 288,500 289,500 290,500 291,500 292,500 293,500 294,500 295,500 296,500 297,500 298,500 299,500 300,500 301,500 302,500 303,500 304,500 305,500 306,500 307,500 308,500 309,500 310,500 311,500 312,500 313,500 314,500 315,500 316,500 317,500 318,500 319,500 320,500
west_east_paths 321,500 322,500 323,500 324,500 325,500 326,500 327,500 328,500 329,500 330,500 331,500 332,500 333,500 334,500 335,500 336,500 337,500 338,500 339,500 340,500 341,500 342,500 343,500 344,500 345,500 346,500 347,500 348,500 349,500 350,500 351,500 352,500 353,500 354,500 355,500 356,500 357,500 358,500 359,500 360,500
west_east_paths 361,500 362,500 363,500 364,500 365,500 366,500 367,500 368,500 369,500 370,500 371,500 372,500 373,500 374,500 375,500 376,500 377,500 378,500 379,500 380,500 381,500 382,500 383,500 384,500 385,500 386,500 387,500 388,500 389,500 390,500 391,500 392,500 393,500 394,500 395,500 396,500 397,500 398,500 399,500 400,500
west_east_paths 401,500 402,500 403,500 404,500 405,500 406,500 407,500 408,500 409,500 410,500 411,500 412,500 413,500 414,500 415,500 416,500 417,500 418,500 419,500 420,500 421,500 422,500 423,500 424,500 425,500 426,500 427,500 428,500 429,500 430,500 431,500 432,500 433,500 434,500 435,500 436,500 437,500 438,500 439,500 440,500
west_east_paths 441,500 442,500 443,500 444,500 445,500 446,500 447,500 448,500 449,500 450,500 451,500 452,500 453,500 454,500 455,500 456,500 457,500 458,500 459,500 460,500 461,500 462,500 463,500 464,500 465,500 466,500 467,500 468,500 469,500 470,500 471,500 472,500 473,500 474,500 475,500 476,500 477,500 478,500 479,500 480,500
west_east_paths 481,500 482,500 483,500 484,500 485,500 486,500 487,500 488,500 489,500 490,500 491,500 492,500 493,500 494,500 495,500 496,500 497,500 498,500 499,500 500,500 501,500 502,500 503,500 504,500 505,500 506,500 507,500 508,500 509,500 510,500 511,500 512,500 513,500 514,500 515,500 516,500 517,500 518,500 519,500 520,500
west_east_paths 521,500 522,500 523,500 524,500 525,500 526,500 527,500 528,500 529,500 530,500 531,500 532,500 533,500 534,500 535,500 536,500 537,500 538,500 539,500 540,500 541,500 542,500 543,500 544,500 545,500 546,500 547,500 548,500 549,500 550,500 551,500 552,500 553,500 554,500 555,500 556,500 557,500 558,500 559,500 560,500
west_east_paths 561,500 562,500 563,500 564,500 565,500 566,500 567,500 568,500 569,500 570,500 571,500 572,500 573,500 574,500 575,500 576,500 577,500 578,500 579,500 580,500 581,500 582,500 583,500 584,500 585,500 586,500 587,500 588,500 589,500 590,500 591,500 592,500 593,500 594,500 595,500 596,500 597,500 598,500 599,500 600,500
west_east_paths 601,500 602,500 603,500 604,500 605,500 606,500 607,500 608,500 609,500 610,500 611,500 612,500 613,500 614,500 615,500 616,500 617,500 618,500 619,500 620,500 621,500 622,500 623,500 624,500 625,500 626,500 627,500 628,500 629,500 630,500 631,500 632,500 633,500 634,500 635,500 636,500 637,500 638,500 639,500 640,500
west_east_paths 641,500 642,500 643,500 644,500 645,500 646,500 647,500 648,500 649,500 650,500 651,500 652,500 653,500 654,500 655,500 656,500 657,500 658,500 659,500 660,500 661,500 662,500 663,500 664,500 665,500 666,500 667,500 668,500 669,500 670,500 671,500 672,500 673,500 674,500 675,500 676,500 677,500 678,500 679,500 680,500
west_east_paths 681,500 682,500 683,500 684,500 685,500 686,500 687,500 688,500 689,500 690,500 691,500 692,500 693,500 694,500 695,500 696,500 697,500 698,500 699,500 700,500 701,500 702,500 703,500 704,500 705,500 706,500 707,500 708,500 709,500 710,500 711,500 712,500 713,500 714,500 715,500 716,500 717,500 718,500 719,500 720,500
west_east_paths 721,500 722,500 723,500 724,500 725,500 726,500 727,500 728,500 729,500 730,500 731,500 732,500 733,500 734,500 735,500 736,500 737,500 738,500 739,500 740,500 741,500 742,500 743,500 744,500 745,500 746,500 747,500 748,500 749,500 750,500 751,500 752,500 753,500 754,500 755,500 756,500 757,500 758,500 759,500 760,500
west_east_paths 761,500 762,500 763,500 764,500 765,500 766,500 767,500 768,500 769,500 770,500 771,500 772,500 773,500 774,500 775,500 776,500 777,500 778,500 779,500 780,500 781,500 782,500 783,500 784,500 785,500 786,500 787,500 788,500 789,500 790,500 791,500 792,500 793,500 794,500 795,500 796,500 797,500 798,500 799,500 800,500
west_east_paths 801,500 802,500 803,500 804,500 805,500 806,500 807,500 808,500 809,500 810,500 811,500 812,500 813,500 814,500 815,500 816,500 817,500 818,500 819,500 820,500 821,500 822,500 823,500 824,500 825,500 826,500 827,500 828,500 829,500 830,500 831,500 832,500 833,500 834,500 835,500 836,500 837,500 838,500 839,500 840,500
west_east_paths 841,500 842,500 843,500 844,500 845,500 846,500 847,500 848,500 849,500 850,500 851,500 852,500 853,500 854,500 855,500 856,500 857,500 858,500 859,500 860,500 861,500 862,500 863,500 864,500 865,500 866,500 867,500 868,500 869,500 870,500 871,500 872,500 873,500 874,500 875,500 876,500 877,500 878,500 879,500 880,500
west_east_paths 881,500 882,500 883,500 884,500 885,500 886,500 887,500 888,500 889,500 890,500 891,500 892,500 893,500 894,500 895,500 896,500 897,500 898,500 899,500 900,500 901,500 902,500 903,500 904,500 905,500 906,500 907,500 908,500 909,500 910,500 911,500 912,500 913,500 914,500 915,500 916,500 917,500 918,500 919,500 920,500
west_east_paths 921,500 922,500 923,500 924,500 925,500 926,500 927,500 928,500 929,500 930,500 931,500 932,500 933,500 934,500 935,500 936,500 937,500 938,500 939,500 940,500 941,500 942,500 943,500 944,500 945,500 946,500 947,500 948,500 949,500 950,500 951,500 952,500 953,500 954,500 955,500 956,500 957,500 958,500 959,500 960,500
west_east_paths 961,500 962,500 963,500 964,500 965,500 966,500 967,500 968,500 969,500 970,500 971,500 972,500 973,500 974,500 975,500 976,500 977,500 978,500 979,500 980,500 981,500 982,500 983,500 984,500 985,500 986,500 987,500 988,500 989,500 990,500 991,500 992,500 993,500 994,500 995,500 996,500 997,500 998,500 999,500
west_east_paths 837,502 839,502 840,502 842,502 844,502 845,502 847,502 850,502
west_east_paths 197,505 198,505 199,505 201,505 203,505 204,505 206,505 208,505 227,505 228,505 229,505 231,505 233,505 236,505 237,505 238,505 240,505 242,505
west_east_paths 173,508 175,508 177,508 178,508 180,508 427,508 429,508 432,508 433,508 434,508 436,508 967,508 971,508 978,508 979,508 981,508 982,508 983,508 986,508 989,508 990,508 991,508 992,508 993,508 994,508 996,508 997,508 998,508
west_east_paths 951,512 954,512 955,512 956,512
west_east_paths 818,514 820,514 821,514 823,514 824,514 827,514 829,514 830,514 834,514 837,514 840,514 843,514 844,514 845,514 847,514 848,514 850,514 851,514 853,514 854,514 855,514 858,514 860,514 861,514 864,514 867,514
west_east_paths 444,517 445,517 446,517 447,517 448,517 449,517 450,517 458,517 459,517 463,517 465,517 466,517 469,517 470,517 471,517 474,517 475,517 478,517 480,517 481,517 482,517 485,517 486,517 487,517 488,517 489,517 490,517 491,517 499,517 500,517
west_east_paths 444,519 445,519 446,519 450,519 451,519 452,519 453,519 460,519 461,519 465,519 467,519 468,519 469,519 470,519 471,519 476,519 478,519 479,519 480,519 483,519 484,519 485,519 486,519 487,519 488,519 493,519 494,519 495,519 744,519 746,519 748,519 752,519 753,519 754,519 755,519 760,519 762,519 763,519 764,519 767,519
west_east_paths 769,519 770,519 771,519 772,519 777,519 778,519 779,519 781,519 783,519
west_east_paths 767,523 768,523 769,523 770,523 771,523 772,523 777,523 779,523 782,523 783,523 784,523 786,523 788,523 789,523 790,523 791,523
west_east_paths 5,524 6,524 9,524 11,524 12,524 14,524 18,524 19,524 20,524 21,524 25,524 26,524 27,524 29,524 32,524 34,524 35,524 38,524
west_east_paths 476,528 477,528 480,528 481,528 482,528
west_east_paths 417,529 419,529 420,529 424,529 427,529 428,529 429,529 431,529 432,529 433,529 436,529
west_east_paths 877,539 879,539 883,539 885,539 886,539 888,539 890,539 891,539 892,539 894,539 896,539 897,539 898,539 899,539 900,539 901,539
west_east_paths 405,544 407,544 408,544 410,544 411,544 413,544 414,544 415,544 416,544 420,544 423,544 426,544
west_east_paths 60,547 62,547 67,547 72,547 73,547 75,547 76,547 77,547 78,547 80,547 81,547 82,547 83,547 85,547 152,547 153,547 154,547
west_east_paths 987,553 990,553 994,553 995,553 996,553 997,553 999,553
west_east_paths 966,558 968,558 969,558 974,558 977,558 979,558 980,558 981,558 983,558 984,558 988,558 990,558 991,558 993,558 994,558 995,558 996,558 999,558
west_east_paths 785,559 787,559 795,559 796,559 797,559 799,559 801,559 804,559 806,559 807,559 808,559 811,559 813,559 814,559 816,559 818,559 819,559 823,559 825,559 826,559 828,559 830,559 834,559 835,559 836,559 837,559 838,559 839,559 840,559 842,559
west_east_paths 218,563 220,563 224,563 226,563 227,563 230,563 231,563 233,563 235,563 241,563 242,563 244,563 245,563 246,563 247,563 248,563 250,563 252,563 255,563 256,563 259,563 261,563 262,563 263,563 265,563 267,563 268,563 269,563
west_east_paths 212,565 213,565 216,565 217,565 218,565 221,565 222,565 224,565 226,565 232,565 233,565 235,565 236,565 237,565 238,565 239,565 241,565 243,565 246,565 247,565 251,565 252,565
west_east_paths 872,566 873,566 875,566 876,566 878,566 879,566 882,566 885,566
west_east_paths 941,571 943,571 944,571 945,571 948,571 951,571 954,571 957,571 958,571 961,571 962,571 963,571 966,571 967,571 969,571 970,571 972,571 973,571 975,571 976,571 980,571
west_east_paths 645,575 646,575 647,575 650,575 651,575 652,575 653,575 654,575 656,575 658,575 660,575 664,575 665,575 666,575 668,575 672,575 673,575 674,575 675,575 677,575 681,575 682,575 683,575 685,575 687,575 689,575 695,575 696,575
west_east_paths 940,576 944,576 946,576 947,576 950,576 951,576 952,576 953,576 956,576 960,576 961,576 962,576 963,576 965,576 966,576 971,576 972,576 975,576 977,576 978,576 979,576
west_east_paths 1,588 2,588 3,588 4,588 5,588 9,588 10,588 13,588 15,588 18,588 19,588 20,588 22,588 24,588 25,588 28,588 29,588 30,588 38,588
west_east_paths 961,592 962,592 963,592 965,592 966,592 967,592 968,592 970,592 971,592 973,592 974,592 977,592 982,592 986,592
west_east_paths 42,595 47,595 48,595 50,595 51,595 53,595 58,595 59,595 61,595 64,595 65,595 67,595 68,595 70,595 73,595 74,595 75,595 76,595 78,595 81,595 84,595 85,595 86,595 87,595
west_east_paths 856,597 860,597 861,597 862,597 863,597 867,597 868,597 869,597 871,597 872,597 873,597 874,597 875,597 876,597
west_east_paths 1,600 2,600 3,600 4,600 5,600 6,600 7,600 8,600 9,600 10,600 11,600 12,600 13,600 14,600 15,600 16,600 17,600 18,600 19,600 20,600 21,600 22,600 23,600 24,600 25,600 26,600 27,600 28,600 29,600 30,600 31,600 32,600 33,600 34,600 35,600 36,600 37,600 38,600 39,600 40,600
west_east_paths 41,600 42,600 43,600 44,600 45,600 46,600 47,600 48,600 49,600 50,600 51,600 52,600 53,600 54,600 55,600 56,600 57,600 58,600 59,600 60,600 61,600 62,600 63,600 64,600 65,600 66,600 67,600 68,600 69,600 70,600 71,600 72,600 73,600 74,600 75,600 76,600 77,600 78,600 79,600 80,600
west_east_paths 81,600 82,600 83,600 84,600 85,600 86,600 87,600 88,600 89,600 90,600 91,600 92,600 93,600 94,600 95,600 96,600 97,600 98,600 99,600 100,600 101,600 102,600 103,600 104,600 105,600 106,600 107,600 108,600 109,600 110,600 111,600 112,600 113,600 114,600 115,600 116,600 117,600 118,600 119,600 120,600
west_east_paths 121,600 122,600 123,600 124,600 125,600 126,600 127,600 128,600 129,600 130,600 131,600 132,600 133,600 134,600 135,600 136,600 137,600 138,600 139,600 140,600 141,600 142,600 143,600 144,600 145,600 146,600 147,600 148,600 149,600 150,600 151,600 152,600 153,600 154,600 155,600 156,600 157,600 158,600 159,600 160,600
west_east_paths 161,600 162,600 163,600 164,600 165,600 166,600 167,600 168,600 169,600 170,600 171,600 172,600 173,600 174,600 175,600 176,600 177,600 178,600 179,600 180,600 181,600 182,600 183,600 184,600 185,600 186,600 187,600 188,600 189,600 190,600 191,600 192,600 193,600 194,600 195,600 196,600 197,600 198,600 199,600 200,600
west_east_paths 201,600 202,600 203,600 204,600 205,600 206,600 207,600 208,600 209,600 210,600 211,600 212,600 213,600 214,600 215,600 216,600 217,600 218,600 219,600 220,600 221,600 222,600 223,600 224,600 225,600 226,600 227,600 228,600 229,600 230,600 231,600 232,600 233,600 234,600 235,600 236,600 237,600 238,600 239,600 240,600
west_east_paths 241,600 242,600 243,600 244,600 245,600 246,600 247,600 248,600 249,600 250,600 251,600 252,600 253,600 254,600 255,600 256,600 257,600 258,600 259,600 260,600 261,600 262,600 263,600 264,600 265,600 266,600 267,600 268,600 269,600 270,600 271,600 272,600 273,600 274,600 275,600 276,600 277,600 278,600 279,600 280,600
west_east_paths 281,600 282,600 283,600 284,600 285,600 286,600 287,600 288,600 289,600 290,600 291,600 292,600 293,600 294,600 295,600 296,600 297,600 298,600 299,600 300,600 301,600 302,600 303,600 304,600 305,600 306,600 307,600 308,600 309,600 310,600 311,600 312,600 313,600 314,600 315,600 316,600 317,600 318,600 319,600 320,600
west_east_paths 321,600 322,600 323,600 324,600 325,600 326,600 327,600 328,600 329,600 330,600 331,600 332,600 333,600 334,600 335,600 336,600 337,600 338,600 339,600 340,600 341,600 342,600 343,600 344,600 345,600 346,600 347,600 348,600 349,600 350,600 351,600 352,600 353,600 354,600 355,600 356,600 357,600 358,600 359,600 360,600
west_east_paths 361,600 362,600 363,600 364,600 365,600 366,600 367,600 368,600 369,600 370,600 371,600 372,600 373,600 374,600 375,600 376,600 377,600 378,600 379,600 380,600 381,600 382,600 383,600 384,600 385,600 386,600 387,600 388,600 389,600 390,600 391,600 392,600 393,600 394,600 395,600 396,600 397,600 398,600 399,600 400,600
west_east_paths 401,600 402,600 403,600 404,600 405,600 406,600 407,600 408,600 409,600 410,600 411,600 412,600 413,600 414,600 415,600 416,600 417,600 418,600 419,600 420,600 421,600 422,600 423,600 424,600 425,600 426,600 427,600 428,600 429,600 430,600 431,600 432,600 433,600 434,600 435,600 436,600 437,600 438,600 439,600 440,600
west_east_paths 441,600 442,600 443,600 444,600 445,600 446,600 447,600 448,600 449,600 450,600 451,600 452,600 453,600 454,600 455,600 456,600 457,600 458,600 459,600 460,600 461,600 462,600 463,600 464,600 465,600 466,600 467,600 468,600 469,600 470,600 471,600 472,600 473,600 474,600 475,600 476,600 477,600 478,600 479,600 480,600
west_east_paths 481,600 482,600 483,600 484,600 485,600 486,600 487,600 488,600 489,600 490,600 491,600 492,600 493,600 494,600 495,600 496,600 497,600 498,600 499,600 500,600 501,600 502,600 503,600 504,600 505,600 506,600 507,600 508,600 509,600 510,600 511,600 512,600 513,600 514,600 515,600 516,600 517,600 518,600 519,600 520,600
west_east_paths 521,600 522,600 523,600 524,600 525,600 526,600 527,600 528,600 529,600 530,600 531,600 532,600 533,600 534,600 535,600 536,600 537,600 538,600 539,600 540,600 541,600 542,600 543,600 544,600 545,600 546,600 547,600 548,600 549,600 550,600 551,600 552,600 553,600 554,600 555,600 556,600 557,600 558,600 559,600 560,600
west_east_paths 561,600 562,600 563,600 564,600 565,600 566,600 567,600 568,600 569,600 570,600 571,600 572,600 573,600 574,600 575,600 576,600 577,600 578,600 579,600 580,600 581,600 582,600 583,600 584,600 585,600 586,600 587,600 588,600 589,600 590,600 591,600 592,600 593,600 594,600 595,600 596,600 597,600 598,600 599,600 600,600
west_east_paths 601,600 602,600 603,600 604,600 605,600 606,600 607,600 608,600 609,600 610,600 611,600 612,600 613,600 614,600 615,600 616,600 617,600 618,600 619,600 620,600 621,600 622,600 623,600 624,600 625,600 626,600 627,600 628,600 629,600 630,600 631,600 632,600 633,600 634,600 635,600 636,600 637,600 638,600 639,600 640,600
west_east_paths 641,600 642,600 643,600 644,600 645,600 646,600 647,600 648,600 649,600 650,600 651,600 652,600 653,600 654,600 655,600 656,600 657,600 658,600 659,600 660,600 661,600 662,600 663,600 664,600 665,600 666,600 667,600 668,600 669,600 670,600 671,600 672,600 673,600 674,600 675,600 676,600 677,600 678,600 679,600 680,600
west_east_paths 681,600 682,600 683,600 684,600 685,600 686,600 687,600 688,600 689,600 690,600 691,600 692,600 693,600 694,600 695,600 696,600 697,600 698,600 699,600 700,600 701,600 702,600 703,600 704,600 705,600 706,600 707,600 708,600 709,600 710,600 711,600 712,600 713,600 714,600 715,600 716,600 717,600 718,600 719,600 720,600
west_east_paths 721,600 722,600 723,600 724,600 725,600 726,600 727,600 728,600 729,600 730,600 731,600 732,600 733,600 734,600 735,600 736,600 737,600 738,600 739,600 740,600 741,600 742,600 743,600 744,600 745,600 746,600 747,600 748,600 749,600 750,600 751,600 752,600 753,600 754,600 755,600 756,600 757,600 758,600 759,600 760,600
west_east_paths 761,600 762,600 763,600 764,600 765,600 766,600 767,600 768,600 769,600 770,600 771,600 772,600 773,600 774,600 775,600 776,600 777,600 778,600 779,600 780,600 781,600 782,600 783,600 784,600 785,600 786,600 787,600 788,600 789,600 790,600 791,600 792,600 793,600 794,600 795,600 796,600 797,600 798,600 799,600 800,600
west_east_paths 801,600 802,600 803,600 804,600 805,600 806,600 807,600 808,600 809,600 810,600 811,600 812,600 813,600 814,600 815,600 816,600 817,600 818,600 819,600 820,600 821,600 822,600 823,600 824,600 825,600 826,600 827,600 828,600 829,600 830,600 831,600 832,600 833,600 834,600 835,600 836,600 837,600 838,600 839,600 840,600
west_east_paths 841,600 842,600 843,600 844,600 845,600 846,600 847,600 848,600 849,600 850,600 851,600 852,600 853,600 854,600 855,600 856,600 857,600 858,600 859,600 860,600 861,600 862,600 863,600 864,600 865,600 866,600 867,600 868,600 869,600 870,600 871,600 872,600 873,600 874,600 875,600 876,600 877,600 878,600 879,600 880,600
west_east_paths 881,600 882,600 883,600 884,600 885,600 886,600 887,600 888,600 889,600 890,600 891,600 892,600 893,600 894,600 895,600 896,600 897,600 898,600 899,600 900,600 901,600 902,600 903,600 904,600 905,600 906,600 907,600 908,600 909,600 910,600 911,600 912,600 913,600 914,600 915,600 916,600 917,600 918,600 919,600 920,600
west_east_paths 921,600 922,600 923,600 924,600 925,600 926,600 927,600 928,600 929,600 930,600 931,600 932,600 933,600 934,600 935,600 936,600 937,600 938,600 939,600 940,600 941,600 942,600 943,600 944,600 945,600 946,600 947,600 948,600 949,600 950,600 951,600 952,600 953,600 954,600 955,600 956,600 957,600 958,600 959,600 960,600
west_east_paths 961,600 962,600 963,600 964,600 965,600 966,600 967,600 968,600 969,600 970,600 971,600 972,600 973,600 974,600 975,600 976,600 977,600 978,600 979,600 980,600 981,600 982,600 983,600 984,600 985,600 986,600 987,600 988,600 989,600 990,600 991,600 992,600 993,600 994,600 995,600 996,600 997,600 998,600 999,600
west_east_paths 400,602 401,602 402,602 405,602 406,602 408,602 409,602 410,602 411,602 412,602 413,602 417,602 421,602 423,602 426,602 427,602 428,602 430,602 432,602 433,602 434,602 436,602 437,602 438,602 445,602 448,602 449,602 453,602
west_east_paths 229,607 230,607 231,607
west_east_paths 303,609 305,609 306,609 308,609 310,609 912,609 913,609 914,609 915,609 916,609 917,609 918,609 919,609 921,609 924,609 926,609 927,609 928,609 929,609 934,609 935,609 937,609 938,609 939,609 940,609 945,609 947,609 948,609 950,609 959,609
west_east_paths 375,611 376,611 378,611 379,611 380,611 381,611 383,611 384,611 385,611 390,611 391,611 393,611 394,611 395,611 396,611 397,611 398,611 399,611 400,611 401,611 402,611 412,611 415,611 416,611 417,611 418,611 422,611 427,611 572,611 574,611 577,611 578,611 580,611 581,611 582,611 585,611 588,611 589,611 591,611 593,611
west_east_paths 26,612 27,612 28,612 29,612 30,612 32,612 33,612 34,612 35,612 39,612 45,612 46,612
west_east_paths 889,618 890,618 892,618 894,618 895,618 897,618 899,618
west_east_paths 971,619 972,619 978,619 981,619 982,619 983,619 985,619 986,619 987,619 988,619 989,619
west_east_paths 872,630 875,630 876,630 878,630 879,630 880,630 881,630 882,630 886,630 887,630 889,630 890,630 891,630 897,630 900,630 901,630
west_east_paths 436,644 438,644 439,644 441,644 442,644 445,644 447,644 450,644 451,644 454,644 456,644 458,644 461,644 462,644 465,644 466,644 467,644 470,644 471,644 473,644 475,644 477,644 478,644 481,644 482,644 484,644 486,644 487,644 490,644 493,644
west_east_paths 17,648 19,648 21,648 22,648 23,648 25,648 26,648 30,648 34,648 36,648 37,648 38,648 39,648 42,648 43,648 44,648 49,648 51,648 52,648 53,648 55,648 56,648 57,648 60,648 64,648 66,648
west_east_paths 291,650 293,650 296,650 298,650 299,650 300,650 302,650 303,650 306,650 307,650 311,650 312,650 313,650 314,650 317,650 318,650 321,650 325,650 327,650 328,650 330,650 332,650
west_east_paths 857,656 859,656 861,656 862,656 864,656 866,656 867,656 868,656
west_east_paths 841,659 845,659 849,659 851,659 856,659 859,659 860,659 862,659 863,659 865,659 868,659 869,659 870,659 872,659 875,659 878,659 879,659 881,659 882,659 883,659 884,659 886,659 888,659 889,659 890,659 892,659 893,659 894,659
west_east_paths 576,660 579,660 582,660 583,660 584,660 586,660 587,660 590,660 591,660 592,660 594,660 595,660 596,660 597,660 598,660 603,660 607,660 608,660 611,660 615,660 616,660 618,660 619,660
west_east_paths 459,661 461,661 463,661 464,661 465,661 466,661 467,661 472,661 474,661 476,661 477,661 478,661 479,661 481,661 482,661 487,661 489,661 491,661 492,661 493,661 494,661 500,661 502,661
west_east_paths 577,666 578,666 580,666 582,666 584,666 588,666 590,666 592,666 593,666 594,666 596,666 597,666 599,666 603,666 605,666 607,666 608,666 609,666 611,666 613,666 615,666 618,666
west_east_paths 277,671 278,671 280,671 284,671 285,671 286,671 287,671 289,671 292,671
west_east_paths 891,676 892,676 895,676 899,676 901,676 902,676 903,676 905,676 908,676 913,676 914,676 915,676 916,676 917,676 919,676 920,676 922,676 926,676 928,676 929,676 930,676 932,676 933,676
west_east_paths 864,677 866,677 868,677 870,677 871,677 873,677 874,677 876,677 877,677 880,677 883,677 885,677 887,677 889,677 890,677
west_east_paths 502,687 504,687 506,687 507,687 508,687 509,687 511,687 512,687 514,687 516,687 519,687 520,687 521,687 522,687 523,687 524,687 527,687 528,687 529,687 531,687 532,687 536,687 537,687 544,687 545,687 547,687 549,687 552,687 557,687 559,687
west_east_paths 706,694 708,694 709,694 711,694 712,694
west_east_paths 832,698 835,698 837,698 839,698 841,698 842,698 843,698 845,698 846,698 850,698 852,698 854,698 856,698 857,698 859,698 860,698 861,698 862,698
west_east_paths 1,700 2,700 3,700 4,700 5,700 6,700 7,700 8,700 9,700 10,700 11,700 12,700 13,700 14,700 15,700 16,700 17,700 18,700 19,700 20,700 21,700 22,700 23,700 24,700 25,700 26,700 27,700 28,700 29,700 30,700 31,700 32,700 33,700 34,700 35,700 36,700 37,700 38,700 39,700 40,700
west_east_paths 41,700 42,700 43,700 44,700 45,700 46,700 47,700 48,700 49,700 50,700 51,700 52,700 53,700 54,700 55,700 56,700 57,700 58,700 59,700 60,700 61,700 62,700 63,700 64,700 65,700 66,700 67,700 68,700 69,700 70,700 71,700 72,700 73,700 74,700 75,700 76,700 77,700 78,700 79,700 80,700
west_east_paths 81,700 82,700 83,700 84,700 85,700 86,700 87,700 88,700 89,700 90,700 91,700 92,700 93,700 94,700 95,700 96,700 97,700 98,700 99,700 100,700 101,700 102,700 103,700 104,700 105,700 106,700 107,700 108,700 109,700 110,700 111,700 112,700 113,700 114,700 115,700 116,700 117,700 118,700 119,700 120,700
west_east_paths 121,700 122,700 123,700 124,700 125,700 126,700 127,700 128,700 129,700 130,700 131,700 132,700 133,700 134,700 135,700 136,700 137,700 138,700 139,700 140,700 141,700 142,700 143,700 144,700 145,700 146,700 147,700 148,700 149,700 150,700 151,700 152,700 153,700 154,700 155,700 156,700 157,700 158,700 159,700 160,700
west_east_paths 161,700 162,700 163,700 164,700 165,700 166,700 167,700 168,700 169,700 170,700 171,700 172,700 173,700 174,700 175,700 176,700 177,700 178,700 179,700 180,700 181,700 182,700 183,700 184,700 185,700 186,700 187,700 188,700 189,700 190,700 191,700 192,700 193,700 194,700 195,700 196,700 197,700 198,700 199,700 200,700
west_east_paths 201,700 202,700 203,700 204,700 205,700 206,700 207,700 208,700 209,700 210,700 211,700 212,700 213,700 214,700 215,700 216,700 217,700 218,700 219,700 220,700 221,700 222,700 223,700 224,700 225,700 226,700 227,700 228,700 229,700 230,700 231,700 232,700 233,700 234,700 235,700 236,700 237,700 238,700 239,700 240,700
west_east_paths 241,700 242,700 243,700 244,700 245,700 246,700 247,700 248,700 249,700 250,700 251,700 252,700 253,700 254,700 255,700 256,700 257,700 258,700 259,700 260,700 261,700 262,700 263,700 264,700 265,700 266,700 267,700 268,700 269,700 270,700 271,700 272,700 273,700 274,700 275,700 276,700 277,700 278,700 279,700 280,700
west_east_paths 281,700 282,700 283,700 284,700 285,700 286,700 287,700 288,700 289,700 290,700 291,700 292,700 293,700 294,700 295,700 296,700 297,700 298,700 299,700 300,700 301,700 302,700 303,700 304,700 305,700 306,700 307,700 308,700 309,700 310,700 311,700 312,700 313,700 314,700 315,700 316,700 317,700 318,700 319,700 320,700
west_east_paths 321,700 322,700 323,700 324,700 325,700 326,700 327,700 328,700 329,700 330,700 331,700 332,700 333,700 334,700 335,700 336,700 337,700 338,700 339,700 340,700 341,700 342,700 343,700 344,700 345,700 346,700 347,700 348,700 349,700 350,700 351,700 352,700 353,700 354,700 355,700 356,700 357,700 358,700 359,700 360,700
west_east_paths 361,700 362,700 363,700 364,700 365,700 366,700 367,700 368,700 369,700 370,700 371,700 372,700 373,700 374,700 375,700 376,700 377,700 378,700 379,700 380,700 381,700 382,700 383,700 384,700 385,700 386,700 387,700 388,700 389,700 390,700 391,700 392,700 393,700 394,700 395,700 396,700 397,700 398,700 399,700 400,700
west_east_paths 401,700 402,700 403,700 404,700 405,700 406,700 407,700 408,700 409,700 410,700 411,700 412,700 413,700 414,700 415,700 416,700 417,700 418,700 419,700 420,700 421,700 422,700 423,700 424,700 425,700 426,700 427,700 428,700 429,700 430,700 431,700 432,700 433,700 434,700 435,700 436,700 437,700 438,700 439,700 440,700
west_east_paths 441,700 442,700 443,700 444,700 445,700 446,700 447,700 448,700 449,700 450,700 451,700 452,700 453,700 454,700 455,700 456,700 457,700 458,700 459,700 460,700 461,700 462,700 463,700 464,700 465,700 466,700 467,700 468,700 469,700 470,700 471,700 472,700 473,700 474,700 475,700 476,700 477,700 478,700 479,700 480,700
west_east_paths 481,700 482,700 483,700 484,700 485,700 486,700 487,700 488,700 489,700 490,700 491,700 492,700 493,700 494,700 495,700 496,700 497,700 498,700 499,700 500,700 501,700 502,700 503,700 504,700 505,700 506,700 507,700 508,700 509,700 510,700 511,700 512,700 513,700 514,700 515,700 516,700 517,700 518,700 519,700 520,700
west_east_paths 521,700 522,700 523,700 524,700 525,700 526,700 527,700 528,700 529,700 530,700 531,700 532,700 533,700 534,700 535,700 536,700 537,700 538,700 539,700 540,700 541,700 542,700 543,700 544,700 545,700 546,700 547,700 548,700 549,700 550,700 551,700 552,700 553,700 554,700 555,700 556,700 557,700 558,700 559,700 560,700
west_east_paths 561,700 562,700 563,700 564,700 565,700 566,700 567,700 568,700 569,700 570,700 571,700 572,700 573,700 574,700 575,700 576,700 577,700 578,700 579,700 580,700 581,700 582,700 583,700 584,700 585,700 586,700 587,700 588,700 589,700 590,700 591,700 592,700 593,700 594,700 595,700 596,700 597,700 598,700 599,700 600,700
west_east_paths 601,700 602,700 603,700 604,700 605,700 606,700 607,700 608,700 609,700 610,700 611,700 612,700 613,700 614,700 615,700 616,700 617,700 618,700 619,700 620,700 621,700 622,700 623,700 624,700 625,700 626,700 627,700 628,700 629,700 630,700 631,700 632,700 633,700 634,700 635,700 636,700 637,700 638,700 639,700 640,700
west_east_paths 641,700 642,700 643,700 644,700 645,700 646,700 647,700 648,700 649,700 650,700 651,700 652,700 653,700 654,700 655,700 656,700 657,700 658,700 659,700 660,700 661,700 662,700 663,700 664,700 665,700 666,700 667,700 668,700 669,700 670,700 671,700 672,700 673,700 674,700 675,700 676,700 677,700 678,700 679,700 680,700
west_east_paths 681,700 682,700 683,700 684,700 685,700 686,700 687,700 688,700 689,700 690,700 691,700 692,700 693,700 694,700 695,700 696,700 697,700 698,700 699,700 700,700 701,700 702,700 703,700 704,700 705,700 706,700 707,700 708,700 709,700 710,700 711,700 712,700 713,700 714,700 715,700 716,700 717,700 718,700 719,700 720,700
west_east_paths 721,700 722,700 723,700 724,700 725,700 726,700 727,700 728,700 729,700 730,700 731,700 732,700 733,700 734,700 735,700 736,700 737,700 738,700 739,700 740,700 741,700 742,700 743,700 744,700 745,700 746,700 747,700 748,700 749,700 750,700 751,700 752,700 753,700 754,700 755,700 756,700 757,700 758,700 759,700 760,700
west_east_paths 761,700 762,700 763,700 764,700 765,700 766,700 767,700 768,700 769,700 770,700 771,700 772,700 773,700 774,700 775,700 776,700 777,700 778,700 779,700 780,700 781,700 782,700 783,700 784,700 785,700 786,700 787,700 788,700 789,700 790,700 791,700 792,700 793,700 794,700 795,700 796,700 797,700 798,700 799,700 800,700
west_east_paths 801,700 802,700 803,700 804,700 805,700 806,700 807,700 808,700 809,700 810,700 811,700 812,700 813,700 814,700 815,700 816,700 817,700 818,700 819,700 820,700 821,700 822,700 823,700 824,700 825,700 826,700 827,700 828,700 829,700 830,700 831,700 832,700 833,700 834,700 835,700 836,700 837,700 838,700 839,700 840,700
west_east_paths 841,700 842,700 843,700 844,700 845,700 846,700 847,700 848,700 849,700 850,700 851,700 852,700 853,700 854,700 855,700 856,700 857,700 858,700 859,700 860,700 861,700 862,700 863,700 864,700 865,700 866,700 867,700 868,700 869,700 870,700 871,700 872,700 873,700 874,700 875,700 876,700 877,700 878,700 879,700 880,700
west_east_paths 881,700 882,700 883,700 884,700 885,700 886,700 887,700 888,700 889,700 890,700 891,700 892,700 893,700 894,700 895,700 896,700 897,700 898,700 899,700 900,700 901,700 902,700 903,700 904,700 905,700 906,700 907,700 908,700 909,700 910,700 911,700 912,700 913,700 914,700 915,700 916,700 917,700 918,700 919,700 920,700
west_east_paths 921,700 922,700 923,700 924,700 925,700 926,700 927,700 928,700 929,700 930,700 931,700 932,700 933,700 934,700 935,700 936,700 937,700 938,700 939,700 940,700 941,700 942,700 943,700 944,700 945,700 946,700 947,700 948,700 949,700 950,700 951,700 952,700 953,700 954,700 955,700 956,700 957,700 958,700 959,700 960,700
west_east_paths 961,700 962,700 963,700 964,700 965,700 966,700 967,700 968,700 969,700 970,700 971,700 972,700 973,700 974,700 975,700 976,700 977,700 978,700 979,700 980,700 981,700 982,700 983,700 984,700 985,700 986,700 987,700 988,700 989,700 990,700 991,700 992,700 993,700 994,700 995,700 996,700 997,700 998,700 999,700
west_east_paths 51,701 52,701 54,701 55,701 57,701 60,701 61,701 62,701
west_east_paths 592,702 593,702 594,702 599,702 600,702 602,702 603,702 607,702 611,702 612,702 613,702 614,702 616,702 617,702 618,702 621,702 624,702 625,702 626,702 627,702 631,702 632,702
west_east_paths 892,703 893,703 899,703 900,703 901,703 902,703 906,703 907,703 908,703 909,703 910,703
west_east_paths 180,705 181,705 182,705 184,705 189,705 190,705 191,705 192,705 196,705 198,705 199,705 201,705 202,705 203,705 208,705 209,705 210,705 211,705 213,705 217,705
west_east_paths 223,706 224,706 227,706 228,706 231,706 233,706 234,706 236,706 237,706 240,706 241,706 244,706
west_east_paths 846,708 848,708 849,708 851,708 852,708
west_east_paths 682,713 685,713 688,713 689,713 691,713 692,713 694,713 696,713 698,713 700,713 702,713 705,713 706,713 708,713 709,713 711,713 713,713 715,713 717,713 719,713 722,713 725,713 726,713 728,713 729,713
west_east_paths 671,718 673,718 674,718 675,718 676,718 677,718 679,718 683,718 684,718 685,718 686,718 687,718 688,718 689,718 691,718 692,718 694,718 702,718 703,718 704,718 706,718 712,718
west_east_paths 383,720 384,720 385,720 388,720 392,720 394,720 395,720 397,720 398,720 400,720 403,720 405,720 406,720 407,720 409,720 410,720 414,720 415,720 778,720 779,720 781,720 785,720 786,720 787,720 788,720 789,720 791,720 793,720 795,720 796,720 798,720 800,720 806,720 807,720 808,720 810,720 813,720 814,720
west_east_paths 815,726 816,726 818,726 824,726 826,726 827,726 831,726 832,726 833,726 834,726 837,726 839,726 840,726 841,726 842,726 843,726 845,726
west_east_paths 259,733 260,733 262,733 263,733 264,733 265,733 267,733 268,733 273,733 276,733
west_east_paths 630,737 631,737 632,737
west_east_paths 473,742 476,742 477,742 478,742 605,742 607,742 614,742 615,742 617,742 618,742 622,742 626,742 627,742 628,742 631,742 632,742 633,742 635,742 636,742 637,742 640,742 643,742 644,742 645,742 646,742 647,742 648,742 650,742 652,742 653,742 654,742 655,742
west_east_paths 176,743 178,743 179,743 180,743 182,743 183,743 184,743 185,743 188,743 189,743 190,743 191,743 193,743 197,743 198,743 199,743 200,743 202,743 207,743 208,743 213,743 217,743 219,743 220,743 221,743 883,743 884,743 888,743 892,743 898,743 899,743 902,743 903,743 904,743 907,743 908,743 909,743 913,743 914,743 917,743
west_east_paths 918,743 919,743 920,743 921,743 923,743 924,743 925,743 927,743 928,743 929,743 932,743 933,743 934,743 935,743
west_east_paths 746,750 748,750 749,750 751,750
west_east_paths 224,757 225,757 226,757 227,757 228,757 231,757 232,757 233,757 234,757 235,757 236,757 237,757 238,757 239,757 241,757 242,757 244,757 246,757 247,757 249,757 250,757 253,757 255,757 258,757 268,757 269,757
west_east_paths 506,762 510,762 512,762 514,762 516,762 517,762 519,762 521,762 523,762 525,762 526,762 527,762 529,762
west_east_paths 1,763 2,763 3,763 4,763 5,763 6,763 8,763 11,763 12,763 14,763 15,763 17,763 27,763 28,763 29,763 30,763 31,763 37,763 38,763 39,763 40,763 150,763 151,763 153,763 155,763 156,763 158,763 160,763 163,763 164,763 234,763 236,763 237,763 238,763 239,763 240,763 245,763
west_east_paths 240,766 241,766 248,766 249,766 251,766 252,766 255,766 256,766 257,766 258,766 259,766 260,766
west_east_paths 346,775 348,775 352,775 353,775 359,775 361,775 362,775 364,775 365,775 366,775 367,775 368,775 371,775 372,775 373,775 375,775 377,775
west_east_paths 578,779 579,779 580,779 581,779 584,779 585,779 586,779 587,779 588,779 590,779 592,779 593,779 595,779 597,779 603,779 604,779 609,779 610,779 611,779 612,779
west_east_paths 125,782 126,782 129,782 131,782 132,782 133,782 134,782 135,782 136,782 137,782 138,782 143,782 144,782 145,782 146,782 147,782 149,782 152,782 153,782 154,782 156,782 162,782 163,782 164,782 165,782 174,782 176,782 177,782 180,782 181,782
west_east_paths 13,785 15,785 16,785 17,785 18,785 21,785 24,785 25,785 26,785 27,785 28,785 35,785 36,785 38,785 39,785 40,785 41,785 42,785 43,785 49,785 50,785 52,785 53,785 58,785 60,785
west_east_paths 2,790 3,790 4,790 5,790 7,790 8,790 10,790 11,790 14,790 19,790 21,790 22,790 23,790
west_east_paths 254,799 255,799 256,799 257,799 258,799 259,799 262,799 263,799 264,799 265,799 266,799 268,799 269,799 270,799 273,799 279,799 280,799 287,799 288,799
west_east_paths 1,800 2,800 3,800 4,800 5,800 6,800 7,800 8,800 9,800 10,800 11,800 12,800 13,800 14,800 15,800 16,800 17,800 18,800 19,800 20,800 21,800 22,800 23,800 24,800 25,800 26,800 27,800 28,800 29,800 30,800 31,800 32,800 33,800 34,800 35,800 36,800 37,800 38,800 39,800 40,800
west_east_paths 41,800 42,800 43,800 44,800 45,800 46,800 47,800 48,800 49,800 50,800 51,800 52,800 53,800 54,800 55,800 56,800 57,800 58,800 59,800 60,800 61,800 62,800 63,800 64,800 65,800 66,800 67,800 68,800 69,800 70,800 71,800 72,800 73,800 74,800 75,800 76,800 77,800 78,800 79,800 80,800
west_east_paths 81,800 82,800 83,800 84,800 85,800 86,800 87,800 88,800 89,800 90,800 91,800 92,800 93,800 94,800 95,800 96,800 97,800 98,800 99,800 100,800 101,800 102,800 103,800 104,800 105,800 106,800 107,800 108,800 109,800 110,800 111,800 112,800 113,800 114,800 115,800 116,800 117,800 118,800 119,800 120,800
west_east_paths 121,800 122,800 123,800 124,800 125,800 126,800 127,800 128,800 129,800 130,800 131,800 132,800 133,800 134,800 135,800 136,800 137,800 138,800 139,800 140,800 141,800 142,800 143,800 144,800 145,800 146,800 147,800 148,800 149,800 150,800 151,800 152,800 153,800 154,800 155,800 156,800 157,800 158,800 159,800 160,800
west_east_paths 161,800 162,800 163,800 164,800 165,800 166,800 167,800 168,800 169,800 170,800 171,800 172,800 173,800 174,800 175,800 176,800 177,800 178,800 179,800 180,800 181,800 182,800 183,800 184,800 185,800 186,800 187,800 188,800 189,800 190,800 191,800 192,800 193,800 194,800 195,800 196,800 197,800 198,800 199,800 200,800
west_east_paths 201,800 202,800 203,800 204,800 205,800 206,800 207,800 208,800 209,800 210,800 211,800 212,800 213,800 214,800 215,800 216,800 217,800 218,800 219,800 220,800 221,800 222,800 223,800 224,800 225,800 226,800 227,800 228,800 229,800 230,800 231,800 232,800 233,800 234,800 235,800 236,800 237,800 238,800 239,800 240,800
west_east_paths 241,800 242,800 243,800 244,800 245,800 246,800 247,800 248,800 249,800 250,800 251,800 252,800 253,800 254,800 255,800 256,800 257,800 258,800 259,800 260,800 261,800 262,800 263,800 264,800 265,800 266,800 267,800 268,800 269,800 270,800 271,800 272,800 273,800 274,800 275,800 276,800 277,800 278,800 279,800 280,800
west_east_paths 281,800 282,800 283,800 284,800 285,800 286,800 287,800 288,800 289,800 290,800 291,800 292,800 293,800 294,800 295,800 296,800 297,800 298,800 299,800 300,800 301,800 302,800 303,800 304,800 305,800 306,800 307,800 308,800 309,800 310,800 311,800 312,800 313,800 314,800 315,800 316,800 317,800 318,800 319,800 320,800
west_east_paths 321,800 322,800 323,800 324,800 325,800 326,800 327,800 328,800 329,800 330,800 331,800 332,800 333,800 334,800 335,800 336,800 337,800 338,800 339,800 340,800 341,800 342,800 343,800 344,800 345,800 346,800 347,800 348,800 349,800 350,800 351,800 352,800 353,800 354,800 355,800 356,800 357,800 358,800 359,800 360,800
west_east_paths 361,800 362,800 363,800 364,800 365,800 366,800 367,800 368,800 369,800 370,800 371,800 372,800 373,800 374,800 375,800 376,800 377,800 378,800 379,800 380,800 381,800 382,800 383,800 384,800 385,800 386,800 387,800 388,800 389,800 390,800 391,800 392,800 393,800 394,800 395,800 396,800 397,800 398,800 399,800 400,800
west_east_paths 401,800 402,800 403,800 404,800 405,800 406,800 407,800 408,800 409,800 410,800 411,800 412,800 413,800 414,800 415,800 416,800 417,800 418,800 419,800 420,800 421,800 422,800 423,800 424,800 425,800 426,800 427,800 428,800 429,800 430,800 431,800 432,800 433,800 434,800 435,800 436,800 437,800 438,800 439,800 440,800
west_east_paths 441,800 442,800 443,800 444,800 445,800 446,800 447,800 448,800 449,800 450,800 451,800 452,800 453,800 454,800 455,800 456,800 457,800 458,800 459,800 460,800 461,800 462,800 463,800 464,800 465,800 466,800 467,800 468,800 469,800 470,800 471,800 472,800 473,800 474,800 475,800 476,800 477,800 478,800 479,800 480,800
west_east_paths 481,800 482,800 483,800 484,800 485,800 486,800 487,800 488,800 489,800 490,800 491,800 492,800 493,800 494,800 495,800 496,800 497,800 498,800 499,800 500,800 501,800 502,800 503,800 504,800 505,800 506,800 507,800 508,800 509,800 510,800 511,800 512,800 513,800 514,800 515,800 516,800 517,800 518,800 519,800 520,800
west_east_paths 521,800 522,800 523,800 524,800 525,800 526,800 527,800 528,800 529,800 530,800 531,800 532,800 533,800 534,800 535,800 536,800 537,800 538,800 539,800 540,800 541,800 542,800 543,800 544,800 545,800 546,800 547,800 548,800 549,800 550,800 551,800 552,800 553,800 554,800 555,800 556,800 557,800 558,800 559,800 560,800
west_east_paths 561,800 562,800 563,800 564,800 565,800 566,800 567,800 568,800 569,800 570,800 571,800 572,800 573,800 574,800 575,800 576,800 577,800 578,800 579,800 580,800 581,800 582,800 583,800 584,800 585,800 586,800 587,800 588,800 589,800 590,800 591,800 592,800 593,800 594,800 595,800 596,800 597,800 598,800 599,800 600,800
west_east_paths 601,800 602,800 603,800 604,800 605,800 606,800 607,800 608,800 609,800 610,800 611,800 612,800 613,800 614,800 615,800 616,800 617,800 618,800 619,800 620,800 621,800 622,800 623,800 624,800 625,800 626,800 627,800 628,800 629,800 630,800 631,800 632,800 633,800 634,800 635,800 636,800 637,800 638,800 639,800 640,800
west_east_paths 641,800 642,800 643,800 644,800 645,800 646,800 647,800 648,800 649,800 650,800 651,800 652,800 653,800 654,800 655,800 656,800 657,800 658,800 659,800 660,800 661,800 662,800 663,800 664,800 665,800 666,800 667,800 668,800 669,800 670,800 671,800 672,800 673,800 674,800 675,800 676,800 677,800 678,800 679,800 680,800
west_east_paths 681,800 682,800 683,800 684,800 685,800 686,800 687,800 688,800 689,800 690,800 691,800 692,800 693,800 694,800 695,800 696,800 697,800 698,800 699,800 700,800 701,800 702,800 703,800 704,800 705,800 706,800 707,800 708,800 709,800 710,800 711,800 712,800 713,800 714,800 715,800 716,800 717,800 718,800 719,800 720,800
west_east_paths 721,800 722,800 723,800 724,800 725,800 726,800 727,800 728,800 729,800 730,800 731,800 732,800 733,800 734,800 735,800 736,800 737,800 738,800 739,800 740,800 741,800 742,800 743,800 744,800 745,800 746,800 747,800 748,800 749,800 750,800 751,800 752,800 753,800 754,800 755,800 756,800 757,800 758,800 759,800 760,800
west_east_paths 761,800 762,800 763,800 764,800 765,800 766,800 767,800 768,800 769,800 770,800 771,800 772,800 773,800 774,800 775,800 776,800 777,800 778,800 779,800 780,800 781,800 782,800 783,800 784,800 785,800 786,800 787,800 788,800 789,800 790,800 791,800 792,800 793,800 794,800 795,800 796,800 797,800 798,800 799,800 800,800
west_east_paths 801,800 802,800 803,800 804,800 805,800 806,800 807,800 808,800 809,800 810,800 811,800 812,800 813,800 814,800 815,800 816,800 817,800 818,800 819,800 820,800 821,800 822,800 823,800 824,800 825,800 826,800 827,800 828,800 829,800 830,800 831,800 832,800 833,800 834,800 835,800 836,800 837,800 838,800 839,800 840,800
west_east_paths 841,800 842,800 843,800 844,800 845,800 846,800 847,800 848,800 849,800 850,800 851,800 852,800 853,800 854,800 855,800 856,800 857,800 858,800 859,800 860,800 861,800 862,800 863,800 864,800 865,800 866,800 867,800 868,800 869,800 870,800 871,800 872,800 873,800 874,800 875,800 876,800 877,800 878,800 879,800 880,800
west_east_paths 881,800 882,800 883,800 884,800 885,800 886,800 887,800 888,800 889,800 890,800 891,800 892,800 893,800 894,800 895,800 896,800 897,800 898,800 899,800 900,800 901,800 902,800 903,800 904,800 905,800 906,800 907,800 908,800 909,800 910,800 911,800 912,800 913,800 914,800 915,800 916,800 917,800 918,800 919,800 920,800
west_east_paths 921,800 922,800 923,800 924,800 925,800 926,800 927,800 928,800 929,800 930,800 931,800 932,800 933,800 934,800 935,800 936,800 937,800 938,800 939,800 940,800 941,800 942,800 943,800 944,800 945,800 946,800 947,800 948,800 949,800 950,800 951,800 952,800 953,800 954,800 955,800 956,800 957,800 958,800 959,800 960,800
west_east_paths 961,800 962,800 963,800 964,800 965,800 966,800 967,800 968,800 969,800 970,800 971,800 972,800 973,800 974,800 975,800 976,800 977,800 978,800 979,800 980,800 981,800 982,800 983,800 984,800 985,800 986,800 987,800 988,800 989,800 990,800 991,800 992,800 993,800 994,800 995,800 996,800 997,800 998,800 999,800
west_east_paths 945,804 948,804 949,804 950,804 952,804 953,804 957,804 958,804
west_east_paths 380,806 383,806 384,806 385,806 387,806 388,806 393,806 396,806 397,806 398,806 400,806 401,806 402,806 403,806 406,806 410,806 411,806
west_east_paths 45,813 48,813 52,813 53,813 54,813 55,813 56,813 57,813 60,813 61,813 63,813 70,813 74,813 75,813 76,813 77,813 79,813 80,813 81,813 82,813 83,813 84,813 86,813 89,813 90,813 97,813 98,813 99,813 101,813 102,813
west_east_paths 427,815 429,815 430,815 432,815 433,815 435,815 438,815 440,815 441,815 442,815 443,815 444,815 445,815
west_east_paths 508,821 510,821 512,821 514,821 516,821 517,821 519,821 521,821 523,821 525,821 526,821 527,821 528,821 529,821 530,821 531,821 532,821
west_east_paths 713,822 716,822 726,822 727,822 728,822 731,822 732,822 733,822 734,822 735,822 740,822 741,822 745,822 746,822 747,822 748,822 749,822 750,822 751,822 752,822 753,822 755,822 756,822 758,822 759,822 760,822
west_east_paths 250,824 252,824 255,824 257,824 258,824 260,824 262,824 269,824 271,824 272,824 274,824 276,824 277,824 278,824 279,824 280,824 281,824 283,824 285,824 288,824 290,824 291,824 293,824 295,824 296,824
west_east_paths 53,829 54,829 58,829 59,829 60,829 61,829 65,829 66,829 67,829
west_east_paths 86,831 88,831 93,831 95,831 100,831 101,831 104,831 107,831 108,831 110,831 111,831 114,831 115,831 117,831 118,831 121,831 122,831 123,831 124,831 126,831 128,831 129,831 130,831 131,831 133,831
west_east_paths 479,832 481,832 482,832 484,832 486,832 487,832 488,832
west_east_paths 23,834 26,834 27,834 28,834 31,834 32,834 34,834 35,834 36,834
west_east_paths 174,840 177,840 178,840 179,840 180,840 181,840 186,840 187,840 189,840
west_east_paths 206,857 210,857 211,857 212,857 213,857
west_east_paths 675,859 678,859 679,859 681,859 682,859
west_east_paths 451,863 453,863 454,863 457,863 459,863 460,863 462,863 464,863 465,863 468,863 470,863
west_east_paths 234,877 237,877 239,877 240,877 242,877 243,877 245,877 248,877 250,877 251,877 253,877 254,877 732,877 734,877 735,877 736,877 737,877 738,877 739,877 745,877 746,877 747,877 750,877 751,877 752,877 753,877 754,877 761,877
west_east_paths 205,879 212,879 214,879 217,879 218,879 220,879 221,879 223,879 230,879 232,879 233,879 235,879 236,879 237,879 238,879 239,879 240,879 242,879 245,879 248,879 249,879 251,879 253,879 254,879 255,879 256,879 257,879 258,879
west_east_paths 636,880 638,880 639,880 641,880 642,880 643,880 644,880 645,880
west_east_paths 469,881 471,881 472,881 473,881 475,881 478,881 479,881 481,881 482,881 485,881 486,881 488,881 492,881
west_east_paths 66,886 71,886 72,886 76,886 84,886 87,886 88,886 90,886 91,886 94,886 95,886 97,886 98,886 99,886 100,886 101,886 102,886 103,886 105,886 106,886 107,886 110,886 111,886 112,886 113,886 115,886
west_east_paths 569,888 570,888 571,888 572,888 574,888 575,888 578,888 579,888 581,888 583,888 589,888 590,888 592,888 593,888 594,888 595,888 596,888 598,888 600,888 603,888 604,888 607,888
west_east_paths 426,899 427,899 428,899 430,899 431,899 433,899 437,899 441,899 442,899 443,899 444,899 445,899 446,899 452,899 453,899 454,899 456,899 457,899 458,899 460,899 463,899
west_east_paths 1,900 2,900 3,900 4,900 5,900 6,900 7,900 8,900 9,900 10,900 11,900 12,900 13,900 14,900 15,900 16,900 17,900 18,900 19,900 20,900 21,900 22,900 23,900 24,900 25,900 26,900 27,900 28,900 29,900 30,900 31,900 32,900 33,900 34,900 35,900 36,900 37,900 38,900 39,900 40,900
west_east_paths 41,900 42,900 43,900 44,900 45,900 46,900 47,900 48,900 49,900 50,900 51,900 52,900 53,900 54,900 55,900 56,900 57,900 58,900 59,900 60,900 61,900 62,900 63,900 64,900 65,900 66,900 67,900 68,900 69,900 70,900 71,900 72,900 73,900 74,900 75,900 76,900 77,900 78,900 79,900 80,900
west_east_paths 81,900 82,900 83,900 84,900 85,900 86,900 87,900 88,900 89,900 90,900 91,900 92,900 93,900 94,900 95,900 96,900 97,900 98,900 99,900 100,900 101,900 102,900 103,900 104,900 105,900 106,900 107,900 108,900 109,900 110,900 111,900 112,900 113,900 114,900 115,900 116,900 117,900 118,900 119,900 120,900
west_east_paths 121,900 122,900 123,900 124,900 125,900 126,900 127,900 128,900 129,900 130,900 131,900 132,900 133,900 134,900 135,900 136,900 137,900 138,900 139,900 140,900 141,900 142,900 143,900 144,900 145,900 146,900 147,900 148,900 149,900 150,900 151,900 152,900 153,900 154,900 155,900 156,900 157,900 158,900 159,900 160,900
west_east_paths 161,900 162,900 163,900 164,900 165,900 166,900 167,900 168,900 169,900 170,900 171,900 172,900 173,900 174,900 175,900 176,900 177,900 178,900 179,900 180,900 181,900 182,900 183,900 184,900 185,900 186,900 187,900 188,900 189,900 190,900 191,900 192,900 193,900 194,900 195,900 196,900 197,900 198,900 199,900 200,900
west_east_paths 201,900 202,900 203,900 204,900 205,900 206,900 207,900 208,900 209,900 210,900 211,900 212,900 213,900 214,900 215,900 216,900 217,900 218,900 219,900 220,900 221,900 222,900 223,900 224,900 225,900 226,900 227,900 228,900 229,900 230,900 231,900 232,900 233,900 234,900 235,900 236,900 237,900 238,900 239,900 240,900
west_east_paths 241,900 242,900 243,900 244,900 245,900 246,900 247,900 248,900 249,900 250,900 251,900 252,900 253,900 254,900 255,900 256,900 257,900 258,900 259,900 260,900 261,900 262,900 263,900 264,900 265,900 266,900 267,900 268,900 269,900 270,900 271,900 272,900 273,900 274,900 275,900 276,900 277,900 278,900 279,900 280,900
west_east_paths 281,900 282,900 283,900 284,900 285,900 286,900 287,900 288,900 289,900 290,900 291,900 292,900 293,900 294,900 295,900 296,900 297,900 298,900 299,900 300,900 301,900 302,900 303,900 304,900 305,900 306,900 307,900 308,900 309,900 310,900 311,900 312,900 313,900 314,900 315,900 316,900 317,900 318,900 319,900 320,900
west_east_paths 321,900 322,900 323,900 324,900 325,900 326,900 327,900 328,900 329,900 330,900 331,900 332,900 333,900 334,900 335,900 336,900 337,900 338,900 339,900 340,900 341,900 342,900 343,900 344,900 345,900 346,900 347,900 348,900 349,900 350,900 351,900 352,900 353,900 354,900 355,900 356,900 357,900 358,900 359,900 360,900
west_east_paths 361,900 362,900 363,900 364,900 365,900 366,900 367,900 368,900 369,900 370,900 371,900 372,900 373,900 374,900 375,900 376,900 377,900 378,900 379,900 380,900 381,900 382,900 383,900 384,900 385,900 386,900 387,900 388,900 389,900 390,900 391,900 392,900 393,900 394,900 395,900 396,900 397,900 398,900 399,900 400,900
west_east_paths 401,900 402,900 403,900 404,900 405,900 406,900 407,900 408,900 409,900 410,900 411,900 412,900 413,900 414,900 415,900 416,900 417,900 418,900 419,900 420,900 421,900 422,900 423,900 424,900 425,900 426,900 427,900 428,900 429,900 430,900 431,900 432,900 433,900 434,900 435,900 436,900 437,900 438,900 439,900 440,900
west_east_paths 441,900 442,900 443,900 444,900 445,900 446,900 447,900 448,900 449,900 450,900 451,900 452,900 453,900 454,900 455,900 456,900 457,900 458,900 459,900 460,900 461,900 462,900 463,900 464,900 465,900 466,900 467,900 468,900 469,900 470,900 471,900 472,900 473,900 474,900 475,900 476,900 477,900 478,900 479,900 480,900
west_east_paths 481,900 482,900 483,900 484,900 485,900 486,900 487,900 488,900 489,900 490,900 491,900 492,900 493,900 494,900 495,900 496,900 497,900 498,900 499,900 500,900 501,900 502,900 503,900 504,900 505,900 506,900 507,900 508,900 509,900 510,900 511,900 512,900 513,900 514,900 515,900 516,900 517,900 518,900 519,900 520,900
west_east_paths 521,900 522,900 523,900 524,900 525,900 526,900 527,900 528,900 529,900 530,900 531,900 532,900 533,900 534,900 535,900 536,900 537,900 538,900 539,900 540,900 541,900 542,900 543,900 544,900 545,900 546,900 547,900 548,900 549,900 550,900 551,900 552,900 553,900 554,900 555,900 556,900 557,900 558,900 559,900 560,900
west_east_paths 561,900 562,900 563,900 564,900 565,900 566,900 567,900 568,900 569,900 570,900 571,900 572,900 573,900 574,900 575,900 576,900 577,900 578,900 579,900 580,900 581,900 582,900 583,900 584,900 585,900 586,900 587,900 588,900 589,900 590,900 591,900 592,900 593,900 594,900 595,900 596,900 597,900 598,900 599,900 600,900
west_east_paths 601,900 602,900 603,900 604,900 605,900 606,900 607,900 608,900 609,900 610,900 611,900 612,900 613,900 614,900 615,900 616,900 617,900 618,900 619,900 620,900 621,900 622,900 623,900 624,900 625,900 626,900 627,900 628,900 629,900 630,900 631,900 632,900 633,900 634,900 635,900 636,900 637,900 638,900 639,900 640,900
west_east_paths 641,900 642,900 643,900 644,900 645,900 646,900 647,900 648,900 649,900 650,900 651,900 652,900 653,900 654,900 655,900 656,900 657,900 658,900 659,900 660,900 661,900 662,900 663,900 664,900 665,900 666,900 667,900 668,900 669,900 670,900 671,900 672,900 673,900 674,900 675,900 676,900 677,900 678,900 679,900 680,900
west_east_paths 681,900 682,900 683,900 684,900 685,900 686,900 687,900 688,900 689,900 690,900 691,900 692,900 693,900 694,900 695,900 696,900 697,900 698,900 699,900 700,900 701,900 702,900 703,900 704,900 705,900 706,900 707,900 708,900 709,900 710,900 711,900 712,900 713,900 714,900 715,900 716,900 717,900 718,900 719,900 720,900
west_east_paths 721,900 722,900 723,900 724,900 725,900 726,900 727,900 728,900 729,900 730,900 731,900 732,900 733,900 734,900 735,900 736,900 737,900 738,900 739,900 740,900 741,900 742,900 743,900 744,900 745,900 746,900 747,900 748,900 749,900 750,900 751,900 752,900 753,900 754,900 755,900 756,900 757,900 758,900 759,900 760,900
west_east_paths 761,900 762,900 763,900 764,900 765,900 766,900 767,900 768,900 769,900 770,900 771,900 772,900 773,900 774,900 775,900 776,900 777,900 778,900 779,900 780,900 781,900 782,900 783,900 784,900 785,900 786,900 787,900 788,900 789,900 790,900 791,900 792,900 793,900 794,900 795,900 796,900 797,900 798,900 799,900 800,900
west_east_paths 801,900 802,900 803,900 804,900 805,900 806,900 807,900 808,900 809,900 810,900 811,900 812,900 813,900 814,900 815,900 816,900 817,900 818,900 819,900 820,900 821,900 822,900 823,900 824,900 825,900 826,900 827,900 828,900 829,900 830,900 831,900 832,900 833,900 834,900 835,900 836,900 837,900 838,900 839,900 840,900
west_east_paths 841,900 842,900 843,900 844,900 845,900 846,900 847,900 848,900 849,900 850,900 851,900 852,900 853,900 854,900 855,900 856,900 857,900 858,900 859,900 860,900 861,900 862,900 863,900 864,900 865,900 866,900 867,900 868,900 869,900 870,900 871,900 872,900 873,900 874,900 875,900 876,900 877,900 878,900 879,900 880,900
west_east_paths 881,900 882,900 883,900 884,900 885,900 886,900 887,900 888,900 889,900 890,900 891,900 892,900 893,900 894,900 895,900 896,900 897,900 898,900 899,900 900,900 901,900 902,900 903,900 904,900 905,900 906,900 907,900 908,900 909,900 910,900 911,900 912,900 913,900 914,900 915,900 916,900 917,900 918,900 919,900 920,900
west_east_paths 921,900 922,900 923,900 924,900 925,900 926,900 927,900 928,900 929,900 930,900 931,900 932,900 933,900 934,900 935,900 936,900 937,900 938,900 939,900 940,900 941,900 942,900 943,900 944,900 945,900 946,900 947,900 948,900 949,900 950,900 951,900 952,900 953,900 954,900 955,900 956,900 957,900 958,900 959,900 960,900
west_east_paths 961,900 962,900 963,900 964,900 965,900 966,900 967,900 968,900 969,900 970,900 971,900 972,900 973,900 974,900 975,900 976,900 977,900 978,900 979,900 980,900 981,900 982,900 983,900 984,900 985,900 986,900 987,900 988,900 989,900 990,900 991,900 992,900 993,900 994,900 995,900 996,900 997,900 998,900 999,900
west_east_paths 377,903 380,903 381,903 383,903 386,903 387,903 388,903 389,903 391,903 392,903 394,903 401,903 402,903 403,903 404,903 408,903 409,903 410,903 411,903 412,903 413,903 415,903 418,903 423,903 424,903 426,903 429,903 430,903 576,903 578,903 579,903 580,903 583,903 586,903 589,903 590,903 591,903 593,903 594,903 596,903
west_east_paths 597,903 601,903 882,903 889,903 891,903 892,903 893,903 894,903 896,903 897,903 902,903 904,903 905,903 906,903 907,903 908,903 909,903
west_east_paths 204,914 206,914 207,914 209,914 210,914 211,914 213,914 214,914 215,914 217,914 218,914 222,914 226,914 229,914
west_east_paths 266,915 268,915 271,915 272,915 274,915 275,915 278,915 279,915 281,915 283,915 284,915
west_east_paths 257,920 258,920 259,920 260,920 264,920 266,920 267,920 272,920 273,920 274,920 275,920 276,920 279,920 281,920 282,920 283,920 288,920
west_east_paths 637,923 638,923 639,923 641,923 643,923 644,923 645,923 646,923 648,923 649,923 650,923 652,923 657,923 661,923 662,923 663,923 664,923 666,923 667,923 668,923 669,923 671,923 675,923 680,923 682,923 686,923 687,923
west_east_paths 244,925 246,925 251,925 254,925 257,925 258,925 260,925 262,925 263,925 265,925 268,925 269,925 271,925 272,925 274,925 275,925 276,925 277,925 279,925
west_east_paths 42,926 43,926 46,926 48,926 49,926 51,926 54,926 56,926 57,926 58,926 59,926 60,926 62,926 63,926 64,926 67,926 73,926 75,926 76,926 78,926 81,926 83,926 84,926 87,926 88,926 89,926 90,926 91,926
west_east_paths 973,928 975,928 976,928 981,928 982,928 984,928 985,928 986,928 987,928 990,928 992,928
west_east_paths 20,930 22,930 23,930 26,930 30,930 32,930 33,930 35,930 36,930 38,930 39,930 41,930 44,930 47,930 49,930 50,930 51,930 53,930 54,930 57,930 59,930
west_east_paths 149,936 151,936 152,936 157,936 159,936 160,936 162,936 163,936 166,936 167,936 168,936 169,936 171,936 172,936 177,936 178,936 181,936 184,936 186,936 187,936 188,936 189,936 192,936
west_east_paths 425,938 426,938 430,938 432,938 434,938 436,938 437,938 438,938 441,938 443,938 445,938 447,938 448,938 449,938
west_east_paths 571,942 573,942 577,942 578,942 582,942 583,942 584,942 585,942 587,942 588,942 590,942 591,942 594,942 599,942 600,942 601,942 604,942 605,942 606,942 608,942 610,942
west_east_paths 816,948 817,948 818,948
west_east_paths 146,950 148,950 149,950 151,950
west_east_paths 503,951 505,951 508,951 509,951 513,951 514,951 516,951 517,951 518,951 521,951 522,951 524,951
west_east_paths 334,953 335,953 337,953 338,953 340,953 341,953 342,953 348,953 350,953 351,953 353,953 354,953 355,953 356,953 357,953 361,953 364,953 367,953 368,953 369,953 370,953
west_east_paths 401,971 403,971 404,971 405,971 407,971 409,971 411,971 412,971 414,971 416,971 418,971 422,971 424,971
west_east_paths 7,973 16,973 17,973 21,973 22,973 23,973 24,973 25,973 26,973 28,973 29,973 30,973 33,973 40,973 41,973 42,973 45,973 46,973 47,973 48,973 49,973 50,973 51,973 52,973
west_east_paths 494,975 495,975 497,975 499,975 501,975 504,975 505,975 507,975 508,975 509,975 511,975 514,975 515,975 517,975 518,975 520,975 524,975 527,975 528,975 530,975 532,975 534,975 537,975 538,975 539,975 540,975
west_east_paths 776,983 777,983 778,983 779,983 780,983 785,983 786,983 788,983 789,983 791,983 794,983 795,983 796,983 797,983
west_east_paths 169,993 170,993 174,993 175,993 176,993 177,993 180,993 181,993 182,993
west_east_paths 648,997 649,997 653,997 654,997 655,997 656,997 660,997 661,997 662,997
west_east_paths 1,1000 2,1000 3,1000 4,1000 5,1000 6,1000 7,1000 8,1000 9,1000 10,1000 11,1000 12,1000 13,1000 14,1000 15,1000 16,1000 17,1000 18,1000 19,1000 20,1000 21,1000 22,1000 23,1000 24,1000 25,1000 26,1000 27,1000 28,1000 29,1000 30,1000 31,1000 32,1000 33,1000 34,1000 35,1000 36,1000 37,1000 38,1000 39,1000 40,1000
west_east_paths 41,1000 42,1000 43,1000 44,1000 45,1000 46,1000 47,1000 48,1000 49,1000 50,1000 51,1000 52,1000 53,1000 54,1000 55,1000 56,1000 57,1000 58,1000 59,1000 60,1000 61,1000 62,1000 63,1000 64,1000 65,1000 66,1000 67,1000 68,1000 69,1000 70,1000 71,1000 72,1000 73,1000 74,1000 75,1000 76,1000 77,1000 78,1000 79,1000 80,1000
west_east_paths 81,1000 82,1000 83,1000 84,1000 85,1000 86,1000 87,1000 88,1000 89,1000 90,1000 91,1000 92,1000 93,1000 94,1000 95,1000 96,1000 97,1000 98,1000 99,1000 100,1000 101,1000 102,1000 103,1000 104,1000 105,1000 106,1000 107,1000 108,1000 109,1000 110,1000 111,1000 112,1000 113,1000 114,1000 115,1000 116,1000 117,1000 118,1000 119,1000 120,1000
west_east_paths 121,1000 122,1000 123,1000 124,1000 125,1000 126,1000 127,1000 128,1000 129,1000 130,1000 131,1000 132,1000 133,1000 134,1000 135,1000 136,1000 137,1000 138,1000 139,1000 140,1000 141,1000 142,1000 143,1000 144,1000 145,1000 146,1000 147,1000 148,1000 149,1000 150,1000 151,1000 152,1000 153,1000 154,1000 155,1000 156,1000 157,1000 158,1000 159,1000 160,1000
west_east_paths 161,1000 162,1000 163,1000 164,1000 165,1000 166,1000 167,1000 168,1000 169,1000 170,1000 171,1000 172,1000 173,1000 174,1000 175,1000 176,1000 177,1000 178,1000 179,1000 180,1000 181,1000 182,1000 183,1000 184,1000 185,1000 186,1000 187,1000 188,1000 189,1000 190,1000 191,1000 192,1000 193,1000 194,1000 195,1000 196,1000 197,1000 198,1000 199,1000 200,1000
west_east_paths 201,1000 202,1000 203,1000 204,1000 205,1000 206,1000 207,1000 208,1000 209,1000 210,1000 211,1000 212,1000 213,1000 214,1000 215,1000 216,1000 217,1000 218,1000 219,1000 220,1000 221,1000 222,1000 223,1000 224,1000 225,1000 226,1000 227,1000 228,1000 229,1000 230,1000 231,1000 232,1000 233,1000 234,1000 235,1000 236,1000 237,1000 238,1000 239,1000 240,1000
west_east_paths 241,1000 242,1000 243,1000 244,1000 245,1000 246,1000 247,1000 248,1000 249,1000 250,1000 251,1000 252,1000 253,1000 254,1000 255,1000 256,1000 257,1000 258,1000 259,1000 260,1000 261,1000 262,1000 263,1000 264,1000 265,1000 266,1000 267,1000 268,1000 269,1000 270,1000 271,1000 272,1000 273,1000 274,1000 275,1000 276,1000 277,1000 278,1000 279,1000 280,1000
west_east_paths 281,1000 282,1000 283,1000 284,1000 285,1000 286,1000 287,1000 288,1000 289,1000 290,1000 291,1000 292,1000 293,1000 294,1000 295,1000 296,1000 297,1000 298,1000 299,1000 300,1000 301,1000 302,1000 303,1000 304,1000 305,1000 306,1000 307,1000 308,1000 309,1000 310,1000 311,1000 312,1000 313,1000 314,1000 315,1000 316,1000 317,1000 318,1000 319,1000 320,1000
west_east_paths 321,1000 322,1000 323,1000 324,1000 325,1000 326,1000 327,1000 328,1000 329,1000 330,1000 331,1000 332,1000 333,1000 334,1000 335,1000 336,1000 337,1000 338,1000 339,1000 340,1000 341,1000 342,1000 343,1000 344,1000 345,1000 346,1000 347,1000 348,1000 349,1000 350,1000 351,1000 352,1000 353,1000 354,1000 355,1000 356,1000 357,1000 358,1000 359,1000 360,1000
west_east_paths 361,1000 362,1000 363,1000 364,1000 365,1000 366,1000 367,1000 368,1000 369,1000 370,1000 371,1000 372,1000 373,1000 374,1000 375,1000 376,1000 377,1000 378,1000 379,1000 380,1000 381,1000 382,1000 383,1000 384,1000 385,1000 386,1000 387,1000 388,1000 389,1000 390,1000 391,1000 392,1000 393,1000 394,1000 395,1000 396,1000 397,1000 398,1000 399,1000 400,1000
west_east_paths 401,1000 402,1000 403,1000 404,1000 405,1000 406,1000 407,1000 408,1000 409,1000 410,1000 411,1000 412,1000 413,1000 414,1000 415,1000 416,1000 417,1000 418,1000 419,1000 420,1000 421,1000 422,1000 423,1000 424,1000 425,1000 426,1000 427,1000 428,1000 429,1000 430,1000 431,1000 432,1000 433,1000 434,1000 435,1000 436,1000 437,1000 438,1000 439,1000 440,1000
west_east_paths 441,1000 442,1000 443,1000 444,1000 445,1000 446,1000 447,1000 448,1000 449,1000 450,1000 451,1000 452,1000 453,1000 454,1000 455,1000 456,1000 457,1000 458,1000 459,1000 460,1000 461,1000 462,1000 463,1000 464,1000 465,1000 466,1000 467,1000 468,1000 469,1000 470,1000 471,1000 472,1000 473,1000 474,1000 475,1000 476,1000 477,1000 478,1000 479,1000 480,1000
west_east_paths 481,1000 482,1000 483,1000 484,1000 485,1000 486,1000 487,1000 488,1000 489,1000 490,1000 491,1000 492,1000 493,1000 494,1000 495,1000 496,1000 497,1000 498,1000 499,1000 500,1000 501,1000 502,1000 503,1000 504,1000 505,1000 506,1000 507,1000 508,1000 509,1000 510,1000 511,1000 512,1000 513,1000 514,1000 515,1000 516,1000 517,1000 518,1000 519,1000 520,1000
west_east_paths 521,1000 522,1000 523,1000 524,1000 525,1000 526,1000 527,1000 528,1000 529,1000 530,1000 531,1000 532,1000 533,1000 534,1000 535,1000 536,1000 537,1000 538,1000 539,1000 540,1000 541,1000 542,1000 543,1000 544,1000 545,1000 546,1000 547,1000 548,1000 549,1000 550,1000 551,1000 552,1000 553,1000 554,1000 555,1000 556,1000 557,1000 558,1000 559,1000 560,1000
west_east_paths 561,1000 562,1000 563,1000 564,1000 565,1000 566,1000 567,1000 568,1000 569,1000 570,1000 571,1000 572,1000 573,1000 574,1000 575,1000 576,1000 577,1000 578,1000 579,1000 580,1000 581,1000 582,1000 583,1000 584,1000 585,1000 586,1000 587,1000 588,1000 589,1000 590,1000 591,1000 592,1000 593,1000 594,1000 595,1000 596,1000 597,1000 598,1000 599,1000 600,1000
west_east_paths 601,1000 602,1000 603,1000 604,1000 605,1000 606,1000 607,1000 608,1000 609,1000 610,1000 611,1000 612,1000 613,1000 614,1000 615,1000 616,1000 617,1000 618,1000 619,1000 620,1000 621,1000 622,1000 623,1000 624,1000 625,1000 626,1000 627,1000 628,1000 629,1000 630,1000 631,1000 632,1000 633,1000 634,1000 635,1000 636,1000 637,1000 638,1000 639,1000 640,1000
west_east_paths 641,1000 642,1000 643,1000 644,1000 645,1000 646,1000 647,1000 648,1000 649,1000 650,1000 651,1000 652,1000 653,1000 654,1000 655,1000 656,1000 657,1000 658,1000 659,1000 660,1000 661,1000 662,1000 663,1000 664,1000 665,1000 666,1000 667,1000 668,1000 669,1000 670,1000 671,1000 672,1000 673,1000 674,1000 675,1000 676,1000 677,1000 678,1000 679,1000 680,1000
west_east_paths 681,1000 682,1000 683,1000 684,1000 685,1000 686,1000 687,1000 688,1000 689,1000 690,1000 691,1000 692,1000 693,1000 694,1000 695,1000 696,1000 697,1000 698,1000 699,1000 700,1000 701,1000 702,1000 703,1000 704,1000 705,1000 706,1000 707,1000 708,1000 709,1000 710,1000 711,1000 712,1000 713,1000 714,1000 715,1000 716,1000 717,1000 718,1000 719,1000 720,1000
west_east_paths 721,1000 722,1000 723,1000 724,1000 725,1000 726,1000 727,1000 728,1000 729,1000 730,1000 731,1000 732,1000 733,1000 734,1000 735,1000 736,1000 737,1000 738,1000 739,1000 740,1000 741,1000 742,1000 743,1000 744,1000 745,1000 746,1000 747,1000 748,1000 749,1000 750,1000 751,1000 752,1000 753,1000 754,1000 755,1000 756,1000 757,1000 758,1000 759,1000 760,1000
west_east_paths 761,1000 762,1000 763,1000 764,1000 765,1000 766,1000 767,1000 768,1000 769,1000 770,1000 771,1000 772,1000 773,1000 774,1000 775,1000 776,1000 777,1000 778,1000 779,1000 780,1000 781,1000 782,1000 783,1000 784,1000 785,1000 786,1000 787,1000 788,1000 789,1000 790,1000 791,1000 792,1000 793,1000 794,1000 795,1000 796,1000 797,1000 798,1000 799,1000 800,1000
west_east_paths 801,1000 802,1000 803,1000 804,1000 805,1000 806,1000 807,1000 808,1000 809,1000 810,1000 811,1000 812,1000 813,1000 814,1000 815,1000 816,1000 817,1000 818,1000 819,1000 820,1000 821,1000 822,1000 823,1000 824,1000 825,1000 826,1000 827,1000 828,1000 829,1000 830,1000 831,1000 832,1000 833,1000 834,1000 835,1000 836,1000 837,1000 838,1000 839,1000 840,1000
west_east_paths 841,1000 842,1000 843,1000 844,1000 845,1000 846,1000 847,1000 848,1000 849,1000 850,1000 851,1000 852,1000 853,1000 854,1000 855,1000 856,1000 857,1000 858,1000 859,1000 860,1000 861,1000 862,1000 863,1000 864,1000 865,1000 866,1000 867,1000 868,1000 869,1000 870,1000 871,1000 872,1000 873,1000 874,1000 875,1000 876,1000 877,1000 878,1000 879,1000 880,1000
west_east_paths 881,1000 882,1000 883,1000 884,1000 885,1000 886,1000 887,1000 888,1000 889,1000 890,1000 891,1000 892,1000 893,1000 894,1000 895,1000 896,1000 897,1000 898,1000 899,1000 900,1000 901,1000 902,1000 903,1000 904,1000 905,1000 906,1000 907,1000 908,1000 909,1000 910,1000 911,1000 912,1000 913,1000 914,1000 915,1000 916,1000 917,1000 918,1000 919,1000 920,1000
west_east_paths 921,1000 922,1000 923,1000 924,1000 925,1000 926,1000 927,1000 928,1000 929,1000 930,1000 931,1000 932,1000 933,1000 934,1000 935,1000 936,1000 937,1000 938,1000 939,1000 940,1000 941,1000 942,1000 943,1000 944,1000 945,1000 946,1000 947,1000 948,1000 949,1000 950,1000 951,1000 952,1000 953,1000 954,1000 955,1000 956,1000 957,1000 958,1000 959,1000 960,1000
west_east_paths 961,1000 962,1000 963,1000 964,1000 965,1000 966,1000 967,1000 968,1000 969,1000 970,1000 971,1000 972,1000 973,1000 974,1000 975,1000 976,1000 977,1000 978,1000 979,1000 980,1000 981,1000 982,1000 983,1000 984,1000 985,1000 986,1000 987,1000 988,1000 989,1000 990,1000 991,1000 992,1000 993,1000 994,1000 995,1000 996,1000 997,1000 998,1000 999,1000

south_north_paths 1,1 1,2 1,3 1,4 1,5 1,6 1,7 1,8 1,9 1,10 1,11 1,12 1,13 1,14 1,15 1,16 1,17 1,18 1,19 1,20 1,21 1,22 1,23 1,24 1,25 1,26 1,27 1,28 1,29 1,30 1,31 1,32 1,33 1,34 1,35 1,36 1,37 1,38 1,39 1,40
south_north_paths 1,41 1,42 1,43 1,44 1,45 1,46 1,47 1,48 1,49 1,50 1,51 1,52 1,53 1,54 1,55 1,56 1,57 1,58 1,59 1,60 1,61 1,62 1,63 1,64 1,65 1,66 1,67 1,68 1,69 1,70 1,71 1,72 1,73 1,74 1,75 1,76 1,77 1,78 1,79 1,80
south_north_paths 1,81 1,82 1,83 1,84 1,85 1,86 1,87 1,88 1,89 1,90 1,91 1,92 1,93 1,94 1,95 1,96 1,97 1,98 1,99 1,100 1,101 1,102 1,103 1,104 1,105 1,106 1,107 1,108 1,109 1,110 1,111 1,112 1,113 1,114 1,115 1,116 1,117 1,118 1,119 1,120
south_north_paths 1,121 1,122 1,123 1,124 1,125 1,126 1,127 1,128 1,129 1,130 1,131 1,132 1,133 1,134 1,135 1,136 1,137 1,138 1,139 1,140 1,141 1,142 1,143 1,144 1,145 1,146 1,147 1,148 1,149 1,150 1,151 1,152 1,153 1,154 1,155 1,156 1,157 1,158 1,159 1,160
south_north_paths 1,161 1,162 1,163 1,164 1,165 1,166 1,167 1,168 1,169 1,170 1,171 1,172 1,173 1,174 1,175 1,176 1,177 1,178 1,179 1,180 1,181 1,182 1,183 1,184 1,185 1,186 1,187 1,188 1,189 1,190 1,191 1,192 1,193 1,194 1,195 1,196 1,197 1,198 1,199 1,200
south_north_paths 1,201 1,202 1,203 1,204 1,205 1,206 1,207 1,208 1,209 1,210 1,211 1,212 1,213 1,214 1,215 1,216 1,217 1,218 1,219 1,220 1,221 1,222 1,223 1,224 1,225 1,226 1,227 1,228 1,229 1,230 1,231 1,232 1,233 1,234 1,235 1,236 1,237 1,238 1,239 1,240
south_north_paths 1,241 1,242 1,243 1,244 1,245 1,246 1,247 1,248 1,249 1,250 1,251 1,252 1,253 1,254 1,255 1,256 1,257 1,258 1,259 1,260 1,261 1,262 1,263 1,264 1,265 1,266 1,267 1,268 1,269 1,270 1,271 1,272 1,273 1,274 1,275 1,276 1,277 1,278 1,279 1,280
south_north_paths 1,281 1,282 1,283 1,284 1,285 1,286 1,287 1,288 1,289 1,290 1,291 1,292 1,293 1,294 1,295 1,296 1,297 1,298 1,299 1,300 1,301 1,302 1,303 1,304 1,305 1,306 1,307 1,308 1,309 1,310 1,311 1,312 1,313 1,314 1,315 1,316 1,317 1,318 1,319 1,320
south_north_paths 1,321 1,322 1,323 1,324 1,325 1,326 1,327 1,328 1,329 1,330 1,331 1,332 1,333 1,334 1,335 1,336 1,337 1,338 1,339 1,340 1,341 1,342 1,343 1,344 1,345 1,346 1,347 1,348 1,349 1,350 1,351 1,352 1,353 1,354 1,355 1,356 1,357 1,358 1,359 1,360
south_north_paths 1,361 1,362 1,363 1,364 1,365 1,366 1,367 1,368 1,369 1,370 1,371 1,372 1,373 1,374 1,375 1,376 1,377 1,378 1,379 1,380 1,381 1,382 1,383 1,384 1,385 1,386 1,387 1,388 1,389 1,390 1,391 1,392 1,393 1,394 1,395 1,396 1,397 1,398 1,399 1,400
south_north_paths 1,401 1,402 1,403 1,404 1,405 1,406 1,407 1,408 1,409 1,410 1,411 1,412 1,413 1,414 1,415 1,416 1,417 1,418 1,419 1,420 1,421 1,422 1,423 1,424 1,425 1,426 1,427 1,428 1,429 1,430 1,431 1,432 1,433 1,434 1,435 1,436 1,437 1,438 1,439 1,440
south_north_paths 1,441 1,442 1,443 1,444 1,445 1,446 1,447 1,448 1,449 1,450 1,451 1,452 1,453 1,454 1,455 1,456 1,457 1,458 1,459 1,460 1,461 1,462 1,463 1,464 1,465 1,466 1,467 1,468 1,469 1,470 1,471 1,472 1,473 1,474 1,475 1,476 1,477 1,478 1,479 1,480
south_north_paths 1,481 1,482 1,483 1,484 1,485 1,486 1,487 1,488 1,489 1,490 1,491 1,492 1,493 1,494 1,495 1,496 1,497 1,498 1,499 1,500 1,501 1,502 1,503 1,504 1,505 1,506 1,507 1,508 1,509 1,510 1,511 1,512 1,513 1,514 1,515 1,516 1,517 1,518 1,519 1,520
south_north_paths 1,521 1,522 1,523 1,524 1,525 1,526 1,527 1,528 1,529 1,530 1,531 1,532 1,533 1,534 1,535 1,536 1,537 1,538 1,539 1,540 1,541 1,542 1,543 1,544 1,545 1,546 1,547 1,548 1,549 1,550 1,551 1,552 1,553 1,554 1,555 1,556 1,557 1,558 1,559 1,560
south_north_paths 1,561 1,562 1,563 1,564 1,565 1,566 1,567 1,568 1,569 1,570 1,571 1,572 1,573 1,574 1,575 1,576 1,577 1,578 1,579 1,580 1,581 1,582 1,583 1,584 1,585 1,586 1,587 1,588 1,589 1,590 1,591 1,592 1,593 1,594 1,595 1,596 1,597 1,598 1,599 1,600
south_north_paths 1,601 1,602 1,603 1,604 1,605 1,606 1,607 1,608 1,609 1,610 1,611 1,612 1,613 1,614 1,615 1,616 1,617 1,618 1,619 1,620 1,621 1,622 1,623 1,624 1,625 1,626 1,627 1,628 1,629 1,630 1,631 1,632 1,633 1,634 1,635 1,636 1,637 1,638 1,639 1,640
south_north_paths 1,641 1,642 1,643 1,644 1,645 1,646 1,647 1,648 1,649 1,650 1,651 1,652 1,653 1,654 1,655 1,656 1,657 1,658 1,659 1,660 1,661 1,662 1,663 1,664 1,665 1,666 1,667 1,668 1,669 1,670 1,671 1,672 1,673 1,674 1,675 1,676 1,677 1,678 1,679 1,680
south_north_paths 1,681 1,682 1,683 1,684 1,685 1,686 1,687 1,688 1,689 1,690 1,691 1,692 1,693 1,694 1,695 1,696 1,697 1,698 1,699 1,700 1,701 1,702 1,703 1,704 1,705 1,706 1,707 1,708 1,709 1,710 1,711 1,712 1,713 1,714 1,715 1,716 1,717 1,718 1,719 1,720
south_north_paths 1,721 1,722 1,723 1,724 1,725 1,726 1,727 1,728 1,729 1,730 1,731 1,732 1,733 1,734 1,735 1,736 1,737 1,738 1,739 1,740 1,741 1,742 1,743 1,744 1,745 1,746 1,747 1,748 1,749 1,750 1,751 1,752 1,753 1,754 1,755 1,756 1,757 1,758 1,759 1,760
south_north_paths 1,761 1,762 1,763 1,764 1,765 1,766 1,767 1,768 1,769 1,770 1,771 1,772 1,773 1,774 1,775 1,776 1,777 1,778 1,779 1,780 1,781 1,782 1,783 1,784 1,785 1,786 1,787 1,788 1,789 1,790 1,791 1,792 1,793 1,794 1,795 1,796 1,797 1,798 1,799 1,800
south_north_paths 1,801 1,802 1,803 1,804 1,805 1,806 1,807 1,808 1,809 1,810 1,811 1,812 1,813 1,814 1,815 1,816 1,817 1,818 1,819 1,820 1,821 1,822 1,823 1,824 1,825 1,826 1,827 1,828 1,829 1,830 1,831 1,832 1,833 1,834 1,835 1,836 1,837 1,838 1,839 1,840
south_north_paths 1,841 1,842 1,843 1,844 1,845 1,846 1,847 1,848 1,849 1,850 1,851 1,852 1,853 1,854 1,855 1,856 1,857 1,858 1,859 1,860 1,861 1,862 1,863 1,864 1,865 1,866 1,867 1,868 1,869 1,870 1,871 1,872 1,873 1,874 1,875 1,876 1,877 1,878 1,879 1,880
south_north_paths 1,881 1,882 1,883 1,884 1,885 1,886 1,887 1,888 1,889 1,890 1,891 1,892 1,893 1,894 1,895 1,896 1,897 1,898 1,899 1,900 1,901 1,902 1,903 1,904 1,905 1,906 1,907 1,908 1,909 1,910 1,911 1,912 1,913 1,914 1,915 1,916 1,917 1,918 1,919 1,920
south_north_paths 1,921 1,922 1,923 1,924 1,925 1,926 1,927 1,928 1,929 1,930 1,931 1,932 1,933 1,934 1,935 1,936 1,937 1,938 1,939 1,940 1,941 1,942 1,943 1,944 1,945 1,946 1,947 1,948 1,949 1,950 1,951 1,952 1,953 1,954 1,955 1,956 1,957 1,958 1,959 1,960
south_north_paths 1,961 1,962 1,963 1,964 1,965 1,966 1,967 1,968 1,969 1,970 1,971 1,972 1,973 1,974 1,975 1,976 1,977 1,978 1,979 1,980 1,981 1,982 1,983 1,984 1,985 1,986 1,987 1,988 1,989 1,990 1,991 1,992 1,993 1,994 1,995 1,996 1,997 1,998 1,999
south_north_paths 2,70 2,71 2,72
south_north_paths 5,644 5,645 5,646 5,648 5,651 5,652 5,654 5,655 5,658 5,659 5,660 5,661 5,662 5,663 5,669 5,670 5,673 5,676 5,677 5,679 5,680 5,682 5,685 5,687 5,689 5,690 5,693 5,694 5,695 5,698 5,700 5,702 5,703 5,705 5,850 5,854 5,856 5,861 5,862 5,863
south_north_paths 5,866 5,867 5,869 5,871 5,873 5,874 5,876 5,878 5,881 5,882 5,886 5,887 5,888 5,889 5,891 5,893 5,894 5,895 5,897
south_north_paths 8,979 8,984 8,986 8,988 8,989 8,994 8,995 8,997 8,998 8,999
south_north_paths 10,379 10,380 10,382 10,385 10,386 10,388 10,389 10,391 10,394
south_north_paths 20,168 20,171 20,175 20,176 20,178 20,179 20,180 20,182 20,183
south_north_paths 25,177 25,178 25,181 25,184 25,185 25,187 25,189 25,190 25,191 25,192 25,193 25,198 25,200 25,203 25,204 25,206 25,207 25,210 25,211 25,915 25,916 25,917 25,918 25,922 25,923
south_north_paths 29,924 29,927 29,928 29,930 29,932 29,935 29,940 29,941 29,943 29,944 29,949 29,950 29,951 29,953 29,954 29,958 29,959 29,960 29,961 29,964 29,967 29,968 29,969 29,970 29,972 29,973 29,975 29,977 29,980 29,981
south_north_paths 32,722 32,724 32,727 32,728 32,731 32,734 32,735 32,736 32,738 32,739 32,742 32,743 32,745 32,847 32,848 32,850 32,853 32,854 32,855 32,856 32,858 32,861 32,862 32,864 32,867 32,871 32,874 32,876 32,877 32,879 32,880 32,882 32,883 32,884 32,886 32,887 32,889 32,892 32,893 32,895
south_north_paths 32,900 32,901 32,903
south_north_paths 40,296 40,298 40,299 40,300 40,301 40,302 40,303 40,304 40,305 40,306 40,307 40,308 40,309 40,312 40,314 40,316 40,317 40,318 40,320 40,321 40,325 40,327 40,329 40,330 40,343 40,345 40,346 40,347
south_north_paths 43,350 43,352 43,353 43,354 43,355 43,356 43,361
south_north_paths 45,300 45,301 45,303 45,304 45,306 45,307 45,308 45,313 45,314 45,315 45,316 45,317 45,321 45,324
south_north_paths 49,67 49,68 49,69 49,75 49,76 49,77 49,80 49,81 49,82 49,83 49,84
south_north_paths 55,952 55,953 55,958 55,961 55,964 55,965 55,972 55,974 55,975 55,977 55,978 55,979 55,980 55,981 55,982 55,985 55,986 55,988 55,989 55,991 55,992 55,993 55,994
south_north_paths 58,714 58,715 58,717 58,718 58,719 58,721 58,728 58,729 58,730 58,731 58,732 58,733 58,734 58,736 58,740 58,743
south_north_paths 59,853 59,854 59,857 59,858 59,860 59,861 59,864 59,865 59,866
south_north_paths 61,90 61,98 61,101 61,103 61,104 61,106 61,107 61,109 61,110 61,111 61,112 61,113 61,114 61,115
south_north_paths 79,741 79,742 79,743 79,744 79,745 79,746 79,747 79,754 79,755
south_north_paths 100,1 100,2 100,3 100,4 100,5 100,6 100,7 100,8 100,9 100,10 100,11 100,12 100,13 100,14 100,15 100,16 100,17 100,18 100,19 100,20 100,21 100,22 100,23 100,24 100,25 100,26 100,27 100,28 100,29 100,30 100,31 100,32 100,33 100,34 100,35 100,36 100,37 100,38 100,39 100,40
south_north_paths 100,41 100,42 100,43 100,44 100,45 100,46 100,47 100,48 100,49 100,50 100,51 100,52 100,53 100,54 100,55 100,56 100,57 100,58 100,59 100,60 100,61 100,62 100,63 100,64 100,65 100,66 100,67 100,68 100,69 100,70 100,71 100,72 100,73 100,74 100,75 100,76 100,77 100,78 100,79 100,80
south_north_paths 100,81 100,82 100,83 100,84 100,85 100,86 100,87 100,88 100,89 100,90 100,91 100,92 100,93 100,94 100,95 100,96 100,97 100,98 100,99 100,100 100,101 100,102 100,103 100,104 100,105 100,106 100,107 100,108 100,109 100,110 100,111 100,112 100,113 100,114 100,115 100,116 100,117 100,118 100,119 100,120
south_north_paths 100,121 100,122 100,123 100,124 100,125 100,126 100,127 100,128 100,129 100,130 100,131 100,132 100,133 100,134 100,135 100,136 100,137 100,138 100,139 100,140 100,141 100,142 100,143 100,144 100,145 100,146 100,147 100,148 100,149 100,150 100,151 100,152 100,153 100,154 100,155 100,156 100,157 100,158 100,159 100,160
south_north_paths 100,161 100,162 100,163 100,164 100,165 100,166 100,167 100,168 100,169 100,170 100,171 100,172 100,173 100,174 100,175 100,176 100,177 100,178 100,179 100,180 100,181 100,182 100,183 100,184 100,185 100,186 100,187 100,188 100,189 100,190 100,191 100,192 100,193 100,194 100,195 100,196 100,197 100,198 100,199 100,200
south_north_paths 100,201 100,202 100,203 100,204 100,205 100,206 100,207 100,208 100,209 100,210 100,211 100,212 100,213 100,214 100,215 100,216 100,217 100,218 100,219 100,220 100,221 100,222 100,223 100,224 100,225 100,226 100,227 100,228 100,229 100,230 100,231 100,232 100,233 100,234 100,235 100,236 100,237 100,238 100,239 100,240
south_north_paths 100,241 100,242 100,243 100,244 100,245 100,246 100,247 100,248 100,249 100,250 100,251 100,252 100,253 100,254 100,255 100,256 100,257 100,258 100,259 100,260 100,261 100,262 100,263 100,264 100,265 100,266 100,267 100,268 100,269 100,270 100,271 100,272 100,273 100,274 100,275 100,276 100,277 100,278 100,279 100,280
south_north_paths 100,281 100,282 100,283 100,284 100,285 100,286 100,287 100,288 100,289 100,290 100,291 100,292 100,293 100,294 100,295 100,296 100,297 100,298 100,299 100,300 100,301 100,302 100,303 100,304 100,305 100,306 100,307 100,308 100,309 100,310 100,311 100,312 100,313 100,314 100,315 100,316 100,317 100,318 100,319 100,320
south_north_paths 100,321 100,322 100,323 100,324 100,325 100,326 100,327 100,328 100,329 100,330 100,331 100,332 100,333 100,334 100,335 100,336 100,337 100,338 100,339 100,340 100,341 100,342 100,343 100,344 100,345 100,346 100,347 100,348 100,349 100,350 100,351 100,352 100,353 100,354 100,355 100,356 100,357 100,358 100,359 100,360
south_north_paths 100,361 100,362 100,363 100,364 100,365 100,366 100,367 100,368 100,369 100,370 100,371 100,372 100,373 100,374 100,375 100,376 100,377 100,378 100,379 100,380 100,381 100,382 100,383 100,384 100,385 100,386 100,387 100,388 100,389 100,390 100,391 100,392 100,393 100,394 100,395 100,396 100,397 100,398 100,399 100,400
south_north_paths 100,401 100,402 100,403 100,404 100,405 100,406 100,407 100,408 100,409 100,410 100,411 100,412 100,413 100,414 100,415 100,416 100,417 100,418 100,419 100,420 100,421 100,422 100,423 100,424 100,425 100,426 100,427 100,428 100,429 100,430 100,431 100,432 100,433 100,434 100,435 100,436 100,437 100,438 100,439 100,440
south_north_paths 100,441 100,442 100,443 100,444 100,445 100,446 100,447 100,448 100,449 100,450 100,451 100,452 100,453 100,454 100,455 100,456 100,457 100,458 100,459 100,460 100,461 100,462 100,463 100,464 100,465 100,466 100,467 100,468 100,469 100,470 100,471 100,472 100,473 100,474 100,475 100,476 100,477 100,478 100,479 100,480
south_north_paths 100,481 100,482 100,483 100,484 100,485 100,486 100,487 100,488 100,489 100,490 100,491 100,492 100,493 100,494 100,495 100,496 100,497 100,498 100,499 100,500 100,501 100,502 100,503 100,504 100,505 100,506 100,507 100,508 100,509 100,510 100,511 100,512 100,513 100,514 100,515 100,516 100,517 100,518 100,519 100,520
south_north_paths 100,521 100,522 100,523 100,524 100,525 100,526 100,527 100,528 100,529 100,530 100,531 100,532 100,533 100,534 100,535 100,536 100,537 100,538 100,539 100,540 100,541 100,542 100,543 100,544 100,545 100,546 100,547 100,548 100,549 100,550 100,551 100,552 100,553 100,554 100,555 100,556 100,557 100,558 100,559 100,560
south_north_paths 100,561 100,562 100,563 100,564 100,565 100,566 100,567 100,568 100,569 100,570 100,571 100,572 100,573 100,574 100,575 100,576 100,577 100,578 100,579 100,580 100,581 100,582 100,583 100,584 100,585 100,586 100,587 100,588 100,589 100,590 100,591 100,592 100,593 100,594 100,595 100,596 100,597 100,598 100,599 100,600
south_north_paths 100,601 100,602 100,603 100,604 100,605 100,606 100,607 100,608 100,609 100,610 100,611 100,612 100,613 100,614 100,615 100,616 100,617 100,618 100,619 100,620 100,621 100,622 100,623 100,624 100,625 100,626 100,627 100,628 100,629 100,630 100,631 100,632 100,633 100,634 100,635 100,636 100,637 100,638 100,639 100,640
south_north_paths 100,641 100,642 100,643 100,644 100,645 100,646 100,647 100,648 100,649 100,650 100,651 100,652 100,653 100,654 100,655 100,656 100,657 100,658 100,659 100,660 100,661 100,662 100,663 100,664 100,665 100,666 100,667 100,668 100,669 100,670 100,671 100,672 100,673 100,674 100,675 100,676 100,677 100,678 100,679 100,680
south_north_paths 100,681 100,682 100,683 100,684 100,685 100,686 100,687 100,688 100,689 100,690 100,691 100,692 100,693 100,694 100,695 100,696 100,697 100,698 100,699 100,700 100,701 100,702 100,703 100,704 100,705 100,706 100,707 100,708 100,709 100,710 100,711 100,712 100,713 100,714 100,715 100,716 100,717 100,718 100,719 100,720
south_north_paths 100,721 100,722 100,723 100,724 100,725 100,726 100,727 100,728 100,729 100,730 100,731 100,732 100,733 100,734 100,735 100,736 100,737 100,738 100,739 100,740 100,741 100,742 100,743 100,744 100,745 100,746 100,747 100,748 100,749 100,750 100,751 100,752 100,753 100,754 100,755 100,756 100,757 100,758 100,759 100,760
south_north_paths 100,761 100,762 100,763 100,764 100,765 100,766 100,767 100,768 100,769 100,770 100,771 100,772 100,773 100,774 100,775 100,776 100,777 100,778 100,779 100,780 100,781 100,782 100,783 100,784 100,785 100,786 100,787 100,788 100,789 100,790 100,791 100,792 100,793 100,794 100,795 100,796 100,797 100,798 100,799 100,800
south_north_paths 100,801 100,802 100,803 100,804 100,805 100,806 100,807 100,808 100,809 100,810 100,811 100,812 100,813 100,814 100,815 100,816 100,817 100,818 100,819 100,820 100,821 100,822 100,823 100,824 100,825 100,826 100,827 100,828 100,829 100,830 100,831 100,832 100,833 100,834 100,835 100,836 100,837 100,838 100,839 100,840
south_north_paths 100,841 100,842 100,843 100,844 100,845 100,846 100,847 100,848 100,849 100,850 100,851 100,852 100,853 100,854 100,855 100,856 100,857 100,858 100,859 100,860 100,861 100,862 100,863 100,864 100,865 100,866 100,867 100,868 100,869 100,870 100,871 100,872 100,873 100,874 100,875 100,876 100,877 100,878 100,879 100,880
south_north_paths 100,881 100,882 100,883 100,884 100,885 100,886 100,887 100,888 100,889 100,890 100,891 100,892 100,893 100,894 100,895 100,896 100,897 100,898 100,899 100,900 100,901 100,902 100,903 100,904 100,905 100,906 100,907 100,908 100,909 100,910 100,911 100,912 100,913 100,914 100,915 100,916 100,917 100,918 100,919 100,920
south_north_paths 100,921 100,922 100,923 100,924 100,925 100,926 100,927 100,928 100,929 100,930 100,931 100,932 100,933 100,934 100,935 100,936 100,937 100,938 100,939 100,940 100,941 100,942 100,943 100,944 100,945 100,946 100,947 100,948 100,949 100,950 100,951 100,952 100,953 100,954 100,955 100,956 100,957 100,958 100,959 100,960
south_north_paths 100,961 100,962 100,963 100,964 100,965 100,966 100,967 100,968 100,969 100,970 100,971 100,972 100,973 100,974 100,975 100,976 100,977 100,978 100,979 100,980 100,981 100,982 100,983 100,984 100,985 100,986 100,987 100,988 100,989 100,990 100,991 100,992 100,993 100,994 100,995 100,996 100,997 100,998 100,999
south_north_paths 101,368 101,372 101,374 101,375 101,378 101,383 101,385 101,389 101,390 101,391 101,392 101,394 101,396 101,397 101,398 101,399 101,401 101,402 101,405 101,407 101,408 101,409
south_north_paths 102,708 102,709 102,710 102,711 102,714 102,716 102,718 102,722 102,723 102,724 102,726 102,728 102,731 102,734 102,735 102,736 102,739 102,740 102,742 102,743 102,745 102,747 102,751 102,752 102,753 102,755 102,757 102,759 102,760
south_north_paths 110,585 110,586 110,590 110,592 110,593 110,596 110,599 110,605 110,608 110,609 110,610 110,611 110,614 110,615 110,616 110,621 110,622 110,624 110,625 110,626 110,627 110,628 110,630 110,631 110,633 110,634 110,637 110,639 110,640 110,641
south_north_paths 111,218 111,221 111,222 111,225 111,227 111,228 111,229 111,230 111,231 111,234 111,235 111,236 111,237 111,238 111,240 111,241 111,247 111,248 111,254 111,256 111,257 111,260 111,261
south_north_paths 118,579 118,580 118,581 118,582 118,583 118,584 118,593 118,594 118,595 118,596 118,597 118,598 118,599 118,600 118,601 118,608 118,609 118,610
south_north_paths 119,303 119,304 119,305 119,308 119,311 119,312 119,318 119,319 119,321 119,322 119,323 119,324 119,325 119,330 119,333 119,334 119,335 119,336 119,337 119,340 119,341 119,343 119,344
south_north_paths 124,226 124,227 124,229 124,231 124,232 124,234 124,723 124,724 124,725 124,726 124,728 124,729 124,731 124,732 124,735
south_north_paths 125,620 125,622 125,625 125,627 125,632 125,636 125,637 125,638 125,639 125,641 125,642 125,643 125,644 125,646 125,648 125,649 125,651 125,653
south_north_paths 127,215 127,216 127,218 127,219 127,221 127,222 127,224 127,228 127,230 127,233 127,234 127,237 127,238 127,239 127,242 127,243 127,245 127,247 127,248 127,249 127,251 127,254 127,257 127,260 127,261
south_north_paths 128,69 128,70 128,71 128,74 128,75 128,76
south_north_paths 132,416 132,417 132,419 132,420 132,422 132,423 132,425 132,426 132,429 132,432
south_north_paths 134,394 134,395 134,397 134,399 134,400 134,401 134,406 134,408 134,411 134,412 134,413 134,415 134,416 134,420 134,421 134,423 134,425 134,426 134,427 134,428 134,432 134,434
south_north_paths 136,295 136,296 136,298 136,299 136,301 136,304 136,308 136,310 136,311 136,312 136,313 136,315 136,316 136,317 136,319 136,320 136,322 136,326 136,331 136,333 136,334 136,335 136,337 136,338 136,340 136,343 136,346 136,347
south_north_paths 137,1 137,2 137,6 137,7 137,8 137,9 137,12 137,14 137,19 137,22 137,26 137,27 137,28 137,30
south_north_paths 141,787 141,788 141,791 141,792 141,794 141,801 141,803 141,804 141,805 141,808 141,809 141,810 141,814 141,816 141,817 141,818 141,819 141,820 141,821 141,823 141,826 141,827 141,830
south_north_paths 148,204 148,206 148,207 148,209 148,214 148,215 148,220 148,223 148,226 148,227 148,228 148,231 148,232 148,234 148,235 148,237 148,238 148,239 148,240 148,243 148,244 148,245 148,246 148,248 148,251
south_north_paths 158,447 158,449 158,450 158,453 158,455 158,458 158,459 158,460 158,462 158,464 158,465 158,468
south_north_paths 162,472 162,477 162,480 162,481 162,482 162,483 162,485 162,487 162,488 162,490 162,491 162,494 162,495 162,497 162,498 162,501 162,504 162,506 162,511 162,512 162,514 162,515 162,516 162,517
south_north_paths 163,107 163,109 163,110 163,111 163,114 163,689 163,692 163,693 163,695 163,696 163,699 163,700 163,702 163,703
south_north_paths 167,574 167,575 167,576 167,578 167,583 167,585 167,591 167,596 167,597 167,598 167,599 167,600 167,602 167,603 167,604 167,605 167,606 167,608 167,610 167,611 167,612 167,613 167,615
south_north_paths 175,68 175,69 175,72 175,73 175,75 175,76 175,815 175,816 175,817 175,821 175,822 175,823 175,824 175,828 175,862 175,863 175,866 175,867 175,868 175,871 175,872 175,873
south_north_paths 177,918 177,920 177,922 177,923 177,925 177,927
south_north_paths 178,717 178,718 178,719 178,720 178,722 178,723 178,728
south_north_paths 180,260 180,264 180,265 180,267 180,268 180,269 180,272 180,275 180,276 180,277
south_north_paths 192,451 192,454 192,455 192,458 192,459 192,460 192,462 192,467 192,468 192,469 192,470 192,471 192,473 192,477 192,478 192,481 192,482
south_north_paths 193,570 193,571 193,573 193,574 193,575
south_north_paths 200,1 200,2 200,3 200,4 200,5 200,6 200,7 200,8 200,9 200,10 200,11 200,12 200,13 200,14 200,15 200,16 200,17 200,18 200,19 200,20 200,21 200,22 200,23 200,24 200,25 200,26 200,27 200,28 200,29 200,30 200,31 200,32 200,33 200,34 200,35 200,36 200,37 200,38 200,39 200,40
south_north_paths 200,41 200,42 200,43 200,44 200,45 200,46 200,47 200,48 200,49 200,50 200,51 200,52 200,53 200,54 200,55 200,56 200,57 200,58 200,59 200,60 200,61 200,62 200,63 200,64 200,65 200,66 200,67 200,68 200,69 200,70 200,71 200,72 200,73 200,74 200,75 200,76 200,77 200,78 200,79 200,80
south_north_paths 200,81 200,82 200,83 200,84 200,85 200,86 200,87 200,88 200,89 200,90 200,91 200,92 200,93 200,94 200,95 200,96 200,97 200,98 200,99 200,100 200,101 200,102 200,103 200,104 200,105 200,106 200,107 200,108 200,109 200,110 200,111 200,112 200,113 200,114 200,115 200,116 200,117 200,118 200,119 200,120
south_north_paths 200,121 200,122 200,123 200,124 200,125 200,126 200,127 200,128 200,129 200,130 200,131 200,132 200,133 200,134 200,135 200,136 200,137 200,138 200,139 200,140 200,141 200,142 200,143 200,144 200,145 200,146 200,147 200,148 200,149 200,150 200,151 200,152 200,153 200,154 200,155 200,156 200,157 200,158 200,159 200,160
south_north_paths 200,161 200,162 200,163 200,164 200,165 200,166 200,167 200,168 200,169 200,170 200,171 200,172 200,173 200,174 200,175 200,176 200,177 200,178 200,179 200,180 200,181 200,182 200,183 200,184 200,185 200,186 200,187 200,188 200,189 200,190 200,191 200,192 200,193 200,194 200,195 200,196 200,197 200,198 200,199 200,200
south_north_paths 200,201 200,202 200,203 200,204 200,205 200,206 200,207 200,208 200,209 200,210 200,211 200,212 200,213 200,214 200,215 200,216 200,217 200,218 200,219 200,220 200,221 200,222 200,223 200,224 200,225 200,226 200,227 200,228 200,229 200,230 200,231 200,232 200,233 200,234 200,235 200,236 200,237 200,238 200,239 200,240
south_north_paths 200,241 200,242 200,243 200,244 200,245 200,246 200,247 200,248 200,249 200,250 200,251 200,252 200,253 200,254 200,255 200,256 200,257 200,258 200,259 200,260 200,261 200,262 200,263 200,264 200,265 200,266 200,267 200,268 200,269 200,270 200,271 200,272 200,273 200,274 200,275 200,276 200,277 200,278 200,279 200,280
south_north_paths 200,281 200,282 200,283 200,284 200,285 200,286 200,287 200,288 200,289 200,290 200,291 200,292 200,293 200,294 200,295 200,296 200,297 200,298 200,299 200,300 200,301 200,302 200,303 200,304 200,305 200,306 200,307 200,308 200,309 200,310 200,311 200,312 200,313 200,314 200,315 200,316 200,317 200,318 200,319 200,320
south_north_paths 200,321 200,322 200,323 200,324 200,325 200,326 200,327 200,328 200,329 200,330 200,331 200,332 200,333 200,334 200,335 200,336 200,337 200,338 200,339 200,340 200,341 200,342 200,343 200,344 200,345 200,346 200,347 200,348 200,349 200,350 200,351 200,352 200,353 200,354 200,355 200,356 200,357 200,358 200,359 200,360
south_north_paths 200,361 200,362 200,363 200,364 200,365 200,366 200,367 200,368 200,369 200,370 200,371 200,372 200,373 200,374 200,375 200,376 200,377 200,378 200,379 200,380 200,381 200,382 200,383 200,384 200,385 200,386 200,387 200,388 200,389 200,390 200,391 200,392 200,393 200,394 200,395 200,396 200,397 200,398 200,399 200,400
south_north_paths 200,401 200,402 200,403 200,404 200,405 200,406 200,407 200,408 200,409 200,410 200,411 200,412 200,413 200,414 200,415 200,416 200,417 200,418 200,419 200,420 200,421 200,422 200,423 200,424 200,425 200,426 200,427 200,428 200,429 200,430 200,431 200,432 200,433 200,434 200,435 200,436 200,437 200,438 200,439 200,440
south_north_paths 200,441 200,442 200,443 200,444 200,445 200,446 200,447 200,448 200,449 200,450 200,451 200,452 200,453 200,454 200,455 200,456 200,457 200,458 200,459 200,460 200,461 200,462 200,463 200,464 200,465 200,466 200,467 200,468 200,469 200,470 200,471 200,472 200,473 200,474 200,475 200,476 200,477 200,478 200,479 200,480
south_north_paths 200,481 200,482 200,483 200,484 200,485 200,486 200,487 200,488 200,489 200,490 200,491 200,492 200,493 200,494 200,495 200,496 200,497 200,498 200,499 200,500 200,501 200,502 200,503 200,504 200,505 200,506 200,507 200,508 200,509 200,510 200,511 200,512 200,513 200,514 200,515 200,516 200,517 200,518 200,519 200,520
south_north_paths 200,521 200,522 200,523 200,524 200,525 200,526 200,527 200,528 200,529 200,530 200,531 200,532 200,533 200,534 200,535 200,536 200,537 200,538 200,539 200,540 200,541 200,542 200,543 200,544 200,545 200,546 200,547 200,548 200,549 200,550 200,551 200,552 200,553 200,554 200,555 200,556 200,557 200,558 200,559 200,560
south_north_paths 200,561 200,562 200,563 200,564 200,565 200,566 200,567 200,568 200,569 200,570 200,571 200,572 200,573 200,574 200,575 200,576 200,577 200,578 200,579 200,580 200,581 200,582 200,583 200,584 200,585 200,586 200,587 200,588 200,589 200,590 200,591 200,592 200,593 200,594 200,595 200,596 200,597 200,598 200,599 200,600
south_north_paths 200,601 200,602 200,603 200,604 200,605 200,606 200,607 200,608 200,609 200,610 200,611 200,612 200,613 200,614 200,615 200,616 200,617 200,618 200,619 200,620 200,621 200,622 200,623 200,624 200,625 200,626 200,627 200,628 200,629 200,630 200,631 200,632 200,633 200,634 200,635 200,636 200,637 200,638 200,639 200,640
south_north_paths 200,641 200,642 200,643 200,644 200,645 200,646 200,647 200,648 200,649 200,650 200,651 200,652 200,653 200,654 200,655 200,656 200,657 200,658 200,659 200,660 200,661 200,662 200,663 200,664 200,665 200,666 200,667 200,668 200,669 200,670 200,671 200,672 200,673 200,674 200,675 200,676 200,677 200,678 200,679 200,680
south_north_paths 200,681 200,682 200,683 200,684 200,685 200,686 200,687 200,688 200,689 200,690 200,691 200,692 200,693 200,694 200,695 200,696 200,697 200,698 200,699 200,700 200,701 200,702 200,703 200,704 200,705 200,706 200,707 200,708 200,709 200,710 200,711 200,712 200,713 200,714 200,715 200,716 200,717 200,718 200,719 200,720
south_north_paths 200,721 200,722 200,723 200,724 200,725 200,726 200,727 200,728 200,729 200,730 200,731 200,732 200,733 200,734 200,735 200,736 200,737 200,738 200,739 200,740 200,741 200,742 200,743 200,744 200,745 200,746 200,747 200,748 200,749 200,750 200,751 200,752 200,753 200,754 200,755 200,756 200,757 200,758 200,759 200,760
south_north_paths 200,761 200,762 200,763 200,764 200,765 200,766 200,767 200,768 200,769 200,770 200,771 200,772 200,773 200,774 200,775 200,776 200,777 200,778 200,779 200,780 200,781 200,782 200,783 200,784 200,785 200,786 200,787 200,788 200,789 200,790 200,791 200,792 200,793 200,794 200,795 200,796 200,797 200,798 200,799 200,800
south_north_paths 200,801 200,802 200,803 200,804 200,805 200,806 200,807 200,808 200,809 200,810 200,811 200,812 200,813 200,814 200,815 200,816 200,817 200,818 200,819 200,820 200,821 200,822 200,823 200,824 200,825 200,826 200,827 200,828 200,829 200,830 200,831 200,832 200,833 200,834 200,835 200,836 200,837 200,838 200,839 200,840
south_north_paths 200,841 200,842 200,843 200,844 200,845 200,846 200,847 200,848 200,849 200,850 200,851 200,852 200,853 200,854 200,855 200,856 200,857 200,858 200,859 200,860 200,861 200,862 200,863 200,864 200,865 200,866 200,867 200,868 200,869 200,870 200,871 200,872 200,873 200,874 200,875 200,876 200,877 200,878 200,879 200,880
south_north_paths 200,881 200,882 200,883 200,884 200,885 200,886 200,887 200,888 200,889 200,890 200,891 200,892 200,893 200,894 200,895 200,896 200,897 200,898 200,899 200,900 200,901 200,902 200,903 200,904 200,905 200,906 200,907 200,908 200,909 200,910 200,911 200,912 200,913 200,914 200,915 200,916 200,917 200,918 200,919 200,920
south_north_paths 200,921 200,922 200,923 200,924 200,925 200,926 200,927 200,928 200,929 200,930 200,931 200,932 200,933 200,934 200,935 200,936 200,937 200,938 200,939 200,940 200,941 200,942 200,943 200,944 200,945 200,946 200,947 200,948 200,949 200,950 200,951 200,952 200,953 200,954 200,955 200,956 200,957 200,958 200,959 200,960
south_north_paths 200,961 200,962 200,963 200,964 200,965 200,966 200,967 200,968 200,969 200,970 200,971 200,972 200,973 200,974 200,975 200,976 200,977 200,978 200,979 200,980 200,981 200,982 200,983 200,984 200,985 200,986 200,987 200,988 200,989 200,990 200,991 200,992 200,993 200,994 200,995 200,996 200,997 200,998 200,999
south_north_paths 203,412 203,413 203,416 203,418 203,420 203,424 203,425 203,426 203,427 203,431 203,432 203,433 203,435 203,437 203,439 203,440 203,443 203,444 203,445
south_north_paths 206,811 206,814 206,821 206,822 206,827 206,828 206,830 206,831 206,832 206,833 206,836 206,837 206,838 206,839 206,840 206,841 206,843 206,844 206,846
south_north_paths 208,722 208,723 208,724 208,726 208,728 208,729 208,730 208,731 208,732 208,737 208,739
south_north_paths 209,891 209,892 209,894 209,896 209,898 209,899 209,902 209,904 209,905 209,909 209,910 209,911 209,914 209,915 209,916 209,918 209,919 209,923 209,924 209,928 209,929 209,930 209,933 209,935 209,936 209,939 209,941 209,943
south_north_paths 211,506 211,507 211,509 211,510 211,514 211,516 211,517 211,519 211,520 211,521 211,524
south_north_paths 212,295 212,298 212,301 212,302 212,305 212,306 212,309 212,311 212,312 212,315 212,316 212,318 212,319 212,320 212,322 212,323 212,325 212,329 212,332 212,333 212,336 212,338 212,339 212,342 212,343 212,346 212,347 212,349 212,350 212,352
south_north_paths 219,928 219,930 219,931
south_north_paths 220,196 220,198 220,199
south_north_paths 234,508 234,510 234,512 234,513 234,515 234,516 234,519 234,520 234,521 234,522 234,523 234,524 234,525 234,532 234,533 234,536 234,539 234,541 234,543
south_north_paths 236,919 236,921 236,922 236,925 236,926 236,929 236,930 236,932 236,933 236,936 236,937 236,940 236,942
south_north_paths 246,451 246,454 246,455 246,456 246,458 246,459
south_north_paths 248,346 248,348 248,351 248,352 248,353 248,355 248,423 248,425 248,430 248,433 248,437 248,439 248,440 248,441 248,446 248,448 248,449 248,451 248,452 248,453 248,454 248,458 248,460 248,461 248,462 248,464 248,465 248,467 248,468 248,469 248,470 248,472
south_north_paths 250,575 250,576 250,577 250,578 250,582 250,583 250,584 250,588 250,590 250,591 250,593 250,595 250,596 250,597 250,601 250,602 250,603
south_north_paths 255,757 255,759 255,763 255,764 255,766 255,770 255,772 255,777 255,778 255,779 255,782 255,783 255,784 255,785 255,787 255,789 255,790 255,791 255,793 255,796 255,797 255,798 255,800
south_north_paths 257,115 257,117 257,119 257,121 257,126 257,127 257,128 257,129 257,131 257,133 257,136 257,137 257,138 257,140 257,142 257,147 257,148 257,149 257,150 257,152 257,154 257,156
south_north_paths 259,317 259,319 259,324 259,326 259,327 259,328 259,332 259,335 259,338 259,340 259,341 259,343 259,345 259,346 259,348 259,349 259,351 259,352 259,353 259,357 259,359 259,360 259,361 259,362 259,364 259,366 259,367
south_north_paths 266,209 266,210 266,215 266,216 266,217 266,218 266,219 266,222
south_north_paths 272,473 272,475 272,476 272,478
south_north_paths 273,500 273,501 273,502 273,505 273,508 273,511 273,513 273,514 273,515 273,518 273,520 273,521 273,523 273,524 273,526 273,527
south_north_paths 278,446 278,451 278,452 278,457 278,459 278,462 278,463 278,465 278,466 278,468 278,470 278,471 278,472 278,473 278,476 278,477 278,478 278,479 278,481 278,482 278,483
south_north_paths 290,186 290,187 290,189 290,190 290,192 290,195
south_north_paths 291,11 291,13 291,14 291,15 291,18 291,20 291,21
south_north_paths 294,354 294,357 294,358 294,359 294,362 294,363 294,366 294,367 294,368 294,371 294,372 294,375 294,376 294,380 294,381 294,383
south_north_paths 300,1 300,2 300,3 300,4 300,5 300,6 300,7 300,8 300,9 300,10 300,11 300,12 300,13 300,14 300,15 300,16 300,17 300,18 300,19 300,20 300,21 300,22 300,23 300,24 300,25 300,26 300,27 300,28 300,29 300,30 300,31 300,32 300,33 300,34 300,35 300,36 300,37 300,38 300,39 300,40
south_north_paths 300,41 300,42 300,43 300,44 300,45 300,46 300,47 300,48 300,49 300,50 300,51 300,52 300,53 300,54 300,55 300,56 300,57 300,58 300,59 300,60 300,61 300,62 300,63 300,64 300,65 300,66 300,67 300,68 300,69 300,70 300,71 300,72 300,73 300,74 300,75 300,76 300,77 300,78 300,79 300,80
south_north_paths 300,81 300,82 300,83 300,84 300,85 300,86 300,87 300,88 300,89 300,90 300,91 300,92 300,93 300,94 300,95 300,96 300,97 300,98 300,99 300,100 300,101 300,102 300,103 300,104 300,105 300,106 300,107 300,108 300,109 300,110 300,111 300,112 300,113 300,114 300,115 300,116 300,117 300,118 300,119 300,120
south_north_paths 300,121 300,122 300,123 300,124 300,125 300,126 300,127 300,128 300,129 300,130 300,131 300,132 300,133 300,134 300,135 300,136 300,137 300,138 300,139 300,140 300,141 300,142 300,143 300,144 300,145 300,146 300,147 300,148 300,149 300,150 300,151 300,152 300,153 300,154 300,155 300,156 300,157 300,158 300,159 300,160
south_north_paths 300,161 300,162 300,163 300,164 300,165 300,166 300,167 300,168 300,169 300,170 300,171 300,172 300,173 300,174 300,175 300,176 300,177 300,178 300,179 300,180 300,181 300,182 300,183 300,184 300,185 300,186 300,187 300,188 300,189 300,190 300,191 300,192 300,193 300,194 300,195 300,196 300,197 300,198 300,199 300,200
south_north_paths 300,201 300,202 300,203 300,204 300,205 300,206 300,207 300,208 300,209 300,210 300,211 300,212 300,213 300,214 300,215 300,216 300,217 300,218 300,219 300,220 300,221 300,222 300,223 300,224 300,225 300,226 300,227 300,228 300,229 300,230 300,231 300,232 300,233 300,234 300,235 300,236 300,237 300,238 300,239 300,240
south_north_paths 300,241 300,242 300,243 300,244 300,245 300,246 300,247 300,248 300,249 300,250 300,251 300,252 300,253 300,254 300,255 300,256 300,257 300,258 300,259 300,260 300,261 300,262 300,263 300,264 300,265 300,266 300,267 300,268 300,269 300,270 300,271 300,272 300,273 300,274 300,275 300,276 300,277 300,278 300,279 300,280
south_north_paths 300,281 300,282 300,283 300,284 300,285 300,286 300,287 300,288 300,289 300,290 300,291 300,292 300,293 300,294 300,295 300,296 300,297 300,298 300,299 300,300 300,301 300,302 300,303 300,304 300,305 300,306 300,307 300,308 300,309 300,310 300,311 300,312 300,313 300,314 300,315 300,316 300,317 300,318 300,319 300,320
south_north_paths 300,321 300,322 300,323 300,324 300,325 300,326 300,327 300,328 300,329 300,330 300,331 300,332 300,333 300,334 300,335 300,336 300,337 300,338 300,339 300,340 300,341 300,342 300,343 300,344 300,345 300,346 300,347 300,348 300,349 300,350 300,351 300,352 300,353 300,354 300,355 300,356 300,357 300,358 300,359 300,360
south_north_paths 300,361 300,362 300,363 300,364 300,365 300,366 300,367 300,368 300,369 300,370 300,371 300,372 300,373 300,374 300,375 300,376 300,377 300,378 300,379 300,380 300,381 300,382 300,383 300,384 300,385 300,386 300,387 300,388 300,389 300,390 300,391 300,392 300,393 300,394 300,395 300,396 300,397 300,398 300,399 300,400
south_north_paths 300,401 300,402 300,403 300,404 300,405 300,406 300,407 300,408 300,409 300,410 300,411 300,412 300,413 300,414 300,415 300,416 300,417 300,418 300,419 300,420 300,421 300,422 300,423 300,424 300,425 300,426 300,427 300,428 300,429 300,430 300,431 300,432 300,433 300,434 300,435 300,436 300,437 300,438 300,439 300,440
south_north_paths 300,441 300,442 300,443 300,444 300,445 300,446 300,447 300,448 300,449 300,450 300,451 300,452 300,453 300,454 300,455 300,456 300,457 300,458 300,459 300,460 300,461 300,462 300,463 300,464 300,465 300,466 300,467 300,468 300,469 300,470 300,471 300,472 300,473 300,474 300,475 300,476 300,477 300,478 300,479 300,480
south_north_paths 300,481 300,482 300,483 300,484 300,485 300,486 300,487 300,488 300,489 300,490 300,491 300,492 300,493 300,494 300,495 300,496 300,497 300,498 300,499 300,500 300,501 300,502 300,503 300,504 300,505 300,506 300,507 300,508 300,509 300,510 300,511 300,512 300,513 300,514 300,515 300,516 300,517 300,518 300,519 300,520
south_north_paths 300,521 300,522 300,523 300,524 300,525 300,526 300,527 300,528 300,529 300,530 300,531 300,532 300,533 300,534 300,535 300,536 300,537 300,538 300,539 300,540 300,541 300,542 300,543 300,544 300,545 300,546 300,547 300,548 300,549 300,550 300,551 300,552 300,553 300,554 300,555 300,556 300,557 300,558 300,559 300,560
south_north_paths 300,561 300,562 300,563 300,564 300,565 300,566 300,567 300,568 300,569 300,570 300,571 300,572 300,573 300,574 300,575 300,576 300,577 300,578 300,579 300,580 300,581 300,582 300,583 300,584 300,585 300,586 300,587 300,588 300,589 300,590 300,591 300,592 300,593 300,594 300,595 300,596 300,597 300,598 300,599 300,600
south_north_paths 300,601 300,602 300,603 300,604 300,605 300,606 300,607 300,608 300,609 300,610 300,611 300,612 300,613 300,614 300,615 300,616 300,617 300,618 300,619 300,620 300,621 300,622 300,623 300,624 300,625 300,626 300,627 300,628 300,629 300,630 300,631 300,632 300,633 300,634 300,635 300,636 300,637 300,638 300,639 300,640
south_north_paths 300,641 300,642 300,643 300,644 300,645 300,646 300,647 300,648 300,649 300,650 300,651 300,652 300,653 300,654 300,655 300,656 300,657 300,658 300,659 300,660 300,661 300,662 300,663 300,664 300,665 300,666 300,667 300,668 300,669 300,670 300,671 300,672 300,673 300,674 300,675 300,676 300,677 300,678 300,679 300,680
south_north_paths 300,681 300,682 300,683 300,684 300,685 300,686 300,687 300,688 300,689 300,690 300,691 300,692 300,693 300,694 300,695 300,696 300,697 300,698 300,699 300,700 300,701 300,702 300,703 300,704 300,705 300,706 300,707 300,708 300,709 300,710 300,711 300,712 300,713 300,714 300,715 300,716 300,717 300,718 300,719 300,720
south_north_paths 300,721 300,722 300,723 300,724 300,725 300,726 300,727 300,728 300,729 300,730 300,731 300,732 300,733 300,734 300,735 300,736 300,737 300,738 300,739 300,740 300,741 300,742 300,743 300,744 300,745 300,746 300,747 300,748 300,749 300,750 300,751 300,752 300,753 300,754 300,755 300,756 300,757 300,758 300,759 300,760
south_north_paths 300,761 300,762 300,763 300,764 300,765 300,766 300,767 300,768 300,769 300,770 300,771 300,772 300,773 300,774 300,775 300,776 300,777 300,778 300,779 300,780 300,781 300,782 300,783 300,784 300,785 300,786 300,787 300,788 300,789 300,790 300,791 300,792 300,793 300,794 300,795 300,796 300,797 300,798 300,799 300,800
south_north_paths 300,801 300,802 300,803 300,804 300,805 300,806 300,807 300,808 300,809 300,810 300,811 300,812 300,813 300,814 300,815 300,816 300,817 300,818 300,819 300,820 300,821 300,822 300,823 300,824 300,825 300,826 300,827 300,828 300,829 300,830 300,831 300,832 300,833 300,834 300,835 300,836 300,837 300,838 300,839 300,840
south_north_paths 300,841 300,842 300,843 300,844 300,845 300,846 300,847 300,848 300,849 300,850 300,851 300,852 300,853 300,854 300,855 300,856 300,857 300,858 300,859 300,860 300,861 300,862 300,863 300,864 300,865 300,866 300,867 300,868 300,869 300,870 300,871 300,872 300,873 300,874 300,875 300,876 300,877 300,878 300,879 300,880
south_north_paths 300,881 300,882 300,883 300,884 300,885 300,886 300,887 300,888 300,889 300,890 300,891 300,892 300,893 300,894 300,895 300,896 300,897 300,898 300,899 300,900 300,901 300,902 300,903 300,904 300,905 300,906 300,907 300,908 300,909 300,910 300,911 300,912 300,913 300,914 300,915 300,916 300,917 300,918 300,919 300,920
south_north_paths 300,921 300,922 300,923 300,924 300,925 300,926 300,927 300,928 300,929 300,930 300,931 300,932 300,933 300,934 300,935 300,936 300,937 300,938 300,939 300,940 300,941 300,942 300,943 300,944 300,945 300,946 300,947 300,948 300,949 300,950 300,951 300,952 300,953 300,954 300,955 300,956 300,957 300,958 300,959 300,960
south_north_paths 300,961 300,962 300,963 300,964 300,965 300,966 300,967 300,968 300,969 300,970 300,971 300,972 300,973 300,974 300,975 300,976 300,977 300,978 300,979 300,980 300,981 300,982 300,983 300,984 300,985 300,986 300,987 300,988 300,989 300,990 300,991 300,992 300,993 300,994 300,995 300,996 300,997 300,998 300,999
south_north_paths 309,938 309,939 309,940
south_north_paths 310,617 310,618 310,621 310,622 310,623 310,624 310,625 310,626 310,630 310,631 310,635 310,636 310,637 310,638 310,641 310,642 310,643 310,650 310,651 310,654
south_north_paths 331,369 331,374 331,379 331,380 331,381 331,382 331,383 331,385 331,386 331,387 331,388
south_north_paths 334,339 334,340 334,341 334,342 334,343 334,345 334,350 334,351 334,355 334,357 334,358 334,360 334,361 334,362 334,366 334,367 334,368 334,371 334,372 334,373 334,377 334,380 334,382 334,383 334,384 334,387 334,388 334,389 334,390 334,392
south_north_paths 336,572 336,575 336,576 336,577
south_north_paths 337,604 337,606 337,607 337,608 337,609 337,612 337,613 337,620 337,621 337,622 337,629 337,630 337,631 337,632 337,633 337,634 337,635 337,639 337,640 337,641 337,642 337,643 337,644 337,647 337,648 337,653 337,655 337,739 337,742 337,744 337,747 337,748 337,750 337,751 337,756 337,757 337,759 337,760 337,762 337,763
south_north_paths 337,766 337,769 337,770 337,771 337,772 337,775 337,778 337,779 337,781 337,783 337,784 337,786
south_north_paths 338,293 338,295 338,296 338,297 338,298 338,302 338,304 338,305 338,306
south_north_paths 349,921 349,924 349,925 349,926 349,931 349,932 349,934 349,936 349,937 349,939 349,942 349,943 349,944 349,945 349,949 349,950
south_north_paths 350,522 350,523 350,524 350,527 350,530 350,531 350,532 350,534 350,535 350,539 350,540
south_north_paths 370,251 370,253 370,254 370,255 370,258 370,260 370,261 370,263 370,265 370,266 370,270 370,534 370,535 370,537 370,538
south_north_paths 371,542 371,543 371,544 371,545 371,546 371,547 371,549 371,551 371,554 371,555 371,556 371,558 371,560
south_north_paths 378,665 378,667 378,669 378,671 378,672 378,673 378,674 378,676 378,678 378,679 378,681 378,683 378,688 378,690 378,692 378,694
south_north_paths 379,434 379,435 379,436 379,437 379,438 379,439 379,440 379,442 379,443 379,445 379,447 379,448 379,451 379,452 379,453 379,456 379,458 379,461
south_north_paths 382,883 382,886 382,888 382,890 382,892 382,893 382,894 382,897 382,898 382,900 382,901 382,903 382,904 382,907 382,910 382,911 382,915 382,917 382,919 382,921 382,922 382,924
south_north_paths 385,804 385,805 385,806 385,807 385,810 385,811 385,812 385,815 385,816 385,821
south_north_paths 388,751 388,754 388,759 388,760 388,761 388,763 388,764 388,767 388,771 388,772 388,774 388,775 388,776 388,778 388,779 388,782 388,786 388,787 388,788 388,789 388,791 388,792
south_north_paths 389,960 389,961 389,962 389,965 389,967 389,969 389,972 389,973 389,974 389,975 389,976 389,977 389,978 389,979 389,980 389,983 389,984 389,986 389,987 389,990 389,991
south_north_paths 393,677 393,678 393,679 393,682
south_north_paths 395,731 395,732 395,734 395,742 395,746 395,747 395,748 395,751 395,752 395,754 395,755 395,759 395,760 395,761 395,763 395,764 395,765 395,766 395,767 395,768 395,769 395,771
south_north_paths 396,963 396,964 396,965 396,966 396,967 396,968 396,971 396,973 396,974 396,975 396,977 396,979 396,980 396,982 396,986 396,988 396,989
south_north_paths 400,1 400,2 400,3 400,4 400,5 400,6 400,7 400,8 400,9 400,10 400,11 400,12 400,13 400,14 400,15 400,16 400,17 400,18 400,19 400,20 400,21 400,22 400,23 400,24 400,25 400,26 400,27 400,28 400,29 400,30 400,31 400,32 400,33 400,34 400,35 400,36 400,37 400,38 400,39 400,40
south_north_paths 400,41 400,42 400,43 400,44 400,45 400,46 400,47 400,48 400,49 400,50 400,51 400,52 400,53 400,54 400,55 400,56 400,57 400,58 400,59 400,60 400,61 400,62 400,63 400,64 400,65 400,66 400,67 400,68 400,69 400,70 400,71 400,72 400,73 400,74 400,75 400,76 400,77 400,78 400,79 400,80
south_north_paths 400,81 400,82 400,83 400,84 400,85 400,86 400,87 400,88 400,89 400,90 400,91 400,92 400,93 400,94 400,95 400,96 400,97 400,98 400,99 400,100 400,101 400,102 400,103 400,104 400,105 400,106 400,107 400,108 400,109 400,110 400,111 400,112 400,113 400,114 400,115 400,116 400,117 400,118 400,119 400,120
south_north_paths 400,121 400,122 400,123 400,124 400,125 400,126 400,127 400,128 400,129 400,130 400,131 400,132 400,133 400,134 400,135 400,136 400,137 400,138 400,139 400,140 400,141 400,142 400,143 400,144 400,145 400,146 400,147 400,148 400,149 400,150 400,151 400,152 400,153 400,154 400,155 400,156 400,157 400,158 400,159 400,160
south_north_paths 400,161 400,162 400,163 400,164 400,165 400,166 400,167 400,168 400,169 400,170 400,171 400,172 400,173 400,174 400,175 400,176 400,177 400,178 400,179 400,180 400,181 400,182 400,183 400,184 400,185 400,186 400,187 400,188 400,189 400,190 400,191 400,192 400,193 400,194 400,195 400,196 400,197 400,198 400,199 400,200
south_north_paths 400,201 400,202 400,203 400,204 400,205 400,206 400,207 400,208 400,209 400,210 400,211 400,212 400,213 400,214 400,215 400,216 400,217 400,218 400,219 400,220 400,221 400,222 400,223 400,224 400,225 400,226 400,227 400,228 400,229 400,230 400,231 400,232 400,233 400,234 400,235 400,236 400,237 400,238 400,239 400,240
south_north_paths 400,241 400,242 400,243 400,244 400,245 400,246 400,247 400,248 400,249 400,250 400,251 400,252 400,253 400,254 400,255 400,256 400,257 400,258 400,259 400,260 400,261 400,262 400,263 400,264 400,265 400,266 400,267 400,268 400,269 400,270 400,271 400,272 400,273 400,274 400,275 400,276 400,277 400,278 400,279 400,280
south_north_paths 400,281 400,282 400,283 400,284 400,285 400,286 400,287 400,288 400,289 400,290 400,291 400,292 400,293 400,294 400,295 400,296 400,297 400,298 400,299 400,300 400,301 400,302 400,303 400,304 400,305 400,306 400,307 400,308 400,309 400,310 400,311 400,312 400,313 400,314 400,315 400,316 400,317 400,318 400,319 400,320
south_north_paths 400,321 400,322 400,323 400,324 400,325 400,326 400,327 400,328 400,329 400,330 400,331 400,332 400,333 400,334 400,335 400,336 400,337 400,338 400,339 400,340 400,341 400,342 400,343 400,344 400,345 400,346 400,347 400,348 400,349 400,350 400,351 400,352 400,353 400,354 400,355 400,356 400,357 400,358 400,359 400,360
south_north_paths 400,361 400,362 400,363 400,364 400,365 400,366 400,367 400,368 400,369 400,370 400,371 400,372 400,373 400,374 400,375 400,376 400,377 400,378 400,379 400,380 400,381 400,382 400,383 400,384 400,385 400,386 400,387 400,388 400,389 400,390 400,391 400,392 400,393 400,394 400,395 400,396 400,397 400,398 400,399 400,400
south_north_paths 400,401 400,402 400,403 400,404 400,405 400,406 400,407 400,408 400,409 400,410 400,411 400,412 400,413 400,414 400,415 400,416 400,417 400,418 400,419 400,420 400,421 400,422 400,423 400,424 400,425 400,426 400,427 400,428 400,429 400,430 400,431 400,432 400,433 400,434 400,435 400,436 400,437 400,438 400,439 400,440
south_north_paths 400,441 400,442 400,443 400,444 400,445 400,446 400,447 400,448 400,449 400,450 400,451 400,452 400,453 400,454 400,455 400,456 400,457 400,458 400,459 400,460 400,461 400,462 400,463 400,464 400,465 400,466 400,467 400,468 400,469 400,470 400,471 400,472 400,473 400,474 400,475 400,476 400,477 400,478 400,479 400,480
south_north_paths 400,481 400,482 400,483 400,484 400,485 400,486 400,487 400,488 400,489 400,490 400,491 400,492 400,493 400,494 400,495 400,496 400,497 400,498 400,499 400,500 400,501 400,502 400,503 400,504 400,505 400,506 400,507 400,508 400,509 400,510 400,511 400,512 400,513 400,514 400,515 400,516 400,517 400,518 400,519 400,520
south_north_paths 400,521 400,522 400,523 400,524 400,525 400,526 400,527 400,528 400,529 400,530 400,531 400,532 400,533 400,534 400,535 400,536 400,537 400,538 400,539 400,540 400,541 400,542 400,543 400,544 400,545 400,546 400,547 400,548 400,549 400,550 400,551 400,552 400,553 400,554 400,555 400,556 400,557 400,558 400,559 400,560
south_north_paths 400,561 400,562 400,563 400,564 400,565 400,566 400,567 400,568 400,569 400,570 400,571 400,572 400,573 400,574 400,575 400,576 400,577 400,578 400,579 400,580 400,581 400,582 400,583 400,584 400,585 400,586 400,587 400,588 400,589 400,590 400,591 400,592 400,593 400,594 400,595 400,596 400,597 400,598 400,599 400,600
south_north_paths 400,601 400,602 400,603 400,604 400,605 400,606 400,607 400,608 400,609 400,610 400,611 400,612 400,613 400,614 400,615 400,616 400,617 400,618 400,619 400,620 400,621 400,622 400,623 400,624 400,625 400,626 400,627 400,628 400,629 400,630 400,631 400,632 400,633 400,634 400,635 400,636 400,637 400,638 400,639 400,640
south_north_paths 400,641 400,642 400,643 400,644 400,645 400,646 400,647 400,648 400,649 400,650 400,651 400,652 400,653 400,654 400,655 400,656 400,657 400,658 400,659 400,660 400,661 400,662 400,663 400,664 400,665 400,666 400,667 400,668 400,669 400,670 400,671 400,672 400,673 400,674 400,675 400,676 400,677 400,678 400,679 400,680
south_north_paths 400,681 400,682 400,683 400,684 400,685 400,686 400,687 400,688 400,689 400,690 400,691 400,692 400,693 400,694 400,695 400,696 400,697 400,698 400,699 400,700 400,701 400,702 400,703 400,704 400,705 400,706 400,707 400,708 400,709 400,710 400,711 400,712 400,713 400,714 400,715 400,716 400,717 400,718 400,719 400,720
south_north_paths 400,721 400,722 400,723 400,724 400,725 400,726 400,727 400,728 400,729 400,730 400,731 400,732 400,733 400,734 400,735 400,736 400,737 400,738 400,739 400,740 400,741 400,742 400,743 400,744 400,745 400,746 400,747 400,748 400,749 400,750 400,751 400,752 400,753 400,754 400,755 400,756 400,757 400,758 400,759 400,760
south_north_paths 400,761 400,762 400,763 400,764 400,765 400,766 400,767 400,768 400,769 400,770 400,771 400,772 400,773 400,774 400,775 400,776 400,777 400,778 400,779 400,780 400,781 400,782 400,783 400,784 400,785 400,786 400,787 400,788 400,789 400,790 400,791 400,792 400,793 400,794 400,795 400,796 400,797 400,798 400,799 400,800
south_north_paths 400,801 400,802 400,803 400,804 400,805 400,806 400,807 400,808 400,809 400,810 400,811 400,812 400,813 400,814 400,815 400,816 400,817 400,818 400,819 400,820 400,821 400,822 400,823 400,824 400,825 400,826 400,827 400,828 400,829 400,830 400,831 400,832 400,833 400,834 400,835 400,836 400,837 400,838 400,839 400,840
south_north_paths 400,841 400,842 400,843 400,844 400,845 400,846 400,847 400,848 400,849 400,850 400,851 400,852 400,853 400,854 400,855 400,856 400,857 400,858 400,859 400,860 400,861 400,862 400,863 400,864 400,865 400,866 400,867 400,868 400,869 400,870 400,871 400,872 400,873 400,874 400,875 400,876 400,877 400,878 400,879 400,880
south_north_paths 400,881 400,882 400,883 400,884 400,885 400,886 400,887 400,888 400,889 400,890 400,891 400,892 400,893 400,894 400,895 400,896 400,897 400,898 400,899 400,900 400,901 400,902 400,903 400,904 400,905 400,906 400,907 400,908 400,909 400,910 400,911 400,912 400,913 400,914 400,915 400,916 400,917 400,918 400,919 400,920
south_north_paths 400,921 400,922 400,923 400,924 400,925 400,926 400,927 400,928 400,929 400,930 400,931 400,932 400,933 400,934 400,935 400,936 400,937 400,938 400,939 400,940 400,941 400,942 400,943 400,944 400,945 400,946 400,947 400,948 400,949 400,950 400,951 400,952 400,953 400,954 400,955 400,956 400,957 400,958 400,959 400,960
south_north_paths 400,961 400,962 400,963 400,964 400,965 400,966 400,967 400,968 400,969 400,970 400,971 400,972 400,973 400,974 400,975 400,976 400,977 400,978 400,979 400,980 400,981 400,982 400,983 400,984 400,985 400,986 400,987 400,988 400,989 400,990 400,991 400,992 400,993 400,994 400,995 400,996 400,997 400,998 400,999
south_north_paths 403,358 403,359 403,360 403,361 403,362 403,363 403,365 403,367 403,369 403,372 403,375 403,376 403,378 403,379 403,381 403,382 403,384 403,386 403,388 403,395 403,396 403,397 403,398 403,399
south_north_paths 413,940 413,941 413,942 413,944 413,945 413,946 413,949 413,951 413,952 413,954 413,956 413,958 413,962 413,963 413,965 413,966 413,968 413,971 413,972 413,973 413,975 413,977 413,979 413,982 413,984 413,985 413,989 413,993
south_north_paths 415,289 415,290 415,292 415,294 415,296 415,297 415,299 415,301 415,303
south_north_paths 420,925 420,928 420,933 420,937 420,938 420,940 420,941 420,942 420,945 420,948 420,949 420,950 420,952 420,953 420,957 420,960 420,961 420,962 420,964 420,965 420,966 420,967 420,969 420,970 420,972 420,973 420,974 420,975 420,976 420,977
south_north_paths 421,452 421,458 421,459 421,461 421,462 421,463 421,465 421,467 421,468 421,469 421,471 421,472 421,475 421,478 421,479 421,480 421,482 421,483 421,486 421,490 421,492 421,496 421,499 421,500 421,501 421,502 421,503
south_north_paths 423,273 423,274 423,276 423,277 423,280 423,285 423,286 423,287 423,288 423,289 423,291 423,292 423,295 423,298 423,299
south_north_paths 425,581 425,584 425,585 425,586
south_north_paths 436,437 436,441 436,443 436,444 436,446 436,447 436,448
south_north_paths 439,309 439,311 439,312 439,313 439,317 439,319 439,320 439,321 439,322 439,326 439,328 439,329 439,330 439,334
south_north_paths 441,546 441,548 441,550 441,553 441,554 441,556 441,557 441,559 441,561
south_north_paths 454,208 454,209 454,212 454,215 454,216 454,217 454,218 454,222 454,223 454,225 454,226
south_north_paths 457,158 457,159 457,160 457,163 457,164 457,165 457,166 457,168 457,169 457,170 457,172 457,174 457,175 457,176 457,179 457,181 457,185 457,190 457,191 457,378 457,379 457,382 457,383 457,384
south_north_paths 478,968 478,970 478,971 478,972 478,973 478,976 478,977 478,978 478,983 478,985 478,986 478,987
south_north_paths 481,895 481,896 481,897 481,898 481,900 481,905 481,908 481,909 481,912 481,913 481,916 481,917 481,918 481,919 481,920 481,921 481,927 481,928 481,931 481,932 481,935 481,936 481,938 481,939 481,940 481,941 481,943 481,948
south_north_paths 483,121 483,123 483,124 483,126 483,127 483,128 483,129 483,131 483,136 483,138 483,139 483,141 483,142 483,143 483,144 483,146 483,151 483,154 483,156
south_north_paths 491,1 491,4 491,6 491,7 491,9 491,10 491,13 491,15 491,16 491,17 491,20 491,189 491,191 491,196 491,197 491,198 491,199 491,204 491,207 491,209 491,210 491,212 491,213 491,215 491,216 491,217 491,218 491,223 491,224 491,225 491,226 491,228
south_north_paths 498,462 498,464 498,465 498,468 498,471 498,472 498,473 498,475 498,476 498,477 498,481 498,482 498,484 498,485 498,486 498,490 498,494 498,495 498,497 498,498 498,501
south_north_paths 500,1 500,2 500,3 500,4 500,5 500,6 500,7 500,8 500,9 500,10 500,11 500,12 500,13 500,14 500,15 500,16 500,17 500,18 500,19 500,20 500,21 500,22 500,23 500,24 500,25 500,26 500,27 500,28 500,29 500,30 500,31 500,32 500,33 500,34 500,35 500,36 500,37 500,38 500,39 500,40
south_north_paths 500,41 500,42 500,43 500,44 500,45 500,46 500,47 500,48 500,49 500,50 500,51 500,52 500,53 500,54 500,55 500,56 500,57 500,58 500,59 500,60 500,61 500,62 500,63 500,64 500,65 500,66 500,67 500,68 500,69 500,70 500,71 500,72 500,73 500,74 500,75 500,76 500,77 500,78 500,79 500,80
south_north_paths 500,81 500,82 500,83 500,84 500,85 500,86 500,87 500,88 500,89 500,90 500,91 500,92 500,93 500,94 500,95 500,96 500,97 500,98 500,99 500,100 500,101 500,102 500,103 500,104 500,105 500,106 500,107 500,108 500,109 500,110 500,111 500,112 500,113 500,114 500,115 500,116 500,117 500,118 500,119 500,120
south_north_paths 500,121 500,122 500,123 500,124 500,125 500,126 500,127 500,128 500,129 500,130 500,131 500,132 500,133 500,134 500,135 500,136 500,137 500,138 500,139 500,140 500,141 500,142 500,143 500,144 500,145 500,146 500,147 500,148 500,149 500,150 500,151 500,152 500,153 500,154 500,155 500,156 500,157 500,158 500,159 500,160
south_north_paths 500,161 500,162 500,163 500,164 500,165 500,166 500,167 500,168 500,169 500,170 500,171 500,172 500,173 500,174 500,175 500,176 500,177 500,178 500,179 500,180 500,181 500,182 500,183 500,184 500,185 500,186 500,187 500,188 500,189 500,190 500,191 500,192 500,193 500,194 500,195 500,196 500,197 500,198 500,199 500,200
south_north_paths 500,201 500,202 500,203 500,204 500,205 500,206 500,207 500,208 500,209 500,210 500,211 500,212 500,213 500,214 500,215 500,216 500,217 500,218 500,219 500,220 500,221 500,222 500,223 500,224 500,225 500,226 500,227 500,228 500,229 500,230 500,231 500,232 500,233 500,234 500,235 500,236 500,237 500,238 500,239 500,240
south_north_paths 500,241 500,242 500,243 500,244 500,245 500,246 500,247 500,248 500,249 500,250 500,251 500,252 500,253 500,254 500,255 500,256 500,257 500,258 500,259 500,260 500,261 500,262 500,263 500,264 500,265 500,266 500,267 500,268 500,269 500,270 500,271 500,272 500,273 500,274 500,275 500,276 500,277 500,278 500,279 500,280
south_north_paths 500,281 500,282 500,283 500,284 500,285 500,286 500,287 500,288 500,289 500,290 500,291 500,292 500,293 500,294 500,295 500,296 500,297 500,298 500,299 500,300 500,301 500,302 500,303 500,304 500,305 500,306 500,307 500,308 500,309 500,310 500,311 500,312 500,313 500,314 500,315 500,316 500,317 500,318 500,319 500,320
south_north_paths 500,321 500,322 500,323 500,324 500,325 500,326 500,327 500,328 500,329 500,330 500,331 500,332 500,333 500,334 500,335 500,336 500,337 500,338 500,339 500,340 500,341 500,342 500,343 500,344 500,345 500,346 500,347 500,348 500,349 500,350 500,351 500,352 500,353 500,354 500,355 500,356 500,357 500,358 500,359 500,360
south_north_paths 500,361 500,362 500,363 500,364 500,365 500,366 500,367 500,368 500,369 500,370 500,371 500,372 500,373 500,374 500,375 500,376 500,377 500,378 500,379 500,380 500,381 500,382 500,383 500,384 500,385 500,386 500,387 500,388 500,389 500,390 500,391 500,392 500,393 500,394 500,395 500,396 500,397 500,398 500,399 500,400
south_north_paths 500,401 500,402 500,403 500,404 500,405 500,406 500,407 500,408 500,409 500,410 500,411 500,412 500,413 500,414 500,415 500,416 500,417 500,418 500,419 500,420 500,421 500,422 500,423 500,424 500,425 500,426 500,427 500,428 500,429 500,430 500,431 500,432 500,433 500,434 500,435 500,436 500,437 500,438 500,439 500,440
south_north_paths 500,441 500,442 500,443 500,444 500,445 500,446 500,447 500,448 500,449 500,450 500,451 500,452 500,453 500,454 500,455 500,456 500,457 500,458 500,459 500,460 500,461 500,462 500,463 500,464 500,465 500,466 500,467 500,468 500,469 500,470 500,471 500,472 500,473 500,474 500,475 500,476 500,477 500,478 500,479 500,480
south_north_paths 500,481 500,482 500,483 500,484 500,485 500,486 500,487 500,488 500,489 500,490 500,491 500,492 500,493 500,494 500,495 500,496 500,497 500,498 500,499 500,500 500,501 500,502 500,503 500,504 500,505 500,506 500,507 500,508 500,509 500,510 500,511 500,512 500,513 500,514 500,515 500,516 500,517 500,518 500,519 500,520
south_north_paths 500,521 500,522 500,523 500,524 500,525 500,526 500,527 500,528 500,529 500,530 500,531 500,532 500,533 500,534 500,535 500,536 500,537 500,538 500,539 500,540 500,541 500,542 500,543 500,544 500,545 500,546 500,547 500,548 500,549 500,550 500,551 500,552 500,553 500,554 500,555 500,556 500,557 500,558 500,559 500,560
south_north_paths 500,561 500,562 500,563 500,564 500,565 500,566 500,567 500,568 500,569 500,570 500,571 500,572 500,573 500,574 500,575 500,576 500,577 500,578 500,579 500,580 500,581 500,582 500,583 500,584 500,585 500,586 500,587 500,588 500,589 500,590 500,591 500,592 500,593 500,594 500,595 500,596 500,597 500,598 500,599 500,600
south_north_paths 500,601 500,602 500,603 500,604 500,605 500,606 500,607 500,608 500,609 500,610 500,611 500,612 500,613 500,614 500,615 500,616 500,617 500,618 500,619 500,620 500,621 500,622 500,623 500,624 500,625 500,626 500,627 500,628 500,629 500,630 500,631 500,632 500,633 500,634 500,635 500,636 500,637 500,638 500,639 500,640
south_north_paths 500,641 500,642 500,643 500,644 500,645 500,646 500,647 500,648 500,649 500,650 500,651 500,652 500,653 500,654 500,655 500,656 500,657 500,658 500,659 500,660 500,661 500,662 500,663 500,664 500,665 500,666 500,667 500,668 500,669 500,670 500,671 500,672 500,673 500,674 500,675 500,676 500,677 500,678 500,679 500,680
south_north_paths 500,681 500,682 500,683 500,684 500,685 500,686 500,687 500,688 500,689 500,690 500,691 500,692 500,693 500,694 500,695 500,696 500,697 500,698 500,699 500,700 500,701 500,702 500,703 500,704 500,705 500,706 500,707 500,708 500,709 500,710 500,711 500,712 500,713 500,714 500,715 500,716 500,717 500,718 500,719 500,720
south_north_paths 500,721 500,722 500,723 500,724 500,725 500,726 500,727 500,728 500,729 500,730 500,731 500,732 500,733 500,734 500,735 500,736 500,737 500,738 500,739 500,740 500,741 500,742 500,743 500,744 500,745 500,746 500,747 500,748 500,749 500,750 500,751 500,752 500,753 500,754 500,755 500,756 500,757 500,758 500,759 500,760
south_north_paths 500,761 500,762 500,763 500,764 500,765 500,766 500,767 500,768 500,769 500,770 500,771 500,772 500,773 500,774 500,775 500,776 500,777 500,778 500,779 500,780 500,781 500,782 500,783 500,784 500,785 500,786 500,787 500,788 500,789 500,790 500,791 500,792 500,793 500,794 500,795 500,796 500,797 500,798 500,799 500,800
south_north_paths 500,801 500,802 500,803 500,804 500,805 500,806 500,807 500,808 500,809 500,810 500,811 500,812 500,813 500,814 500,815 500,816 500,817 500,818 500,819 500,820 500,821 500,822 500,823 500,824 500,825 500,826 500,827 500,828 500,829 500,830 500,831 500,832 500,833 500,834 500,835 500,836 500,837 500,838 500,839 500,840
south_north_paths 500,841 500,842 500,843 500,844 500,845 500,846 500,847 500,848 500,849 500,850 500,851 500,852 500,853 500,854 500,855 500,856 500,857 500,858 500,859 500,860 500,861 500,862 500,863 500,864 500,865 500,866 500,867 500,868 500,869 500,870 500,871 500,872 500,873 500,874 500,875 500,876 500,877 500,878 500,879 500,880
south_north_paths 500,881 500,882 500,883 500,884 500,885 500,886 500,887 500,888 500,889 500,890 500,891 500,892 500,893 500,894 500,895 500,896 500,897 500,898 500,899 500,900 500,901 500,902 500,903 500,904 500,905 500,906 500,907 500,908 500,909 500,910 500,911 500,912 500,913 500,914 500,915 500,916 500,917 500,918 500,919 500,920
south_north_paths 500,921 500,922 500,923 500,924 500,925 500,926 500,927 500,928 500,929 500,930 500,931 500,932 500,933 500,934 500,935 500,936 500,937 500,938 500,939 500,940 500,941 500,942 500,943 500,944 500,945 500,946 500,947 500,948 500,949 500,950 500,951 500,952 500,953 500,954 500,955 500,956 500,957 500,958 500,959 500,960
south_north_paths 500,961 500,962 500,963 500,964 500,965 500,966 500,967 500,968 500,969 500,970 500,971 500,972 500,973 500,974 500,975 500,976 500,977 500,978 500,979 500,980 500,981 500,982 500,983 500,984 500,985 500,986 500,987 500,988 500,989 500,990 500,991 500,992 500,993 500,994 500,995 500,996 500,997 500,998 500,999
south_north_paths 505,907 505,909 505,910 505,912 505,913 505,915 505,916 505,919 505,921 505,923 505,925 505,926 505,927 505,928 505,929 505,934 505,935 505,937 505,938 505,939 505,940 505,946 505,948 505,950 505,952 505,953 505,956 505,959 505,962 505,964
south_north_paths 506,713 506,714 506,715 506,716 506,717 506,718 506,719 506,720 506,723 506,724 506,726 506,727 506,730 506,731 506,740
south_north_paths 512,294 512,295 512,296 512,298 512,302 512,303 512,306 512,308 512,309 512,311 512,313 512,314 512,317 512,318 512,319 512,321
south_north_paths 515,928 515,930 515,932 515,935 515,936 515,939 515,940 515,943 515,944 515,946 515,947 515,950 515,951 515,952 515,953 515,957 515,958 515,961 515,964 515,965 515,968 515,969 515,972 515,973 515,975 515,977
south_north_paths 520,249 520,250 520,251
south_north_paths 526,571 526,572 526,573 526,576 526,578 526,580 526,581 526,582 526,584 526,585 526,587 526,589 526,590 526,591 526,592 526,593 526,598 526,600 526,603 526,607 526,609 526,611 526,612
south_north_paths 534,261 534,264 534,265 534,266 534,269 534,270 534,271 534,272 534,273 534,275 534,277 534,279 534,281 534,282 534,283 534,284 534,287 534,289 534,290 534,292 534,293 534,298 534,300 534,302 534,304 534,310 534,311 534,315 534,316
south_north_paths 538,746 538,748 538,750 538,752 538,754 538,759 538,761 538,762 538,764 538,765 538,766 538,767 538,769 538,771 538,773 538,775 538,777
south_north_paths 546,580 546,581 546,582 546,583 546,584 546,585 546,586 546,587 546,589 546,590 546,593 546,594 546,595 546,596 546,600 546,601 546,604
south_north_paths 550,134 550,135 550,136 550,137 550,138 550,140 550,141 550,142 550,145 550,146 550,148 550,149 550,153 550,159
south_north_paths 554,971 554,974 554,975 554,977 554,979 554,980 554,984 554,985 554,986 554,987 554,988 554,989 554,990 554,992 554,993 554,994 554,995 554,997 554,998
south_north_paths 557,931 557,932 557,934 557,938 557,939 557,940 557,943 557,944 557,947 557,950 557,952 557,954 557,955 557,957 557,959 557,960 557,962 557,963 557,966 557,967 557,971 557,972 557,973 557,975 557,978
south_north_paths 564,128 564,129 564,130 564,131
south_north_paths 569,638 569,640 569,644 569,645 569,646 569,647 569,649
south_north_paths 570,204 570,207 570,208 570,209
south_north_paths 576,75 576,76 576,77 576,79 576,80 576,81 576,82 576,83 576,85 576,86 576,87 576,92 576,94 576,95 576,97 576,98 576,99 576,100 576,104 576,110
south_north_paths 578,147 578,148 578,149 578,152 578,156 578,160 578,161 578,163 578,164 578,165 578,167 578,169 578,170 578,172 578,176 578,179 578,180 578,181 578,183 578,184 578,185 578,187 578,188 578,192
south_north_paths 582,277 582,279 582,282 582,286 582,288 582,289 582,290 582,292 582,293 582,297 582,299 582,300 582,301 582,303 582,304 582,306 582,308 582,309 582,888 582,889 582,891 582,892 582,895 582,896
south_north_paths 586,797 586,803 586,805 586,809 586,814 586,815 586,816 586,817 586,818 586,820 586,821 586,822 586,824 586,826 586,827 586,828 586,829 586,830 586,832
south_north_paths 600,1 600,2 600,3 600,4 600,5 600,6 600,7 600,8 600,9 600,10 600,11 600,12 600,13 600,14 600,15 600,16 600,17 600,18 600,19 600,20 600,21 600,22 600,23 600,24 600,25 600,26 600,27 600,28 600,29 600,30 600,31 600,32 600,33 600,34 600,35 600,36 600,37 600,38 600,39 600,40
south_north_paths 600,41 600,42 600,43 600,44 600,45 600,46 600,47 600,48 600,49 600,50 600,51 600,52 600,53 600,54 600,55 600,56 600,57 600,58 600,59 600,60 600,61 600,62 600,63 600,64 600,65 600,66 600,67 600,68 600,69 600,70 600,71 600,72 600,73 600,74 600,75 600,76 600,77 600,78 600,79 600,80
south_north_paths 600,81 600,82 600,83 600,84 600,85 600,86 600,87 600,88 600,89 600,90 600,91 600,92 600,93 600,94 600,95 600,96 600,97 600,98 600,99 600,100 600,101 600,102 600,103 600,104 600,105 600,106 600,107 600,108 600,109 600,110 600,111 600,112 600,113 600,114 600,115 600,116 600,117 600,118 600,119 600,120
south_north_paths 600,121 600,122 600,123 600,124 600,125 600,126 600,127 600,128 600,129 600,130 600,131 600,132 600,133 600,134 600,135 600,136 600,137 600,138 600,139 600,140 600,141 600,142 600,143 600,144 600,145 600,146 600,147 600,148 600,149 600,150 600,151 600,152 600,153 600,154 600,155 600,156 600,157 600,158 600,159 600,160
south_north_paths 600,161 600,162 600,163 600,164 600,165 600,166 600,167 600,168 600,169 600,170 600,171 600,172 600,173 600,174 600,175 600,176 600,177 600,178 600,179 600,180 600,181 600,182 600,183 600,184 600,185 600,186 600,187 600,188 600,189 600,190 600,191 600,192 600,193 600,194 600,195 600,196 600,197 600,198 600,199 600,200
south_north_paths 600,201 600,202 600,203 600,204 600,205 600,206 600,207 600,208 600,209 600,210 600,211 600,212 600,213 600,214 600,215 600,216 600,217 600,218 600,219 600,220 600,221 600,222 600,223 600,224 600,225 600,226 600,227 600,228 600,229 600,230 600,231 600,232 600,233 600,234 600,235 600,236 600,237 600,238 600,239 600,240
south_north_paths 600,241 600,242 600,243 600,244 600,245 600,246 600,247 600,248 600,249 600,250 600,251 600,252 600,253 600,254 600,255 600,256 600,257 600,258 600,259 600,260 600,261 600,262 600,263 600,264 600,265 600,266 600,267 600,268 600,269 600,270 600,271 600,272 600,273 600,274 600,275 600,276 600,277 600,278 600,279 600,280
south_north_paths 600,281 600,282 600,283 600,284 600,285 600,286 600,287 600,288 600,289 600,290 600,291 600,292 600,293 600,294 600,295 600,296 600,297 600,298 600,299 600,300 600,301 600,302 600,303 600,304 600,305 600,306 600,307 600,308 600,309 600,310 600,311 600,312 600,313 600,314 600,315 600,316 600,317 600,318 600,319 600,320
south_north_paths 600,321 600,322 600,323 600,324 600,325 600,326 600,327 600,328 600,329 600,330 600,331 600,332 600,333 600,334 600,335 600,336 600,337 600,338 600,339 600,340 600,341 600,342 600,343 600,344 600,345 600,346 600,347 600,348 600,349 600,350 600,351 600,352 600,353 600,354 600,355 600,356 600,357 600,358 600,359 600,360
south_north_paths 600,361 600,362 600,363 600,364 600,365 600,366 600,367 600,368 600,369 600,370 600,371 600,372 600,373 600,374 600,375 600,376 600,377 600,378 600,379 600,380 600,381 600,382 600,383 600,384 600,385 600,386 600,387 600,388 600,389 600,390 600,391 600,392 600,393 600,394 600,395 600,396 600,397 600,398 600,399 600,400
south_north_paths 600,401 600,402 600,403 600,404 600,405 600,406 600,407 600,408 600,409 600,410 600,411 600,412 600,413 600,414 600,415 600,416 600,417 600,418 600,419 600,420 600,421 600,422 600,423 600,424 600,425 600,426 600,427 600,428 600,429 600,430 600,431 600,432 600,433 600,434 600,435 600,436 600,437 600,438 600,439 600,440
south_north_paths 600,441 600,442 600,443 600,444 600,445 600,446 600,447 600,448 600,449 600,450 600,451 600,452 600,453 600,454 600,455 600,456 600,457 600,458 600,459 600,460 600,461 600,462 600,463 600,464 600,465 600,466 600,467 600,468 600,469 600,470 600,471 600,472 600,473 600,474 600,475 600,476 600,477 600,478 600,479 600,480
south_north_paths 600,481 600,482 600,483 600,484 600,485 600,486 600,487 600,488 600,489 600,490 600,491 600,492 600,493 600,494 600,495 600,496 600,497 600,498 600,499 600,500 600,501 600,502 600,503 600,504 600,505 600,506 600,507 600,508 600,509 600,510 600,511 600,512 600,513 600,514 600,515 600,516 600,517 600,518 600,519 600,520
south_north_paths 600,521 600,522 600,523 600,524 600,525 600,526 600,527 600,528 600,529 600,530 600,531 600,532 600,533 600,534 600,535 600,536 600,537 600,538 600,539 600,540 600,541 600,542 600,543 600,544 600,545 600,546 600,547 600,548 600,549 600,550 600,551 600,552 600,553 600,554 600,555 600,556 600,557 600,558 600,559 600,560
south_north_paths 600,561 600,562 600,563 600,564 600,565 600,566 600,567 600,568 600,569 600,570 600,571 600,572 600,573 600,574 600,575 600,576 600,577 600,578 600,579 600,580 600,581 600,582 600,583 600,584 600,585 600,586 600,587 600,588 600,589 600,590 600,591 600,592 600,593 600,594 600,595 600,596 600,597 600,598 600,599 600,600
south_north_paths 600,601 600,602 600,603 600,604 600,605 600,606 600,607 600,608 600,609 600,610 600,611 600,612 600,613 600,614 600,615 600,616 600,617 600,618 600,619 600,620 600,621 600,622 600,623 600,624 600,625 600,626 600,627 600,628 600,629 600,630 600,631 600,632 600,633 600,634 600,635 600,636 600,637 600,638 600,639 600,640
south_north_paths 600,641 600,642 600,643 600,644 600,645 600,646 600,647 600,648 600,649 600,650 600,651 600,652 600,653 600,654 600,655 600,656 600,657 600,658 600,659 600,660 600,661 600,662 600,663 600,664 600,665 600,666 600,667 600,668 600,669 600,670 600,671 600,672 600,673 600,674 600,675 600,676 600,677 600,678 600,679 600,680
south_north_paths 600,681 600,682 600,683 600,684 600,685 600,686 600,687 600,688 600,689 600,690 600,691 600,692 600,693 600,694 600,695 600,696 600,697 600,698 600,699 600,700 600,701 600,702 600,703 600,704 600,705 600,706 600,707 600,708 600,709 600,710 600,711 600,712 600,713 600,714 600,715 600,716 600,717 600,718 600,719 600,720
south_north_paths 600,721 600,722 600,723 600,724 600,725 600,726 600,727 600,728 600,729 600,730 600,731 600,732 600,733 600,734 600,735 600,736 600,737 600,738 600,739 600,740 600,741 600,742 600,743 600,744 600,745 600,746 600,747 600,748 600,749 600,750 600,751 600,752 600,753 600,754 600,755 600,756 600,757 600,758 600,759 600,760
south_north_paths 600,761 600,762 600,763 600,764 600,765 600,766 600,767 600,768 600,769 600,770 600,771 600,772 600,773 600,774 600,775 600,776 600,777 600,778 600,779 600,780 600,781 600,782 600,783 600,784 600,785 600,786 600,787 600,788 600,789 600,790 600,791 600,792 600,793 600,794 600,795 600,796 600,797 600,798 600,799 600,800
south_north_paths 600,801 600,802 600,803 600,804 600,805 600,806 600,807 600,808 600,809 600,810 600,811 600,812 600,813 600,814 600,815 600,816 600,817 600,818 600,819 600,820 600,821 600,822 600,823 600,824 600,825 600,826 600,827 600,828 600,829 600,830 600,831 600,832 600,833 600,834 600,835 600,836 600,837 600,838 600,839 600,840
south_north_paths 600,841 600,842 600,843 600,844 600,845 600,846 600,847 600,848 600,849 600,850 600,851 600,852 600,853 600,854 600,855 600,856 600,857 600,858 600,859 600,860 600,861 600,862 600,863 600,864 600,865 600,866 600,867 600,868 600,869 600,870 600,871 600,872 600,873 600,874 600,875 600,876 600,877 600,878 600,879 600,880
south_north_paths 600,881 600,882 600,883 600,884 600,885 600,886 600,887 600,888 600,889 600,890 600,891 600,892 600,893 600,894 600,895 600,896 600,897 600,898 600,899 600,900 600,901 600,902 600,903 600,904 600,905 600,906 600,907 600,908 600,909 600,910 600,911 600,912 600,913 600,914 600,915 600,916 600,917 600,918 600,919 600,920
south_north_paths 600,921 600,922 600,923 600,924 600,925 600,926 600,927 600,928 600,929 600,930 600,931 600,932 600,933 600,934 600,935 600,936 600,937 600,938 600,939 600,940 600,941 600,942 600,943 600,944 600,945 600,946 600,947 600,948 600,949 600,950 600,951 600,952 600,953 600,954 600,955 600,956 600,957 600,958 600,959 600,960
south_north_paths 600,961 600,962 600,963 600,964 600,965 600,966 600,967 600,968 600,969 600,970 600,971 600,972 600,973 600,974 600,975 600,976 600,977 600,978 600,979 600,980 600,981 600,982 600,983 600,984 600,985 600,986 600,987 600,988 600,989 600,990 600,991 600,992 600,993 600,994 600,995 600,996 600,997 600,998 600,999
south_north_paths 603,340 603,342 603,347 603,348 603,350 603,352 603,355 603,358 603,360 603,363 603,364 603,366 603,367 603,369 603,371 603,372 603,374 603,375 603,377 603,379 603,382 603,383 603,384 603,385 603,387 603,389 603,911 603,912 603,913 603,914 603,915 603,916 603,920 603,923 603,924 603,925 603,927 603,928 603,929 603,936
south_north_paths 615,72 615,75 615,76 615,77 615,80 615,82 615,84 615,85 615,87 615,89 615,91 615,92 615,96 615,97
south_north_paths 618,46 618,47 618,53 618,55 618,56 618,57 618,58 618,59 618,61 618,62 618,63 618,68 618,70 618,72 618,73 618,75 618,77 618,78 618,79 618,80 618,84 618,90 618,92 618,93 618,94 618,95 618,96 618,99
south_north_paths 619,123 619,128 619,132 619,133 619,138 619,139 619,141 619,142 619,143 619,144 619,147 619,148 619,149 619,151 619,152 619,153 619,154
south_north_paths 622,219 622,221 622,223 622,224 622,226 622,227 622,228 622,229 622,230 622,231 622,232 622,234 622,236
south_north_paths 623,244 623,247 623,248 623,251 623,253 623,254 623,255 623,256 623,257 623,259 623,260 623,261 623,262 623,263 623,264 623,267 623,269 623,271 623,272 623,274 623,276 623,277 623,284 623,290 623,292 623,293 623,296 623,297 623,299
south_north_paths 627,25 627,26 627,27 627,28 627,29 627,31 627,36 627,40 627,44 627,45 627,46 627,49 627,50 627,51 627,55 627,56 627,57 627,59 627,60 627,61 627,63 627,64 627,65 627,66 627,68
south_north_paths 630,159 630,160 630,162 630,163 630,165 630,168 630,169 630,170 630,649 630,650 630,651 630,653 630,654 630,656 630,659 630,660 630,663 630,664 630,665 630,669 630,670 630,671 630,672 630,674 630,676 630,677 630,679 630,684 630,685 630,686 630,690 630,691 630,694 630,695 630,697 630,700
south_north_paths 644,234 644,235 644,237 644,238 644,239 644,242 644,246 644,247 644,248 644,249 644,253 644,254 644,255 644,257 644,258 644,262 644,475 644,476 644,478 644,480 644,481 644,483 644,485
south_north_paths 646,757 646,758 646,764 646,766 646,767 646,770 646,771 646,772 646,775 646,777 646,778 646,779 646,780 646,781 646,784 646,785 646,786
south_north_paths 654,189 654,195 654,196 654,197 654,200 654,202 654,204 654,207 654,209 654,212 654,213 654,214 654,216 654,218 654,219 654,221 654,223 654,225 654,226 654,230 654,231 654,232 654,233 654,234 654,236
south_north_paths 662,539 662,540 662,542 662,544 662,545 662,547
south_north_paths 667,758 667,759 667,763 667,764 667,765 667,768 667,769 667,770
south_north_paths 672,12 672,13 672,14 672,17 672,18 672,20 672,24 672,25 672,29 672,31 672,32 672,34 672,35 672,38 672,40 672,41 672,42 672,45 672,46 672,47 672,49 672,52 672,53
south_north_paths 673,402 673,403 673,404 673,406 673,407
south_north_paths 674,851 674,852 674,853 674,855 674,856 674,857 674,859 674,861 674,863 674,864 674,866 674,868 674,870 674,874
south_north_paths 676,455 676,457 676,458 676,460 676,461 676,463 676,465 676,466 676,469 676,470 676,472 676,473 676,476 676,477 676,480 676,482 676,485 676,488 676,490 676,491
south_north_paths 677,608 677,611 677,613 677,615 677,616 677,618 677,619 677,620 677,621 677,623 677,624 677,626 677,629 677,630 677,631 677,633 677,636 677,641 677,644 677,646 677,648 677,649 677,651 677,652 677,653 677,654 677,863 677,868 677,869 677,870 677,871 677,872
south_north_paths 679,500 679,503 679,507 679,509 679,511 679,512 679,514 679,515 679,519 679,522 679,524 679,525 679,527 679,528 679,530 679,531 679,532 679,535 679,538 679,540 679,542 679,543 679,544 679,546 679,547 679,549 679,550 679,551 679,552
south_north_paths 680,6 680,7 680,9 680,10 680,12 680,16 680,17 680,19 680,25 680,28 680,30 680,34 680,35 680,36 680,37 680,39 680,41 680,42 680,44 680,45 680,46 680,47 680,48 680,50 680,53 680,54 680,55 680,57 680,60 680,63
south_north_paths 687,178 687,181 687,184 687,186 687,187 687,190 687,193 687,196 687,197 687,199 687,200 687,202 687,203 687,205 687,206 687,209 687,211 687,212 687,214 687,215
south_north_paths 688,108 688,109 688,111 688,113 688,115 688,116 688,118 688,120 688,122
south_north_paths 689,924 689,927 689,928 689,930 689,931 689,932 689,933 689,935 689,936 689,937 689,938 689,939 689,940 689,941 689,942 689,950 689,955 689,958 689,959
south_north_paths 699,759 699,761 699,762 699,764 699,767 699,768 699,769 699,771 699,772 699,776 699,777 699,778 699,780 699,782 699,783 699,784 699,787 699,789 699,793 699,794 699,795 699,798 699,802 699,803 699,805 699,808 699,810 699,811
south_north_paths 700,1 700,2 700,3 700,4 700,5 700,6 700,7 700,8 700,9 700,10 700,11 700,12 700,13 700,14 700,15 700,16 700,17 700,18 700,19 700,20 700,21 700,22 700,23 700,24 700,25 700,26 700,27 700,28 700,29 700,30 700,31 700,32 700,33 700,34 700,35 700,36 700,37 700,38 700,39 700,40
south_north_paths 700,41 700,42 700,43 700,44 700,45 700,46 700,47 700,48 700,49 700,50 700,51 700,52 700,53 700,54 700,55 700,56 700,57 700,58 700,59 700,60 700,61 700,62 700,63 700,64 700,65 700,66 700,67 700,68 700,69 700,70 700,71 700,72 700,73 700,74 700,75 700,76 700,77 700,78 700,79 700,80
south_north_paths 700,81 700,82 700,83 700,84 700,85 700,86 700,87 700,88 700,89 700,90 700,91 700,92 700,93 700,94 700,95 700,96 700,97 700,98 700,99 700,100 700,101 700,102 700,103 700,104 700,105 700,106 700,107 700,108 700,109 700,110 700,111 700,112 700,113 700,114 700,115 700,116 700,117 700,118 700,119 700,120
south_north_paths 700,121 700,122 700,123 700,124 700,125 700,126 700,127 700,128 700,129 700,130 700,131 700,132 700,133 700,134 700,135 700,136 700,137 700,138 700,139 700,140 700,141 700,142 700,143 700,144 700,145 700,146 700,147 700,148 700,149 700,150 700,151 700,152 700,153 700,154 700,155 700,156 700,157 700,158 700,159 700,160
south_north_paths 700,161 700,162 700,163 700,164 700,165 700,166 700,167 700,168 700,169 700,170 700,171 700,172 700,173 700,174 700,175 700,176 700,177 700,178 700,179 700,180 700,181 700,182 700,183 700,184 700,185 700,186 700,187 700,188 700,189 700,190 700,191 700,192 700,193 700,194 700,195 700,196 700,197 700,198 700,199 700,200
south_north_paths 700,201 700,202 700,203 700,204 700,205 700,206 700,207 700,208 700,209 700,210 700,211 700,212 700,213 700,214 700,215 700,216 700,217 700,218 700,219 700,220 700,221 700,222 700,223 700,224 700,225 700,226 700,227 700,228 700,229 700,230 700,231 700,232 700,233 700,234 700,235 700,236 700,237 700,238 700,239 700,240
south_north_paths 700,241 700,242 700,243 700,244 700,245 700,246 700,247 700,248 700,249 700,250 700,251 700,252 700,253 700,254 700,255 700,256 700,257 700,258 700,259 700,260 700,261 700,262 700,263 700,264 700,265 700,266 700,267 700,268 700,269 700,270 700,271 700,272 700,273 700,274 700,275 700,276 700,277 700,278 700,279 700,280
south_north_paths 700,281 700,282 700,283 700,284 700,285 700,286 700,287 700,288 700,289 700,290 700,291 700,292 700,293 700,294 700,295 700,296 700,297 700,298 700,299 700,300 700,301 700,302 700,303 700,304 700,305 700,306 700,307 700,308 700,309 700,310 700,311 700,312 700,313 700,314 700,315 700,316 700,317 700,318 700,319 700,320
south_north_paths 700,321 700,322 700,323 700,324 700,325 700,326 700,327 700,328 700,329 700,330 700,331 700,332 700,333 700,334 700,335 700,336 700,337 700,338 700,339 700,340 700,341 700,342 700,343 700,344 700,345 700,346 700,347 700,348 700,349 700,350 700,351 700,352 700,353 700,354 700,355 700,356 700,357 700,358 700,359 700,360
south_north_paths 700,361 700,362 700,363 700,364 700,365 700,366 700,367 700,368 700,369 700,370 700,371 700,372 700,373 700,374 700,375 700,376 700,377 700,378 700,379 700,380 700,381 700,382 700,383 700,384 700,385 700,386 700,387 700,388 700,389 700,390 700,391 700,392 700,393 700,394 700,395 700,396 700,397 700,398 700,399 700,400
south_north_paths 700,401 700,402 700,403 700,404 700,405 700,406 700,407 700,408 700,409 700,410 700,411 700,412 700,413 700,414 700,415 700,416 700,417 700,418 700,419 700,420 700,421 700,422 700,423 700,424 700,425 700,426 700,427 700,428 700,429 700,430 700,431 700,432 700,433 700,434 700,435 700,436 700,437 700,438 700,439 700,440
south_north_paths 700,441 700,442 700,443 700,444 700,445 700,446 700,447 700,448 700,449 700,450 700,451 700,452 700,453 700,454 700,455 700,456 700,457 700,458 700,459 700,460 700,461 700,462 700,463 700,464 700,465 700,466 700,467 700,468 700,469 700,470 700,471 700,472 700,473 700,474 700,475 700,476 700,477 700,478 700,479 700,480
south_north_paths 700,481 700,482 700,483 700,484 700,485 700,486 700,487 700,488 700,489 700,490 700,491 700,492 700,493 700,494 700,495 700,496 700,497 700,498 700,499 700,500 700,501 700,502 700,503 700,504 700,505 700,506 700,507 700,508 700,509 700,510 700,511 700,512 700,513 700,514 700,515 700,516 700,517 700,518 700,519 700,520
south_north_paths 700,521 700,522 700,523 700,524 700,525 700,526 700,527 700,528 700,529 700,530 700,531 700,532 700,533 700,534 700,535 700,536 700,537 700,538 700,539 700,540 700,541 700,542 700,543 700,544 700,545 700,546 700,547 700,548 700,549 700,550 700,551 700,552 700,553 700,554 700,555 700,556 700,557 700,558 700,559 700,560
south_north_paths 700,561 700,562 700,563 700,564 700,565 700,566 700,567 700,568 700,569 700,570 700,571 700,572 700,573 700,574 700,575 700,576 700,577 700,578 700,579 700,580 700,581 700,582 700,583 700,584 700,585 700,586 700,587 700,588 700,589 700,590 700,591 700,592 700,593 700,594 700,595 700,596 700,597 700,598 700,599 700,600
south_north_paths 700,601 700,602 700,603 700,604 700,605 700,606 700,607 700,608 700,609 700,610 700,611 700,612 700,613 700,614 700,615 700,616 700,617 700,618 700,619 700,620 700,621 700,622 700,623 700,624 700,625 700,626 700,627 700,628 700,629 700,630 700,631 700,632 700,633 700,634 700,635 700,636 700,637 700,638 700,639 700,640
south_north_paths 700,641 700,642 700,643 700,644 700,645 700,646 700,647 700,648 700,649 700,650 700,651 700,652 700,653 700,654 700,655 700,656 700,657 700,658 700,659 700,660 700,661 700,662 700,663 700,664 700,665 700,666 700,667 700,668 700,669 700,670 700,671 700,672 700,673 700,674 700,675 700,676 700,677 700,678 700,679 700,680
south_north_paths 700,681 700,682 700,683 700,684 700,685 700,686 700,687 700,688 700,689 700,690 700,691 700,692 700,693 700,694 700,695 700,696 700,697 700,698 700,699 700,700 700,701 700,702 700,703 700,704 700,705 700,706 700,707 700,708 700,709 700,710 700,711 700,712 700,713 700,714 700,715 700,716 700,717 700,718 700,719 700,720
south_north_paths 700,721 700,722 700,723 700,724 700,725 700,726 700,727 700,728 700,729 700,730 700,731 700,732 700,733 700,734 700,735 700,736 700,737 700,738 700,739 700,740 700,741 700,742 700,743 700,744 700,745 700,746 700,747 700,748 700,749 700,750 700,751 700,752 700,753 700,754 700,755 700,756 700,757 700,758 700,759 700,760
south_north_paths 700,761 700,762 700,763 700,764 700,765 700,766 700,767 700,768 700,769 700,770 700,771 700,772 700,773 700,774 700,775 700,776 700,777 700,778 700,779 700,780 700,781 700,782 700,783 700,784 700,785 700,786 700,787 700,788 700,789 700,790 700,791 700,792 700,793 700,794 700,795 700,796 700,797 700,798 700,799 700,800
south_north_paths 700,801 700,802 700,803 700,804 700,805 700,806 700,807 700,808 700,809 700,810 700,811 700,812 700,813 700,814 700,815 700,816 700,817 700,818 700,819 700,820 700,821 700,822 700,823 700,824 700,825 700,826 700,827 700,828 700,829 700,830 700,831 700,832 700,833 700,834 700,835 700,836 700,837 700,838 700,839 700,840
south_north_paths 700,841 700,842 700,843 700,844 700,845 700,846 700,847 700,848 700,849 700,850 700,851 700,852 700,853 700,854 700,855 700,856 700,857 700,858 700,859 700,860 700,861 700,862 700,863 700,864 700,865 700,866 700,867 700,868 700,869 700,870 700,871 700,872 700,873 700,874 700,875 700,876 700,877 700,878 700,879 700,880
south_north_paths 700,881 700,882 700,883 700,884 700,885 700,886 700,887 700,888 700,889 700,890 700,891 700,892 700,893 700,894 700,895 700,896 700,897 700,898 700,899 700,900 700,901 700,902 700,903 700,904 700,905 700,906 700,907 700,908 700,909 700,910 700,911 700,912 700,913 700,914 700,915 700,916 700,917 700,918 700,919 700,920
south_north_paths 700,921 700,922 700,923 700,924 700,925 700,926 700,927 700,928 700,929 700,930 700,931 700,932 700,933 700,934 700,935 700,936 700,937 700,938 700,939 700,940 700,941 700,942 700,943 700,944 700,945 700,946 700,947 700,948 700,949 700,950 700,951 700,952 700,953 700,954 700,955 700,956 700,957 700,958 700,959 700,960
south_north_paths 700,961 700,962 700,963 700,964 700,965 700,966 700,967 700,968 700,969 700,970 700,971 700,972 700,973 700,974 700,975 700,976 700,977 700,978 700,979 700,980 700,981 700,982 700,983 700,984 700,985 700,986 700,987 700,988 700,989 700,990 700,991 700,992 700,993 700,994 700,995 700,996 700,997 700,998 700,999
south_north_paths 708,1 708,2 708,8 708,10 708,13 708,14 708,15 708,17 708,19 708,20 708,21 708,22 708,23 708,26 708,27 708,28 708,29 708,30 708,31 708,32 708,33
south_north_paths 713,856 713,859 713,863 713,865 713,866 713,869 713,870 713,871 713,873 713,877 713,878 713,879 713,881 713,882 713,883 713,886 713,890 713,891 713,892 713,894 713,898 713,899 713,902 713,904 713,905 713,906 713,908 713,909
south_north_paths 714,470 714,471 714,472 714,473 714,474 714,475 714,476
south_north_paths 720,31 720,32 720,34 720,37 720,38 720,39 720,43 720,45 720,49 720,50 720,51 720,53 720,54 720,56 720,60 720,61 720,62 720,64 720,66 720,67 720,68 720,72 720,73 720,75 720,78 720,536 720,539 720,544 720,546 720,552 720,554 720,557 720,558 720,559 720,563 720,565 720,566 720,568 720,569 720,570
south_north_paths 720,574 720,575 720,577 720,579 720,580 720,581 720,582 720,583 720,585 720,587 720,588 720,589 720,590 720,592 720,593
south_north_paths 721,740 721,748 721,750 721,752 721,753 721,758 721,759 721,764 721,765 721,766 721,767 721,768 721,771 721,772 721,773 721,774 721,777 721,779 721,781 721,782 721,783 721,784 721,785 721,786 721,787
south_north_paths 731,474 731,479 731,480 731,481 731,482 731,484 731,488 731,489 731,490 731,491 731,493 731,498 731,499 731,500 731,501 731,503 731,504
south_north_paths 732,4 732,7 732,9 732,10 732,11 732,12 732,14 732,15 732,20 732,22 732,23 732,25 732,26 732,27 732,29 732,33 732,37 732,40 732,41
south_north_paths 733,92 733,93 733,98 733,99 733,100 733,101 733,104 733,106 733,108 733,110 733,112 733,113 733,114 733,117 733,119 733,121 733,123 733,125 733,126 733,131 733,132 733,133 733,134
south_north_paths 738,366 738,367 738,372 738,373 738,374 738,376 738,377 738,378 738,381 738,382 738,383 738,387 738,391 738,392 738,393 738,394 738,431 738,432 738,433 738,434 738,435 738,436 738,437 738,438 738,440 738,443 738,447 738,448 738,450 738,451 738,452 738,454 738,455 738,457 738,466
south_north_paths 743,355 743,356 743,357 743,358 743,359 743,360 743,366 743,556 743,561 743,562 743,564 743,565 743,567 743,569 743,571 743,572 743,574 743,576 743,579 743,582 743,583 743,584 743,585 743,587 743,588
south_north_paths 747,225 747,226 747,227 747,229 747,231 747,233 747,235 747,236 747,238 747,239 747,241 747,242 747,245 747,248 747,250 747,252 747,254 747,258 747,259 747,260
south_north_paths 748,941 748,942 748,943 748,945 748,946 748,948 748,949 748,950 748,951 748,956 748,958 748,960 748,961 748,962 748,964 748,965 748,969 748,971 748,973 748,974 748,975 748,976 748,981 748,984
south_north_paths 763,352 763,353 763,356 763,357 763,360 763,362 763,363 763,364 763,365 763,366 763,370 763,373 763,375 763,376 763,377 763,380 763,382 763,383 763,385 763,386 763,387 763,393 763,395 763,396 763,399 763,400
south_north_paths 772,91 772,92 772,93 772,94 772,96 772,100 772,101 772,103 772,105 772,107 772,108 772,114 772,115 772,116 772,117 772,118 772,119 772,122 772,124 772,126 772,129 772,130 772,131 772,133 772,138 772,815 772,817 772,818
south_north_paths 773,348 773,349 773,350 773,352 773,353 773,354 773,355 773,357 773,360 773,361 773,362 773,363 773,366 773,367 773,368 773,373 773,374 773,376 773,381 773,385
south_north_paths 776,367 776,370 776,373 776,376 776,378 776,379 776,381 776,382 776,385 776,387 776,388 776,390 776,391 776,393 776,394
south_north_paths 779,366 779,367 779,369 779,371 779,372 779,373 779,374 779,376 779,377 779,378 779,380 779,382 779,383 779,385 779,389 779,394 779,396
south_north_paths 781,523 781,524 781,525 781,529 781,530 781,532 781,533 781,534 781,538
south_north_paths 783,955 783,957 783,960 783,961 783,962 783,964 783,966 783,967 783,968
south_north_paths 791,824 791,827 791,828 791,830 791,832 791,833 791,836 791,839 791,841 791,842 791,843 791,844 791,845 791,848 791,849 791,850 791,853 791,854 791,860 791,862 791,863 791,865 791,866 791,869 791,871 791,874 791,875
south_north_paths 792,562 792,564 792,565 792,567 792,569 792,571 792,572 792,574 792,576 792,578 792,581 792,582 792,583 792,585 792,587 792,589 792,592 792,594 792,596 792,599 792,601 792,602 792,603 792,604 792,605 792,606 792,607 792,610 792,611 792,618 792,620 792,621 792,622 792,624 792,625 792,627 792,628 792,629 792,630 792,631
south_north_paths 792,636 792,639 792,643 792,645 792,646 792,647 792,648 792,649 792,650 792,653 792,654
south_north_paths 800,1 800,2 800,3 800,4 800,5 800,6 800,7 800,8 800,9 800,10 800,11 800,12 800,13 800,14 800,15 800,16 800,17 800,18 800,19 800,20 800,21 800,22 800,23 800,24 800,25 800,26 800,27 800,28 800,29 800,30 800,31 800,32 800,33 800,34 800,35 800,36 800,37 800,38 800,39 800,40
south_north_paths 800,41 800,42 800,43 800,44 800,45 800,46 800,47 800,48 800,49 800,50 800,51 800,52 800,53 800,54 800,55 800,56 800,57 800,58 800,59 800,60 800,61 800,62 800,63 800,64 800,65 800,66 800,67 800,68 800,69 800,70 800,71 800,72 800,73 800,74 800,75 800,76 800,77 800,78 800,79 800,80
south_north_paths 800,81 800,82 800,83 800,84 800,85 800,86 800,87 800,88 800,89 800,90 800,91 800,92 800,93 800,94 800,95 800,96 800,97 800,98 800,99 800,100 800,101 800,102 800,103 800,104 800,105 800,106 800,107 800,108 800,109 800,110 800,111 800,112 800,113 800,114 800,115 800,116 800,117 800,118 800,119 800,120
south_north_paths 800,121 800,122 800,123 800,124 800,125 800,126 800,127 800,128 800,129 800,130 800,131 800,132 800,133 800,134 800,135 800,136 800,137 800,138 800,139 800,140 800,141 800,142 800,143 800,144 800,145 800,146 800,147 800,148 800,149 800,150 800,151 800,152 800,153 800,154 800,155 800,156 800,157 800,158 800,159 800,160
south_north_paths 800,161 800,162 800,163 800,164 800,165 800,166 800,167 800,168 800,169 800,170 800,171 800,172 800,173 800,174 800,175 800,176 800,177 800,178 800,179 800,180 800,181 800,182 800,183 800,184 800,185 800,186 800,187 800,188 800,189 800,190 800,191 800,192 800,193 800,194 800,195 800,196 800,197 800,198 800,199 800,200
south_north_paths 800,201 800,202 800,203 800,204 800,205 800,206 800,207 800,208 800,209 800,210 800,211 800,212 800,213 800,214 800,215 800,216 800,217 800,218 800,219 800,220 800,221 800,222 800,223 800,224 800,225 800,226 800,227 800,228 800,229 800,230 800,231 800,232 800,233 800,234 800,235 800,236 800,237 800,238 800,239 800,240
south_north_paths 800,241 800,242 800,243 800,244 800,245 800,246 800,247 800,248 800,249 800,250 800,251 800,252 800,253 800,254 800,255 800,256 800,257 800,258 800,259 800,260 800,261 800,262 800,263 800,264 800,265 800,266 800,267 800,268 800,269 800,270 800,271 800,272 800,273 800,274 800,275 800,276 800,277 800,278 800,279 800,280
south_north_paths 800,281 800,282 800,283 800,284 800,285 800,286 800,287 800,288 800,289 800,290 800,291 800,292 800,293 800,294 800,295 800,296 800,297 800,298 800,299 800,300 800,301 800,302 800,303 800,304 800,305 800,306 800,307 800,308 800,309 800,310 800,311 800,312 800,313 800,314 800,315 800,316 800,317 800,318 800,319 800,320
south_north_paths 800,321 800,322 800,323 800,324 800,325 800,326 800,327 800,328 800,329 800,330 800,331 800,332 800,333 800,334 800,335 800,336 800,337 800,338 800,339 800,340 800,341 800,342 800,343 800,344 800,345 800,346 800,347 800,348 800,349 800,350 800,351 800,352 800,353 800,354 800,355 800,356 800,357 800,358 800,359 800,360
south_north_paths 800,361 800,362 800,363 800,364 800,365 800,366 800,367 800,368 800,369 800,370 800,371 800,372 800,373 800,374 800,375 800,376 800,377 800,378 800,379 800,380 800,381 800,382 800,383 800,384 800,385 800,386 800,387 800,388 800,389 800,390 800,391 800,392 800,393 800,394 800,395 800,396 800,397 800,398 800,399 800,400
south_north_paths 800,401 800,402 800,403 800,404 800,405 800,406 800,407 800,408 800,409 800,410 800,411 800,412 800,413 800,414 800,415 800,416 800,417 800,418 800,419 800,420 800,421 800,422 800,423 800,424 800,425 800,426 800,427 800,428 800,429 800,430 800,431 800,432 800,433 800,434 800,435 800,436 800,437 800,438 800,439 800,440
south_north_paths 800,441 800,442 800,443 800,444 800,445 800,446 800,447 800,448 800,449 800,450 800,451 800,452 800,453 800,454 800,455 800,456 800,457 800,458 800,459 800,460 800,461 800,462 800,463 800,464 800,465 800,466 800,467 800,468 800,469 800,470 800,471 800,472 800,473 800,474 800,475 800,476 800,477 800,478 800,479 800,480
south_north_paths 800,481 800,482 800,483 800,484 800,485 800,486 800,487 800,488 800,489 800,490 800,491 800,492 800,493 800,494 800,495 800,496 800,497 800,498 800,499 800,500 800,501 800,502 800,503 800,504 800,505 800,506 800,507 800,508 800,509 800,510 800,511 800,512 800,513 800,514 800,515 800,516 800,517 800,518 800,519 800,520
south_north_paths 800,521 800,522 800,523 800,524 800,525 800,526 800,527 800,528 800,529 800,530 800,531 800,532 800,533 800,534 800,535 800,536 800,537 800,538 800,539 800,540 800,541 800,542 800,543 800,544 800,545 800,546 800,547 800,548 800,549 800,550 800,551 800,552 800,553 800,554 800,555 800,556 800,557 800,558 800,559 800,560
south_north_paths 800,561 800,562 800,563 800,564 800,565 800,566 800,567 800,568 800,569 800,570 800,571 800,572 800,573 800,574 800,575 800,576 800,577 800,578 800,579 800,580 800,581 800,582 800,583 800,584 800,585 800,586 800,587 800,588 800,589 800,590 800,591 800,592 800,593 800,594 800,595 800,596 800,597 800,598 800,599 800,600
south_north_paths 800,601 800,602 800,603 800,604 800,605 800,606 800,607 800,608 800,609 800,610 800,611 800,612 800,613 800,614 800,615 800,616 800,617 800,618 800,619 800,620 800,621 800,622 800,623 800,624 800,625 800,626 800,627 800,628 800,629 800,630 800,631 800,632 800,633 800,634 800,635 800,636 800,637 800,638 800,639 800,640
south_north_paths 800,641 800,642 800,643 800,644 800,645 800,646 800,647 800,648 800,649 800,650 800,651 800,652 800,653 800,654 800,655 800,656 800,657 800,658 800,659 800,660 800,661 800,662 800,663 800,664 800,665 800,666 800,667 800,668 800,669 800,670 800,671 800,672 800,673 800,674 800,675 800,676 800,677 800,678 800,679 800,680
south_north_paths 800,681 800,682 800,683 800,684 800,685 800,686 800,687 800,688 800,689 800,690 800,691 800,692 800,693 800,694 800,695 800,696 800,697 800,698 800,699 800,700 800,701 800,702 800,703 800,704 800,705 800,706 800,707 800,708 800,709 800,710 800,711 800,712 800,713 800,714 800,715 800,716 800,717 800,718 800,719 800,720
south_north_paths 800,721 800,722 800,723 800,724 800,725 800,726 800,727 800,728 800,729 800,730 800,731 800,732 800,733 800,734 800,735 800,736 800,737 800,738 800,739 800,740 800,741 800,742 800,743 800,744 800,745 800,746 800,747 800,748 800,749 800,750 800,751 800,752 800,753 800,754 800,755 800,756 800,757 800,758 800,759 800,760
south_north_paths 800,761 800,762 800,763 800,764 800,765 800,766 800,767 800,768 800,769 800,770 800,771 800,772 800,773 800,774 800,775 800,776 800,777 800,778 800,779 800,780 800,781 800,782 800,783 800,784 800,785 800,786 800,787 800,788 800,789 800,790 800,791 800,792 800,793 800,794 800,795 800,796 800,797 800,798 800,799 800,800
south_north_paths 800,801 800,802 800,803 800,804 800,805 800,806 800,807 800,808 800,809 800,810 800,811 800,812 800,813 800,814 800,815 800,816 800,817 800,818 800,819 800,820 800,821 800,822 800,823 800,824 800,825 800,826 800,827 800,828 800,829 800,830 800,831 800,832 800,833 800,834 800,835 800,836 800,837 800,838 800,839 800,840
south_north_paths 800,841 800,842 800,843 800,844 800,845 800,846 800,847 800,848 800,849 800,850 800,851 800,852 800,853 800,854 800,855 800,856 800,857 800,858 800,859 800,860 800,861 800,862 800,863 800,864 800,865 800,866 800,867 800,868 800,869 800,870 800,871 800,872 800,873 800,874 800,875 800,876 800,877 800,878 800,879 800,880
south_north_paths 800,881 800,882 800,883 800,884 800,885 800,886 800,887 800,888 800,889 800,890 800,891 800,892 800,893 800,894 800,895 800,896 800,897 800,898 800,899 800,900 800,901 800,902 800,903 800,904 800,905 800,906 800,907 800,908 800,909 800,910 800,911 800,912 800,913 800,914 800,915 800,916 800,917 800,918 800,919 800,920
south_north_paths 800,921 800,922 800,923 800,924 800,925 800,926 800,927 800,928 800,929 800,930 800,931 800,932 800,933 800,934 800,935 800,936 800,937 800,938 800,939 800,940 800,941 800,942 800,943 800,944 800,945 800,946 800,947 800,948 800,949 800,950 800,951 800,952 800,953 800,954 800,955 800,956 800,957 800,958 800,959 800,960
south_north_paths 800,961 800,962 800,963 800,964 800,965 800,966 800,967 800,968 800,969 800,970 800,971 800,972 800,973 800,974 800,975 800,976 800,977 800,978 800,979 800,980 800,981 800,982 800,983 800,984 800,985 800,986 800,987 800,988 800,989 800,990 800,991 800,992 800,993 800,994 800,995 800,996 800,997 800,998 800,999
south_north_paths 806,92 806,93 806,94 806,95 806,99 806,100 806,103 806,106 806,107 806,108 806,112 806,113 806,116 806,117 806,118 806,120 806,121 806,125 806,126 806,129 806,130 806,131 806,135 806,136 806,138 806,139 806,142 806,143 806,144 806,149
south_north_paths 810,153 810,154 810,155 810,156 810,158 810,160 810,161 810,163 810,165 810,166 810,167 810,169 810,170 810,171 810,174 810,178 810,180 810,183 810,185
south_north_paths 824,839 824,840 824,841 824,842 824,844 824,845 824,846 824,848 824,849 824,850 824,851 824,852 824,853 824,855 824,856 824,863 824,867
south_north_paths 829,293 829,296 829,297 829,299 829,301 829,303 829,304 829,306 829,308 829,311 829,312 829,314 829,315
south_north_paths 831,888 831,889 831,890 831,891 831,892 831,895 831,896 831,897 831,898 831,899 831,901 831,902 831,908 831,909
south_north_paths 836,177 836,179 836,181 836,182 836,184 836,186 836,188 836,189 836,191 836,192 836,193 836,196 836,199 836,201 836,203 836,206 836,208
south_north_paths 838,250 838,254 838,256 838,257 838,259 838,260 838,263 838,265 838,266 838,267 838,269
south_north_paths 844,207 844,209 844,210 844,212 844,214 844,216 844,217 844,219 844,220 844,226 844,227 844,228 844,229 844,233 844,234 844,235 844,236 844,237 844,240 844,243 844,245 844,247 844,250
south_north_paths 853,450 853,452 853,455 853,456 853,458 853,459 853,464 853,465 853,466 853,468 853,469 853,473 853,474 853,475 853,476 853,479 853,482 853,483 853,485
south_north_paths 855,1 855,4 855,5 855,7 855,10 855,11 855,13 855,14 855,16 855,19 855,20 855,22 855,24
south_north_paths 869,649 869,650 869,652 869,653 869,654 869,657
south_north_paths 872,51 872,54 872,55 872,57 872,59 872,61 872,62 872,64 872,66 872,67 872,69 872,70 872,73 872,75 872,78 872,80 872,82 872,85 872,86 872,88 872,89 872,90 872,91 872,92 872,93
south_north_paths 882,873 882,874 882,875 882,878 882,879 882,881 882,882 882,885 882,886
south_north_paths 883,149 883,150 883,151 883,152 883,153 883,155 883,157 883,158 883,160 883,163 883,164 883,165 883,168 883,171 883,175 883,176 883,177 883,178 883,180 883,181 883,183 883,184 883,188 883,189 883,191 883,194 883,196
south_north_paths 884,948 884,949 884,957 884,964 884,966 884,968 884,970 884,973 884,975 884,976 884,978 884,980 884,981 884,983 884,985 884,987 884,989 884,990 884,991 884,992 884,993 884,994 884,996 884,997 884,998 884,999
south_north_paths 885,694 885,697 885,698 885,700 885,701 885,703 885,704 885,705 885,707 885,708 885,709 885,712 885,714 885,715 885,716 885,717 885,721 885,723 885,724 885,728 885,732 885,735 885,738 885,739
south_north_paths 887,2 887,3 887,4 887,7 887,9 887,10 887,11 887,14
south_north_paths 889,261 889,263 889,264 889,269 889,270 889,271 889,272 889,273 889,276 889,350 889,353 889,356 889,357 889,358 889,359 889,363 889,364 889,366 889,367
south_north_paths 895,289 895,290 895,294 895,295 895,297 895,298 895,299 895,302
south_north_paths 897,864 897,869 897,871 897,872 897,874 897,875 897,876 897,877
south_north_paths 900,1 900,2 900,3 900,4 900,5 900,6 900,7 900,8 900,9 900,10 900,11 900,12 900,13 900,14 900,15 900,16 900,17 900,18 900,19 900,20 900,21 900,22 900,23 900,24 900,25 900,26 900,27 900,28 900,29 900,30 900,31 900,32 900,33 900,34 900,35 900,36 900,37 900,38 900,39 900,40
south_north_paths 900,41 900,42 900,43 900,44 900,45 900,46 900,47 900,48 900,49 900,50 900,51 900,52 900,53 900,54 900,55 900,56 900,57 900,58 900,59 900,60 900,61 900,62 900,63 900,64 900,65 900,66 900,67 900,68 900,69 900,70 900,71 900,72 900,73 900,74 900,75 900,76 900,77 900,78 900,79 900,80
south_north_paths 900,81 900,82 900,83 900,84 900,85 900,86 900,87 900,88 900,89 900,90 900,91 900,92 900,93 900,94 900,95 900,96 900,97 900,98 900,99 900,100 900,101 900,102 900,103 900,104 900,105 900,106 900,107 900,108 900,109 900,110 900,111 900,112 900,113 900,114 900,115 900,116 900,117 900,118 900,119 900,120
south_north_paths 900,121 900,122 900,123 900,124 900,125 900,126 900,127 900,128 900,129 900,130 900,131 900,132 900,133 900,134 900,135 900,136 900,137 900,138 900,139 900,140 900,141 900,142 900,143 900,144 900,145 900,146 900,147 900,148 900,149 900,150 900,151 900,152 900,153 900,154 900,155 900,156 900,157 900,158 900,159 900,160
south_north_paths 900,161 900,162 900,163 900,164 900,165 900,166 900,167 900,168 900,169 900,170 900,171 900,172 900,173 900,174 900,175 900,176 900,177 900,178 900,179 900,180 900,181 900,182 900,183 900,184 900,185 900,186 900,187 900,188 900,189 900,190 900,191 900,192 900,193 900,194 900,195 900,196 900,197 900,198 900,199 900,200
south_north_paths 900,201 900,202 900,203 900,204 900,205 900,206 900,207 900,208 900,209 900,210 900,211 900,212 900,213 900,214 900,215 900,216 900,217 900,218 900,219 900,220 900,221 900,222 900,223 900,224 900,225 900,226 900,227 900,228 900,229 900,230 900,231 900,232 900,233 900,234 900,235 900,236 900,237 900,238 900,239 900,240
south_north_paths 900,241 900,242 900,243 900,244 900,245 900,246 900,247 900,248 900,249 900,250 900,251 900,252 900,253 900,254 900,255 900,256 900,257 900,258 900,259 900,260 900,261 900,262 900,263 900,264 900,265 900,266 900,267 900,268 900,269 900,270 900,271 900,272 900,273 900,274 900,275 900,276 900,277 900,278 900,279 900,280
south_north_paths 900,281 900,282 900,283 900,284 900,285 900,286 900,287 900,288 900,289 900,290 900,291 900,292 900,293 900,294 900,295 900,296 900,297 900,298 900,299 900,300 900,301 900,302 900,303 900,304 900,305 900,306 900,307 900,308 900,309 900,310 900,311 900,312 900,313 900,314 900,315 900,316 900,317 900,318 900,319 900,320
south_north_paths 900,321 900,322 900,323 900,324 900,325 900,326 900,327 900,328 900,329 900,330 900,331 900,332 900,333 900,334 900,335 900,336 900,337 900,338 900,339 900,340 900,341 900,342 900,343 900,344 900,345 900,346 900,347 900,348 900,349 900,350 900,351 900,352 900,353 900,354 900,355 900,356 900,357 900,358 900,359 900,360
south_north_paths 900,361 900,362 900,363 900,364 900,365 900,366 900,367 900,368 900,369 900,370 900,371 900,372 900,373 900,374 900,375 900,376 900,377 900,378 900,379 900,380 900,381 900,382 900,383 900,384 900,385 900,386 900,387 900,388 900,389 900,390 900,391 900,392 900,393 900,394 900,395 900,396 900,397 900,398 900,399 900,400
south_north_paths 900,401 900,402 900,403 900,404 900,405 900,406 900,407 900,408 900,409 900,410 900,411 900,412 900,413 900,414 900,415 900,416 900,417 900,418 900,419 900,420 900,421 900,422 900,423 900,424 900,425 900,426 900,427 900,428 900,429 900,430 900,431 900,432 900,433 900,434 900,435 900,436 900,437 900,438 900,439 900,440
south_north_paths 900,441 900,442 900,443 900,444 900,445 900,446 900,447 900,448 900,449 900,450 900,451 900,452 900,453 900,454 900,455 900,456 900,457 900,458 900,459 900,460 900,461 900,462 900,463 900,464 900,465 900,466 900,467 900,468 900,469 900,470 900,471 900,472 900,473 900,474 900,475 900,476 900,477 900,478 900,479 900,480
south_north_paths 900,481 900,482 900,483 900,484 900,485 900,486 900,487 900,488 900,489 900,490 900,491 900,492 900,493 900,494 900,495 900,496 900,497 900,498 900,499 900,500 900,501 900,502 900,503 900,504 900,505 900,506 900,507 900,508 900,509 900,510 900,511 900,512 900,513 900,514 900,515 900,516 900,517 900,518 900,519 900,520
south_north_paths 900,521 900,522 900,523 900,524 900,525 900,526 900,527 900,528 900,529 900,530 900,531 900,532 900,533 900,534 900,535 900,536 900,537 900,538 900,539 900,540 900,541 900,542 900,543 900,544 900,545 900,546 900,547 900,548 900,549 900,550 900,551 900,552 900,553 900,554 900,555 900,556 900,557 900,558 900,559 900,560
south_north_paths 900,561 900,562 900,563 900,564 900,565 900,566 900,567 900,568 900,569 900,570 900,571 900,572 900,573 900,574 900,575 900,576 900,577 900,578 900,579 900,580 900,581 900,582 900,583 900,584 900,585 900,586 900,587 900,588 900,589 900,590 900,591 900,592 900,593 900,594 900,595 900,596 900,597 900,598 900,599 900,600
south_north_paths 900,601 900,602 900,603 900,604 900,605 900,606 900,607 900,608 900,609 900,610 900,611 900,612 900,613 900,614 900,615 900,616 900,617 900,618 900,619 900,620 900,621 900,622 900,623 900,624 900,625 900,626 900,627 900,628 900,629 900,630 900,631 900,632 900,633 900,634 900,635 900,636 900,637 900,638 900,639 900,640
south_north_paths 900,641 900,642 900,643 900,644 900,645 900,646 900,647 900,648 900,649 900,650 900,651 900,652 900,653 900,654 900,655 900,656 900,657 900,658 900,659 900,660 900,661 900,662 900,663 900,664 900,665 900,666 900,667 900,668 900,669 900,670 900,671 900,672 900,673 900,674 900,675 900,676 900,677 900,678 900,679 900,680
south_north_paths 900,681 900,682 900,683 900,684 900,685 900,686 900,687 900,688 900,689 900,690 900,691 900,692 900,693 900,694 900,695 900,696 900,697 900,698 900,699 900,700 900,701 900,702 900,703 900,704 900,705 900,706 900,707 900,708 900,709 900,710 900,711 900,712 900,713 900,714 900,715 900,716 900,717 900,718 900,719 900,720
south_north_paths 900,721 900,722 900,723 900,724 900,725 900,726 900,727 900,728 900,729 900,730 900,731 900,732 900,733 900,734 900,735 900,736 900,737 900,738 900,739 900,740 900,741 900,742 900,743 900,744 900,745 900,746 900,747 900,748 900,749 900,750 900,751 900,752 900,753 900,754 900,755 900,756 900,757 900,758 900,759 900,760
south_north_paths 900,761 900,762 900,763 900,764 900,765 900,766 900,767 900,768 900,769 900,770 900,771 900,772 900,773 900,774 900,775 900,776 900,777 900,778 900,779 900,780 900,781 900,782 900,783 900,784 900,785 900,786 900,787 900,788 900,789 900,790 900,791 900,792 900,793 900,794 900,795 900,796 900,797 900,798 900,799 900,800
south_north_paths 900,801 900,802 900,803 900,804 900,805 900,806 900,807 900,808 900,809 900,810 900,811 900,812 900,813 900,814 900,815 900,816 900,817 900,818 900,819 900,820 900,821 900,822 900,823 900,824 900,825 900,826 900,827 900,828 900,829 900,830 900,831 900,832 900,833 900,834 900,835 900,836 900,837 900,838 900,839 900,840
south_north_paths 900,841 900,842 900,843 900,844 900,845 900,846 900,847 900,848 900,849 900,850 900,851 900,852 900,853 900,854 900,855 900,856 900,857 900,858 900,859 900,860 900,861 900,862 900,863 900,864 900,865 900,866 900,867 900,868 900,869 900,870 900,871 900,872 900,873 900,874 900,875 900,876 900,877 900,878 900,879 900,880
south_north_paths 900,881 900,882 900,883 900,884 900,885 900,886 900,887 900,888 900,889 900,890 900,891 900,892 900,893 900,894 900,895 900,896 900,897 900,898 900,899 900,900 900,901 900,902 900,903 900,904 900,905 900,906 900,907 900,908 900,909 900,910 900,911 900,912 900,913 900,914 900,915 900,916 900,917 900,918 900,919 900,920
south_north_paths 900,921 900,922 900,923 900,924 900,925 900,926 900,927 900,928 900,929 900,930 900,931 900,932 900,933 900,934 900,935 900,936 900,937 900,938 900,939 900,940 900,941 900,942 900,943 900,944 900,945 900,946 900,947 900,948 900,949 900,950 900,951 900,952 900,953 900,954 900,955 900,956 900,957 900,958 900,959 900,960
south_north_paths 900,961 900,962 900,963 900,964 900,965 900,966 900,967 900,968 900,969 900,970 900,971 900,972 900,973 900,974 900,975 900,976 900,977 900,978 900,979 900,980 900,981 900,982 900,983 900,984 900,985 900,986 900,987 900,988 900,989 900,990 900,991 900,992 900,993 900,994 900,995 900,996 900,997 900,998 900,999
south_north_paths 906,324 906,331 906,333 906,335 906,338 906,341 906,346 906,347 906,349 906,350 906,351 906,352 906,354 906,355 906,357 906,358 906,360 906,362 906,364 906,365 906,366 906,367 906,368 906,369
south_north_paths 912,911 912,912 912,913 912,916 912,917 912,918 912,919 912,920 912,921 912,922 912,924 912,927 912,932 912,933 912,935 912,936 912,937 912,938 912,940 912,941 912,943 912,951 912,952
south_north_paths 917,930 917,931 917,932 917,935 917,936 917,938 917,939 917,943 917,944 917,945
south_north_paths 919,839 919,841 919,842 919,843 919,845 919,847 919,851 919,852 919,853 919,854 919,858 919,861 919,862 919,863 919,866 919,867 919,869 919,870 919,871 919,876 919,877 919,878 919,880 919,882 919,886 919,888 919,889 919,890 919,891 919,892
south_north_paths 921,746 921,748 921,749 921,751 921,752 921,755 921,757 921,758 921,759 921,760 921,761 921,765 921,766 921,768 921,769 921,770 921,771 921,772 921,774 921,775
south_north_paths 935,432 935,433 935,434 935,435 935,438 935,440 935,441 935,442 935,445 935,447 935,448 935,453
south_north_paths 937,666 937,667 937,668 937,669 937,670 937,674 937,675 937,678 937,680 937,681 937,687 937,688 937,689 937,692 937,693 937,694 937,695 937,696 937,699 937,701 937,702 937,705 937,706 937,707 937,713
south_north_paths 945,690 945,691 945,694 945,695 945,696 945,697 945,699 945,701 945,702 945,704 945,705 945,706 945,707 945,711 945,714 945,716 945,721 945,722 945,725
south_north_paths 947,154 947,155 947,158 947,159 947,161 947,164 947,166 947,167 947,169 947,170 947,171 947,173 947,174 947,176 947,177 947,179 947,182 947,186 947,189 947,191 947,192 947,194 947,197 947,198
south_north_paths 949,120 949,126 949,127 949,129 949,130 949,132 949,133 949,136 949,137 949,138 949,139 949,140 949,143 949,144 949,145 949,147 949,148 949,150 949,154 949,155 949,161 949,162 949,165 949,168 949,171 949,172 949,173 949,174 949,175
south_north_paths 952,935 952,937 952,939 952,940 952,941 952,945 952,947 952,949 952,952 952,953 952,955 952,958 952,959 952,960 952,962 952,965 952,966 952,968 952,970 952,972 952,973 952,974 952,978 952,980 952,982
south_north_paths 964,967 964,968 964,971 964,974 964,975 964,977 964,978 964,980 964,983 964,984 964,986 964,987
south_north_paths 978,772 978,774 978,775 978,776 978,777 978,781
south_north_paths 979,142 979,144 979,145 979,146 979,149
south_north_paths 984,221 984,222 984,223 984,225 984,228 984,232 984,233 984,234 984,235 984,237 984,238 984,240
south_north_paths 985,350 985,351 985,352 985,355 985,356 985,357 985,359 985,360 985,362 985,364 985,368 985,369 985,370 985,373 985,374 985,375 985,377 985,379 985,382 985,386 985,387
south_north_paths 986,727 986,728 986,729 986,730 986,731 986,735 986,736 986,737 986,739 986,740 986,742 986,743 986,746 986,750 986,751 986,752
south_north_paths 987,565 987,566 987,567 987,796 987,797 987,799
south_north_paths 992,336 992,344 992,345 992,350 992,351 992,353 992,354 992,355 992,356 992,359 992,360 992,361 992,362 992,363 992,364 992,365 992,367 992,901 992,903 992,904 992,906 992,907 992,910 992,913 992,915 992,916 992,917 992,919 992,920 992,925 992,927 992,929 992,930 992,932 992,934 992,936 992,937 992,938 992,939 992,942
south_north_paths 992,946 992,948 992,949 992,951 992,952 992,955 992,958
south_north_paths 993,876 993,877 993,881 993,882 993,883 993,885 993,886 993,887 993,890 993,894 993,895 993,896 993,899
south_north_paths 1000,1 1000,2 1000,3 1000,4 1000,5 1000,6 1000,7 1000,8 1000,9 1000,10 1000,11 1000,12 1000,13 1000,14 1000,15 1000,16 1000,17 1000,18 1000,19 1000,20 1000,21 1000,22 1000,23 1000,24 1000,25 1000,26 1000,27 1000,28 1000,29 1000,30 1000,31 1000,32 1000,33 1000,34 1000,35 1000,36 1000,37 1000,38 1000,39 1000,40
south_north_paths 1000,41 1000,42 1000,43 1000,44 1000,45 1000,46 1000,47 1000,48 1000,49 1000,50 1000,51 1000,52 1000,53 1000,54 1000,55 1000,56 1000,57 1000,58 1000,59 1000,60 1000,61 1000,62 1000,63 1000,64 1000,65 1000,66 1000,67 1000,68 1000,69 1000,70 1000,71 1000,72 1000,73 1000,74 1000,75 1000,76 1000,77 1000,78 1000,79 1000,80
south_north_paths 1000,81 1000,82 1000,83 1000,84 1000,85 1000,86 1000,87 1000,88 1000,89 1000,90 1000,91 1000,92 1000,93 1000,94 1000,95 1000,96 1000,97 1000,98 1000,99 1000,100 1000,101 1000,102 1000,103 1000,104 1000,105 1000,106 1000,107 1000,108 1000,109 1000,110 1000,111 1000,112 1000,113 1000,114 1000,115 1000,116 1000,117 1000,118 1000,119 1000,120
south_north_paths 1000,121 1000,122 1000,123 1000,124 1000,125 1000,126 1000,127 1000,128 1000,129 1000,130 1000,131 1000,132 1000,133 1000,134 1000,135 1000,136 1000,137 1000,138 1000,139 1000,140 1000,141 1000,142 1000,143 1000,144 1000,145 1000,146 1000,147 1000,148 1000,149 1000,150 1000,151 1000,152 1000,153 1000,154 1000,155 1000,156 1000,157 1000,158 1000,159 1000,160
south_north_paths 1000,161 1000,162 1000,163 1000,164 1000,165 1000,166 1000,167 1000,168 1000,169 1000,170 1000,171 1000,172 1000,173 1000,174 1000,175 1000,176 1000,177 1000,178 1000,179 1000,180 1000,181 1000,182 1000,183 1000,184 1000,185 1000,186 1000,187 1000,188 1000,189 1000,190 1000,191 1000,192 1000,193 1000,194 1000,195 1000,196 1000,197 1000,198 1000,199 1000,200
south_north_paths 1000,201 1000,202 1000,203 1000,204 1000,205 1000,206 1000,207 1000,208 1000,209 1000,210 1000,211 1000,212 1000,213 1000,214 1000,215 1000,216 1000,217 1000,218 1000,219 1000,220 1000,221 1000,222 1000,223 1000,224 1000,225 1000,226 1000,227 1000,228 1000,229 1000,230 1000,231 1000,232 1000,233 1000,234 1000,235 1000,236 1000,237 1000,238 1000,239 1000,240
south_north_paths 1000,241 1000,242 1000,243 1000,244 1000,245 1000,246 1000,247 1000,248 1000,249 1000,250 1000,251 1000,252 1000,253 1000,254 1000,255 1000,256 1000,257 1000,258 1000,259 1000,260 1000,261 1000,262 1000,263 1000,264 1000,265 1000,266 1000,267 1000,268 1000,269 1000,270 1000,271 1000,272 1000,273 1000,274 1000,275 1000,276 1000,277 1000,278 1000,279 1000,280
south_north_paths 1000,281 1000,282 1000,283 1000,284 1000,285 1000,286 1000,287 1000,288 1000,289 1000,290 1000,291 1000,292 1000,293 1000,294 1000,295 1000,296 1000,297 1000,298 1000,299 1000,300 1000,301 1000,302 1000,303 1000,304 1000,305 1000,306 1000,307 1000,308 1000,309 1000,310 1000,311 1000,312 1000,313 1000,314 1000,315 1000,316 1000,317 1000,318 1000,319 1000,320
south_north_paths 1000,321 1000,322 1000,323 1000,324 1000,325 1000,326 1000,327 1000,328 1000,329 1000,330 1000,331 1000,332 1000,333 1000,334 1000,335 1000,336 1000,337 1000,338 1000,339 1000,340 1000,341 1000,342 1000,343 1000,344 1000,345 1000,346 1000,347 1000,348 1000,349 1000,350 1000,351 1000,352 1000,353 1000,354 1000,355 1000,356 1000,357 1000,358 1000,359 1000,360
south_north_paths 1000,361 1000,362 1000,363 1000,364 1000,365 1000,366 1000,367 1000,368 1000,369 1000,370 1000,371 1000,372 1000,373 1000,374 1000,375 1000,376 1000,377 1000,378 1000,379 1000,380 1000,381 1000,382 1000,383 1000,384 1000,385 1000,386 1000,387 1000,388 1000,389 1000,390 1000,391 1000,392 1000,393 1000,394 1000,395 1000,396 1000,397 1000,398 1000,399 1000,400
south_north_paths 1000,401 1000,402 1000,403 1000,404 1000,405 1000,406 1000,407 1000,408 1000,409 1000,410 1000,411 1000,412 1000,413 1000,414 1000,415 1000,416 1000,417 1000,418 1000,419 1000,420 1000,421 1000,422 1000,423 1000,424 1000,425 1000,426 1000,427 1000,428 1000,429 1000,430 1000,431 1000,432 1000,433 1000,434 1000,435 1000,436 1000,437 1000,438 1000,439 1000,440
south_north_paths 1000,441 1000,442 1000,443 1000,444 1000,445 1000,446 1000,447 1000,448 1000,449 1000,450 1000,451 1000,452 1000,453 1000,454 1000,455 1000,456 1000,457 1000,458 1000,459 1000,460 1000,461 1000,462 1000,463 1000,464 1000,465 1000,466 1000,467 1000,468 1000,469 1000,470 1000,471 1000,472 1000,473 1000,474 1000,475 1000,476 1000,477 1000,478 1000,479 1000,480
south_north_paths 1000,481 1000,482 1000,483 1000,484 1000,485 1000,486 1000,487 1000,488 1000,489 1000,490 1000,491 1000,492 1000,493 1000,494 1000,495 1000,496 1000,497 1000,498 1000,499 1000,500 1000,501 1000,502 1000,503 1000,504 1000,505 1000,506 1000,507 1000,508 1000,509 1000,510 1000,511 1000,512 1000,513 1000,514 1000,515 1000,516 1000,517 1000,518 1000,519 1000,520
south_north_paths 1000,521 1000,522 1000,523 1000,524 1000,525 1000,526 1000,527 1000,528 1000,529 1000,530 1000,531 1000,532 1000,533 1000,534 1000,535 1000,536 1000,537 1000,538 1000,539 1000,540 1000,541 1000,542 1000,543 1000,544 1000,545 1000,546 1000,547 1000,548 1000,549 1000,550 1000,551 1000,552 1000,553 1000,554 1000,555 1000,556 1000,557 1000,558 1000,559 1000,560
south_north_paths 1000,561 1000,562 1000,563 1000,564 1000,565 1000,566 1000,567 1000,568 1000,569 1000,570 1000,571 1000,572 1000,573 1000,574 1000,575 1000,576 1000,577 1000,578 1000,579 1000,580 1000,581 1000,582 1000,583 1000,584 1000,585 1000,586 1000,587 1000,588 1000,589 1000,590 1000,591 1000,592 1000,593 1000,594 1000,595 1000,596 1000,597 1000,598 1000,599 1000,600
south_north_paths 1000,601 1000,602 1000,603 1000,604 1000,605 1000,606 1000,607 1000,608 1000,609 1000,610 1000,611 1000,612 1000,613 1000,614 1000,615 1000,616 1000,617 1000,618 1000,619 1000,620 1000,621 1000,622 1000,623 1000,624 1000,625 1000,626 1000,627 1000,628 1000,629 1000,630 1000,631 1000,632 1000,633 1000,634 1000,635 1000,636 1000,637 1000,638 1000,639 1000,640
south_north_paths 1000,641 1000,642 1000,643 1000,644 1000,645 1000,646 1000,647 1000,648 1000,649 1000,650 1000,651 1000,652 1000,653 1000,654 1000,655 1000,656 1000,657 1000,658 1000,659 1000,660 1000,661 1000,662 1000,663 1000,664 1000,665 1000,666 1000,667 1000,668 1000,669 1000,670 1000,671 1000,672 1000,673 1000,674 1000,675 1000,676 1000,677 1000,678 1000,679 1000,680
south_north_paths 1000,681 1000,682 1000,683 1000,684 1000,685 1000,686 1000,687 1000,688 1000,689 1000,690 1000,691 1000,692 1000,693 1000,694 1000,695 1000,696 1000,697 1000,698 1000,699 1000,700 1000,701 1000,702 1000,703 1000,704 1000,705 1000,706 1000,707 1000,708 1000,709 1000,710 1000,711 1000,712 1000,713 1000,714 1000,715 1000,716 1000,717 1000,718 1000,719 1000,720
south_north_paths 1000,721 1000,722 1000,723 1000,724 1000,725 1000,726 1000,727 1000,728 1000,729 1000,730 1000,731 1000,732 1000,733 1000,734 1000,735 1000,736 1000,737 1000,738 1000,739 1000,740 1000,741 1000,742 1000,743 1000,744 1000,745 1000,746 1000,747 1000,748 1000,749 1000,750 1000,751 1000,752 1000,753 1000,754 1000,755 1000,756 1000,757 1000,758 1000,759 1000,760
south_north_paths 1000,761 1000,762 1000,763 1000,764 1000,765 1000,766 1000,767 1000,768 1000,769 1000,770 1000,771 1000,772 1000,773 1000,774 1000,775 1000,776 1000,777 1000,778 1000,779 1000,780 1000,781 1000,782 1000,783 1000,784 1000,785 1000,786 1000,787 1000,788 1000,789 1000,790 1000,791 1000,792 1000,793 1000,794 1000,795 1000,796 1000,797 1000,798 1000,799 1000,800
south_north_paths 1000,801 1000,802 1000,803 1000,804 1000,805 1000,806 1000,807 1000,808 1000,809 1000,810 1000,811 1000,812 1000,813 1000,814 1000,815 1000,816 1000,817 1000,818 1000,819 1000,820 1000,821 1000,822 1000,823 1000,824 1000,825 1000,826 1000,827 1000,828 1000,829 1000,830 1000,831 1000,832 1000,833 1000,834 1000,835 1000,836 1000,837 1000,838 1000,839 1000,840
south_north_paths 1000,841 1000,842 1000,843 1000,844 1000,845 1000,846 1000,847 1000,848 1000,849 1000,850 1000,851 1000,852 1000,853 1000,854 1000,855 1000,856 1000,857 1000,858 1000,859 1000,860 1000,861 1000,862 1000,863 1000,864 1000,865 1000,866 1000,867 1000,868 1000,869 1000,870 1000,871 1000,872 1000,873 1000,874 1000,875 1000,876 1000,877 1000,878 1000,879 1000,880
south_north_paths 1000,881 1000,882 1000,883 1000,884 1000,885 1000,886 1000,887 1000,888 1000,889 1000,890 1000,891 1000,892 1000,893 1000,894 1000,895 1000,896 1000,897 1000,898 1000,899 1000,900 1000,901 1000,902 1000,903 1000,904 1000,905 1000,906 1000,907 1000,908 1000,909 1000,910 1000,911 1000,912 1000,913 1000,914 1000,915 1000,916 1000,917 1000,918 1000,919 1000,920
south_north_paths 1000,921 1000,922 1000,923 1000,924 1000,925 1000,926 1000,927 1000,928 1000,929 1000,930 1000,931 1000,932 1000,933 1000,934 1000,935 1000,936 1000,937 1000,938 1000,939 1000,940 1000,941 1000,942 1000,943 1000,944 1000,945 1000,946 1000,947 1000,948 1000,949 1000,950 1000,951 1000,952 1000,953 1000,954 1000,955 1000,956 1000,957 1000,958 1000,959 1000,960
south_north_paths 1000,961 1000,962 1000,963 1000,964 1000,965 1000,966 1000,967 1000,968 1000,969 1000,970 1000,971 1000,972 1000,973 1000,974 1000,975 1000,976 1000,977 1000,978 1000,979 1000,980 1000,981 1000,982 1000,983 1000,984 1000,985 1000,986 1000,987 1000,988 1000,989 1000,990 1000,991 1000,992 1000,993 1000,994 1000,995 1000,996 1000,997 1000,998 1000,999

high_grounds 506,281 785,999 950,643 752,514 184,247 828,65 659,619 15,905 709,619 856,997 996,210 501,374 719,19 89,325 27,459 325,936 197,938 414,577 121,940 865,856 905,141 295,945 324,157 268,297 199,933 531,158 241,219 252,478 753,881 235,185 620,630 585,725 970,883 947,988 60,815 661,343 145,394 874,910 637,504 624,374 105,766 575,248 920,230 941,979 314,53 563,382 66,761 781,464 731,320 846,591 537,946 352,454 704,556 742,232 70,741 138,508 511,916 683,247 808,444 718,301 679,17 933,885 613,186 326,107 230,784 863,287 602,392 670,383 414,446 413,89 578,241 823,683 456,41 816,543 704,705 733,385 527,310 986,256 695,743 315,241 70,272 239,632 593,378

goldmines 50 242,753
goldmines 50 469,392
goldmines 50 301,190
goldmines 50 448,49
goldmines 50 626,429
goldmines 50 774,164
goldmines 50 622,436
goldmines 50 15,974
goldmines 50 28,271
goldmines 50 331,893
goldmines 50 941,774
goldmines 50 19,50
goldmines 50 207,352
goldmines 50 979,240
goldmines 50 531,646
goldmines 50 680,866
goldmines 50 930,663
goldmines 50 76,13
goldmines 50 19,132
goldmines 50 972,752
goldmines 50 135,830
goldmines 50 760,437
goldmines 50 907,965
goldmines 50 550,731
goldmines 50 195,454
goldmines 50 558,243
goldmines 50 896,477
goldmines 50 665,180
goldmines 50 193,634
goldmines 50 994,762
goldmines 50 376,584
goldmines 50 194,361
goldmines 50 666,779
goldmines 50 795,246
goldmines 50 657,82
goldmines 50 598,547
goldmines 50 436,97
goldmines 50 661,865
goldmines 50 289,718
goldmines 50 148,321
goldmines 50 995,783
goldmines 50 674,624
goldmines 50 191,278
goldmines 50 169,653
goldmines 50 82,534
goldmines 50 228,887
goldmines 50 203,670
goldmines 50 964,517
goldmines 50 127,826
goldmines 50 863,579
goldmines 50 169,921
goldmines 50 693,940
goldmines 50 327,546
goldmines 50 351,959
goldmines 50 40,373
goldmines 50 647,790
goldmines 50 882,293
goldmines 50 78,983
goldmines 50 522,67
goldmines 50 69,354
goldmines 50 896,395
goldmines 50 260,469
goldmines 50 232,708
goldmines 50 133,264
goldmines 50 57,210
goldmines 50 343,341
goldmines 50 842,47
goldmines 50 13,376
goldmines 50 810,324
goldmines 50 265,399
goldmines 50 610,598
goldmines 50 565,365
goldmines 50 294,919
goldmines 50 860,896
goldmines 50 837,435
goldmines 50 422,445
goldmines 50 673,426
goldmines 50 352,335
goldmines 50 665,558
goldmines 50 763,718
goldmines 50 226,897
goldmines 50 478,321
goldmines 50 319,129
goldmines 50 951,760
goldmines 50 87,342
goldmines 50 152,978
goldmines 50 612,554
goldmines 50 335,556
goldmines 50 990,311
goldmines 50 431,875
goldmines 50 434,77
goldmines 50 388,847
goldmines 50 680,559
goldmines 50 116,542
goldmines 50 305,764
goldmines 50 98,36
goldmines 50 74,422
goldmines 50 72,487
goldmines 50 302,35
goldmines 50 346,467
goldmines 50 560,296
goldmines 50 210,98
goldmines 50 211,197
goldmines 50 561,53
goldmines 50 178,682
goldmines 50 70,774
goldmines 50 203,835
goldmines 50 318,641
goldmines 50 398,195
goldmines 50 113,737
goldmines 50 374,199
goldmines 50 467,703
goldmines 50 709,361
goldmines 50 30,557
goldmines 50 845,979
goldmines 50 588,938
goldmines 50 602,999
goldmines 50 675,767
goldmines 50 477,85
goldmines 50 956,934
goldmines 50 262,3
goldmines 50 402,324
goldmines 50 443,403
goldmines 50 783,560
goldmines 50 695,865
goldmines 50 452,347
goldmines 50 235,392
goldmines 50 736,177
goldmines 50 227,363
goldmines 50 616,296
goldmines 50 426,449
goldmines 50 711,614
goldmines 50 260,404
goldmines 50 622,655
goldmines 50 333,972
goldmines 50 978,105
goldmines 50 777,309
goldmines 50 67,496
goldmines 50 911,298
goldmines 50 294,732
goldmines 50 375,728
goldmines 50 383,820
goldmines 50 840,403
goldmines 50 811,467
goldmines 50 851,376
goldmines 50 677,582
goldmines 50 317,922
goldmines 50 147,209
goldmines 50 356,396
goldmines 50 585,711
goldmines 50 146,786
goldmines 50 233,732
goldmines 50 467,454
goldmines 50 239,912
goldmines 50 143,988
goldmines 50 132,434
goldmines 50 92,268
goldmines 50 853,659
goldmines 50 885,801
goldmines 50 488,991
goldmines 50 994,953
goldmines 50 473,704
goldmines 50 631,355
goldmines 50 419,816
goldmines 50 437,520
goldmines 50 223,862
goldmines 50 179,5
goldmines 50 430,906
goldmines 50 909,667
goldmines 50 143,344
goldmines 50 190,990
goldmines 50 649,869
goldmines 50 652,722
goldmines 50 716,176
goldmines 50 88,646
goldmines 50 321,125
goldmines 50 703,11
goldmines 50 515,684
goldmines 50 952,953
goldmines 50 856,466
goldmines 50 635,368
goldmines 50 690,358
goldmines 50 329,66
goldmines 50 219,636
goldmines 50 686,427
goldmines 50 964,779
goldmines 50 594,777
goldmines 50 303,44
goldmines 50 337,617
goldmines 50 49,841
goldmines 50 831,639
goldmines 50 301,662
goldmines 50 311,19
goldmines 50 814,934
goldmines 50 614,810
goldmines 50 668,56
goldmines 50 46,741
goldmines 50 750,422
goldmines 50 367,881
goldmines 50 91,332
goldmines 50 523,451
goldmines 50 65,652
goldmines 50 974,26
goldmines 50 814,532
goldmines 50 732,755
goldmines 50 977,544
goldmines 50 13,349
goldmines 50 428,863
goldmines 50 465,861
goldmines 50 858,623
goldmines 50 558,543
goldmines 50 210,159
goldmines 50 260,105
goldmines 50 172,277
goldmines 50 646,86
goldmines 50 735,903
goldmines 50 833,230
goldmines 50 947,45
goldmines 50 779,439
goldmines 50 989,735
goldmines 50 658,823
goldmines 50 692,301
goldmines 50 899,121
goldmines 50 798,476
goldmines 50 633,571
goldmines 50 572,925
goldmines 50 830,646
goldmines 50 405,281
goldmines 50 64,113
goldmines 50 821,331
goldmines 50 439,125
goldmines 50 221,204
goldmines 50 732,737
goldmines 50 938,394
goldmines 50 522,133
goldmines 50 846,357
goldmines 50 587,590
goldmines 50 886,966
goldmines 50 790,917
goldmines 50 759,62
goldmines 50 386,818
goldmines 50 468,614
goldmines 50 197,871
goldmines 50 814,722
goldmines 50 815,567
goldmines 50 288,95
goldmines 50 632,90
goldmines 50 134,515
goldmines 50 121,469
goldmines 50 542,768
goldmines 50 839,275
goldmines 50 238,324
goldmines 50 224,39
goldmines 50 371,258
goldmines 50 948,170
goldmines 50 154,37
goldmines 50 80,587
goldmines 50 835,293
goldmines 50 105,125
goldmines 50 809,667
goldmines 50 157,758
goldmines 50 957,468
goldmines 50 777,273
goldmines 50 139,559
goldmines 50 824,151
goldmines 50 917,203
goldmines 50 364,104
goldmines 50 333,424
goldmines 50 728,798
goldmines 50 886,370
goldmines 50 509,691
goldmines 50 587,946
goldmines 50 268,841
goldmines 50 837,503
goldmines 50 380,286
goldmines 50 37,50
goldmines 50 989,417
goldmines 50 384,450
goldmines 50 704,417
goldmines 50 232,367
goldmines 50 368,870
goldmines 50 758,385
goldmines 50 635,809
goldmines 50 185,837
goldmines 50 11,915
goldmines 50 847,275
goldmines 50 762,435
goldmines 50 704,336
goldmines 50 682,36
goldmines 50 374,337
goldmines 50 773,426
goldmines 50 921,80
goldmines 50 66,746
goldmines 50 903,349
goldmines 50 59,84
goldmines 50 985,879
goldmines 50 770,978
goldmines 50 683,43
goldmines 50 395,129
goldmines 50 65,532
goldmines 50 628,76
goldmines 50 613,282
goldmines 50 629,402
goldmines 50 774,387
goldmines 50 912,783
goldmines 50 112,94
goldmines 50 630,797
goldmines 50 567,685
goldmines 50 425,837
goldmines 50 459,662
goldmines 50 406,702
goldmines 50 863,6
goldmines 50 317,558
goldmines 50 198,910
goldmines 50 648,968
goldmines 50 960,196
goldmines 50 288,627
goldmines 50 556,624
goldmines 50 775,477
goldmines 50 614,644
goldmines 50 433,297
goldmines 50 38,518
goldmines 50 930,889
goldmines 50 755,405
goldmines 50 811,39
goldmines 50 252,46
goldmines 50 351,497
goldmines 50 782,315
goldmines 50 967,749
goldmines 50 488,287
goldmines 50 769,102
goldmines 50 236,184
goldmines 50 747,505
goldmines 50 248,261
goldmines 50 409,930
goldmines 50 605,519
goldmines 50 115,205
goldmines 50 486,686
goldmines 50 721,945
goldmines 50 56,828
goldmines 50 217,738
goldmines 50 454,209
goldmines 50 505,634
goldmines 50 887,523
goldmines 50 959,52
goldmines 50 985,846
goldmines 50 733,475
goldmines 50 797,115
goldmines 50 293,813
goldmines 50 760,621
goldmines 50 697,502
goldmines 50 238,534
goldmines 50 288,958
goldmines 50 654,412
goldmines 50 592,814
goldmines 50 685,652
goldmines 50 77,484
goldmines 50 894,220
goldmines 50 88,676
goldmines 50 126,19
goldmines 50 852,306
goldmines 50 109,561
goldmines 50 7,649
goldmines 50 751,469
goldmines 50 305,999
goldmines 50 648,550
goldmines 50 376,241
goldmines 50 856,582
goldmines 50 838,440
goldmines 50 534,693
goldmines 50 420,215
goldmines 50 539,889
goldmines 50 441,159
goldmines 50 493,249
goldmines 50 650,352
goldmines 50 91,249
goldmines 50 186,142
goldmines 50 682,350
goldmines 50 32,460
goldmines 50 98,569
goldmines 50 759,954
goldmines 50 764,834
goldmines 50 363,19
goldmines 50 118,321
goldmines 50 405,74
goldmines 50 28,879
goldmines 50 407,112
goldmines 50 561,38
goldmines 50 132,439
goldmines 50 7,948
goldmines 50 174,706
goldmines 50 584,199
goldmines 50 546,153
goldmines 50 755,513
goldmines 50 433,739
goldmines 50 926,550
goldmines 50 981,169
goldmines 50 730,132
goldmines 50 509,791
goldmines 50 222,388
goldmines 50 94,230
goldmines 50 653,61
goldmines 50 166,514
goldmines 50 849,491
goldmines 50 991,106
goldmines 50 362,648
goldmines 50 508,606
goldmines 50 94,110
goldmines 50 10,709
goldmines 50 978,42
goldmines 50 343,632
goldmines 50 133,54
goldmines 50 621,154
goldmines 50 364,501
goldmines 50 567,312
goldmines 50 460,218
goldmines 50 588,486
goldmines 50 447,904
goldmines 50 909,212
goldmines 50 651,693
goldmines 50 659,710
goldmines 50 487,735
goldmines 50 598,27
goldmines 50 914,877
goldmines 50 71,691
goldmines 50 685,933
goldmines 50 377,694
goldmines 50 559,183
goldmines 50 914,20
goldmines 50 528,490
goldmines 50 926,636
goldmines 50 928,4
goldmines 50 497,798
goldmines 50 130,41
goldmines 50 811,412
goldmines 50 362,275
goldmines 50 238,824
goldmines 50 672,379
goldmines 50 398,796
goldmines 50 282,713
goldmines 50 746,628
goldmines 50 25,574
goldmines 50 648,72
goldmines 50 792,19
goldmines 50 190,824
goldmines 50 593,635
goldmines 50 805,180
goldmines 50 847,944
goldmines 50 127,401
goldmines 50 284,706
goldmines 50 507,166
goldmines 50 265,710
goldmines 50 981,874
goldmines 50 29,956
goldmines 50 976,801
goldmines 50 112,234
goldmines 50 745,110
goldmines 50 925,450
goldmines 50 848,526
goldmines 50 416,491
goldmines 50 795,420
goldmines 50 816,265
goldmines 50 261,418
goldmines 50 207,275
goldmines 50 450,251
goldmines 50 538,405
goldmines 50 145,52
goldmines 50 423,994
goldmines 50 465,342
goldmines 50 844,446
goldmines 50 173,386
goldmines 50 509,29
goldmines 50 352,437
goldmines 50 161,293
goldmines 50 162,432
goldmines 50 897,411
goldmines 50 68,694
goldmines 50 326,246
goldmines 50 697,711
goldmines 50 166,964
goldmines 50 717,978
goldmines 50 852,909
goldmines 50 706,482
goldmines 50 397,158
goldmines 50 950,15
goldmines 50 241,611
goldmines 50 391,22
goldmines 50 122,669
goldmines 50 66,547
goldmines 50 792,533
goldmines 50 226,121
goldmines 50 871,596
goldmines 50 94,786
goldmines 50 707,776
goldmines 50 547,759
goldmines 50 408,537
goldmines 50 166,456
goldmines 50 303,98
goldmines 50 272,137
goldmines 50 748,885
goldmines 50 971,362
goldmines 50 139,498
goldmines 50 359,384
goldmines 50 12,302
goldmines 50 45,505
goldmines 50 247,103
goldmines 50 316,891
goldmines 50 649,854
goldmines 50 268,435
goldmines 50 876,399
goldmines 50 479,626
goldmines 50 116,52
goldmines 50 747,390
goldmines 50 539,729
goldmines 50 336,558
goldmines 50 744,163
goldmines 50 429,717
goldmines 50 131,591
goldmines 50 455,450
goldmines 50 407,643
goldmines 50 766,374
goldmines 50 293,402
goldmines 50 917,132
goldmines 50 452,349
goldmines 50 932,907
goldmines 50 582,558
goldmines 50 102,711
goldmines 50 752,865
goldmines 50 660,152
goldmines 50 260,450
goldmines 50 509,776
goldmines 50 364,141
goldmines 50 455,484
goldmines 50 337,137
goldmines 50 22,596
goldmines 50 71,581
goldmines 50 526,273
goldmines 50 185,768
goldmines 50 538,244
goldmines 50 228,62
goldmines 50 796,711
goldmines 50 399,849
goldmines 50 487,619
goldmines 50 429,564
goldmines 50 802,482
goldmines 50 573,518
goldmines 50 343,122
goldmines 50 599,80
goldmines 50 766,174
goldmines 50 679,832
goldmines 50 638,11
goldmines 50 478,207
goldmines 50 961,802
goldmines 50 780,548
goldmines 50 918,506
goldmines 50 476,633
goldmines 50 741,543
goldmines 50 362,363
goldmines 50 724,13
goldmines 50 203,668
goldmines 50 982,933
goldmines 50 919,110
goldmines 50 805,856
goldmines 50 384,12
goldmines 50 860,586
goldmines 50 199,262
goldmines 50 532,906
goldmines 50 810,733
goldmines 50 550,176
goldmines 50 71,944
goldmines 50 377,42
goldmines 50 966,938
goldmines 50 82,201
goldmines 50 717,130
goldmines 50 930,66
goldmines 50 625,394
goldmines 50 588,587
goldmines 50 130,55
goldmines 50 659,448
goldmines 50 708,703
goldmines 50 386,326
goldmines 50 694,480
goldmines 50 501,578
goldmines 50 739,444
goldmines 50 482,854
goldmines 50 928,957
goldmines 50 330,532
goldmines 50 468,151
goldmines 50 718,973
goldmines 50 470,264
goldmines 50 319,709
goldmines 50 936,7
goldmines 50 114,231
goldmines 50 821,354
goldmines 50 713,584
goldmines 50 713,992
goldmines 50 186,378
goldmines 50 213,267
goldmines 50 961,559
goldmines 50 647,353
goldmines 50 472,915
goldmines 50 308,114
goldmines 50 362,254
goldmines 50 275,318
goldmines 50 598,776
goldmines 50 888,480
goldmines 50 983,669
goldmines 50 372,650
goldmines 50 679,437
goldmines 50 690,480
goldmines 50 716,533
goldmines 50 490,311
goldmines 50 79,446
goldmines 50 327,747
goldmines 50 609,524
goldmines 50 765,463
goldmines 50 820,527
goldmines 50 867,571
goldmines 50 868,696
goldmines 50 692,97
goldmines 50 763,742
goldmines 50 999,706
goldmines 50 461,395
goldmines 50 558,579
goldmines 50 801,240
goldmines 50 758,117
goldmines 50 301,181
goldmines 50 264,756
goldmines 50 17,882
goldmines 50 835,414
goldmines 50 291,531
goldmines 50 60,788
goldmines 50 485,835
goldmines 50 384,303
goldmines 50 866,887
goldmines 50 552,337
goldmines 50 284,533
goldmines 50 598,19
goldmines 50 893,178
goldmines 50 575,802
goldmines 50 948,597
goldmines 50 931,183
goldmines 50 584,630
goldmines 50 444,230
goldmines 50 139,759
goldmines 50 122,957
goldmines 50 918,251
goldmines 50 113,901
goldmines 50 626,534
goldmines 50 751,872
goldmines 50 308,868
goldmines 50 67,2
goldmines 50 720,224
goldmines 50 655,752
goldmines 50 291,777
goldmines 50 970,335
goldmines 50 596,910
goldmines 50 982,217
goldmines 50 381,133
goldmines 50 34,553
goldmines 50 224,530
goldmines 50 433,757
goldmines 50 835,614
goldmines 50 832,613
goldmines 50 588,619
goldmines 50 983,102
goldmines 50 452,942
goldmines 50 235,81
goldmines 50 461,191
goldmines 50 269,318
goldmines 50 482,910
goldmines 50 691,932
goldmines 50 747,713
goldmines 50 156,150
goldmines 50 798,675
goldmines 50 909,882
goldmines 50 713,610
goldmines 50 195,772
goldmines 50 565,662
goldmines 50 604,645
goldmines 50 986,664
goldmines 50 176,921
goldmines 50 965,68
goldmines 50 666,119
goldmines 50 921,859
goldmines 50 569,407
goldmines 50 665,911
goldmines 50 109,356
goldmines 50 599,908
goldmines 50 464,942
goldmines 50 121,962
goldmines 50 26,170
goldmines 50 848,4
goldmines 50 529,274
goldmines 50 42,874
goldmines 50 767,225
goldmines 50 550,212
goldmines 50 755,829
goldmines 50 387,546
goldmines 50 518,424
goldmines 50 425,353
goldmines 50 166,306
goldmines 50 154,416
goldmines 50 298,85
goldmines 50 589,583
goldmines 50 264,556
goldmines 50 885,976
goldmines 50 145,528
goldmines 50 235,690
goldmines 50 643,956
goldmines 50 991,908
goldmines 50 484,850
goldmines 50 329,332
goldmines 50 811,58
goldmines 50 678,754
goldmines 50 496,870
goldmines 50 775,45
goldmines 50 99,588
goldmines 50 759,838
goldmines 50 910,937
goldmines 50 258,40
goldmines 50 32,77
goldmines 50 833,689
goldmines 50 937,19
goldmines 50 336,957
goldmines 50 131,16
goldmines 50 44,313
goldmines 50 589,504
goldmines 50 968,988
goldmines 50 902,514
goldmines 50 228,564
goldmines 50 506,628
goldmines 50 815,722
goldmines 50 453,299
goldmines 50 833,980
goldmines 50 703,601
goldmines 50 820,25
goldmines 50 362,94
goldmines 50 798,648
goldmines 50 74,246
goldmines 50 307,116
goldmines 50 722,561
goldmines 50 624,566
goldmines 50 44,804
goldmines 50 755,601
goldmines 50 4,551
goldmines 50 795,380
goldmines 50 851,322
goldmines 50 254,685
goldmines 50 313,996
goldmines 50 831,368
goldmines 50 738,977
goldmines 50 918,189
goldmines 50 269,949
goldmines 50 857,557
goldmines 50 237,317
goldmines 50 350,758
goldmines 50 113,644
goldmines 50 663,331
goldmines 50 838,615
goldmines 50 138,497
goldmines 50 739,710
goldmines 50 640,264
goldmines 50 740,413
goldmines 50 771,991
goldmines 50 887,617
goldmines 50 253,139
goldmines 50 454,893
goldmines 50 659,210
goldmines 50 751,569
goldmines 50 299,613
goldmines 50 953,610
goldmines 50 502,276
goldmines 50 108,418
goldmines 50 712,769
goldmines 50 52,34
goldmines 50 104,240
goldmines 50 560,891
goldmines 50 603,635
goldmines 50 303,540
goldmines 50 662,692
goldmines 50 56,850
goldmines 50 298,394
goldmines 50 811,126
goldmines 50 215,472
goldmines 50 146,833
goldmines 50 991,641
goldmines 50 473,217
goldmines 50 706,524
goldmines 50 797,847
goldmines 50 642,391
goldmines 50 628,786
goldmines 50 764,455
goldmines 50 758,410
goldmines 50 533,506
goldmines 50 809,106
goldmines 50 76,459
goldmines 50 470,699
goldmines 50 371,281

woods 50 248,419
woods 50 626,242
woods 50 191,491
woods 50 353,740
woods 50 166,704
woods 50 75,534
woods 50 462,603
woods 50 598,442
woods 50 929,367
woods 50 120,889
woods 50 98,459
woods 50 957,612
woods 50 873,863
woods 50 409,24
woods 50 255,448
woods 50 423,796
woods 50 916,537
woods 50 522,911
woods 50 313,234
woods 50 472,976
woods 50 230,239
woods 50 926,44
woods 50 477,433
woods 50 912,89
woods 50 738,384
woods 50 635,706
woods 50 931,691
woods 50 471,908
woods 50 452,490
woods 50 527,547
woods 50 564,903
woods 50 220,374
woods 50 504,298
woods 50 644,452
woods 50 843,451
woods 50 555,94
woods 50 386,627
woods 50 198,840
woods 50 803,343
woods 50 49,640
woods 50 26,730
woods 50 174,177
woods 50 823,379
woods 50 415,584
woods 50 562,199
woods 50 82,17
woods 50 43,224
woods 50 70,202
woods 50 181,697
woods 50 692,238
woods 50 830,741
woods 50 85,722
woods 50 64,599
woods 50 523,716
woods 50 248,756
woods 50 924,776
woods 50 452,340
woods 50 898,31
woods 50 620,704
woods 50 708,352
woods 50 349,122
woods 50 884,948
woods 50 344,571
woods 50 277,760
woods 50 645,727
woods 50 132,681
woods 50 168,219
woods 50 310,770
woods 50 620,445
woods 50 335,258
woods 50 542,233
woods 50 797,38
woods 50 505,198
woods 50 306,807
woods 50 227,316
woods 50 326,651
woods 50 996,722
woods 50 559,242
woods 50 106,376
woods 50 440,89
woods 50 415,324
woods 50 337,865
woods 50 524,85
woods 50 89,692
woods 50 331,51
woods 50 137,563
woods 50 806,357
woods 50 505,842
woods 50 326,73
woods 50 263,992
woods 50 191,352
woods 50 678,617
woods 50 416,740
woods 50 873,451
woods 50 60,434
woods 50 320,26
woods 50 669,676
woods 50 125,349
woods 50 58,271
woods 50 729,37
woods 50 739,419
woods 50 152,299
woods 50 853,226
woods 50 443,638
woods 50 993,461
woods 50 732,530
woods 50 835,507
woods 50 857,583
woods 50 517,224
woods 50 846,851
woods 50 109,276
woods 50 779,312
woods 50 950,753
woods 50 455,30
woods 50 567,75
woods 50 764,369
woods 50 866,992
woods 50 128,884
woods 50 650,64
woods 50 106,184
woods 50 579,538
woods 50 692,554
woods 50 759,22
woods 50 853,646
woods 50 871,856
woods 50 152,33
woods 50 250,626
woods 50 954,814
woods 50 337,890
woods 50 882,788
woods 50 571,647
woods 50 894,382
woods 50 334,691
woods 50 913,867
woods 50 787,702
woods 50 529,193
woods 50 233,36
woods 50 180,430
woods 50 99,775
woods 50 753,115
woods 50 711,59
woods 50 456,739
woods 50 957,359
woods 50 66,809
woods 50 175,79
woods 50 82,453
woods 50 711,368
woods 50 506,692
woods 50 12,236
woods 50 832,94
woods 50 876,447
woods 50 580,12
woods 50 195,343
woods 50 3,729
woods 50 943,731
woods 50 949,320
woods 50 368,854
woods 50 198,603
woods 50 46,938
woods 50 560,253
woods 50 827,640
woods 50 437,550
woods 50 308,354
woods 50 641,502
woods 50 7,341
woods 50 219,172
woods 50 269,968
woods 50 234,626
woods 50 166,5
woods 50 495,815
woods 50 375,709
woods 50 86,105
woods 50 848,477
woods 50 96,130
woods 50 75,443
woods 50 767,197
woods 50 395,772
woods 50 613,604
woods 50 978,624
woods 50 14,975
woods 50 805,668
woods 50 212,489
woods 50 598,914
woods 50 882,163
woods 50 283,44
woods 50 592,326
woods 50 741,625
woods 50 685,743
woods 50 675,150
woods 50 96,450
woods 50 101,965
woods 50 12,409
woods 50 895,846
woods 50 313,417
woods 50 711,191
woods 50 734,982
woods 50 557,589
woods 50 75,399
woods 50 648,349
woods 50 171,402
woods 50 718,651
woods 50 804,693
woods 50 968,476
woods 50 988,39
woods 50 491,423
woods 50 310,768
woods 50 690,205
woods 50 744,824
woods 50 312,920
woods 50 673,254
woods 50 522,727
woods 50 957,784
woods 50 976,242
woods 50 580,426
woods 50 791,724
woods 50 50,551
woods 50 268,67
woods 50 733,385
woods 50 805,984
woods 50 916,130
woods 50 406,283
woods 50 806,97
woods 50 990,511
woods 50 922,996
woods 50 335,174
woods 50 283,403
woods 50 478,988
woods 50 539,134
woods 50 363,93
woods 50 142,130
woods 50 525,97
woods 50 171,776
woods 50 661,496
woods 50 238,121
woods 50 537,752
woods 50 584,187
woods 50 594,239
woods 50 460,206
woods 50 950,122
woods 50 582,792
woods 50 476,71
woods 50 210,47
woods 50 46,881
woods 50 628,173
woods 50 330,458
woods 50 259,847
woods 50 114,107
woods 50 344,227
woods 50 257,62
woods 50 847,842
woods 50 444,697
woods 50 609,312
woods 50 434,189
woods 50 3,232
woods 50 479,790
woods 50 134,631
woods 50 37,977
woods 50 295,468
woods 50 836,571
woods 50 328,634
woods 50 19,175
woods 50 70,323
woods 50 231,545
woods 50 319,541
woods 50 362,279
woods 50 187,930
woods 50 752,48
woods 50 198,526
woods 50 298,658
woods 50 439,53
woods 50 748,993
woods 50 152,584
woods 50 496,145
woods 50 626,651
woods 50 570,215
woods 50 934,787
woods 50 926,573
woods 50 568,934
woods 50 309,128
woods 50 960,143
woods 50 888,65
woods 50 631,435
woods 50 578,882
woods 50 168,931
woods 50 875,34
woods 50 142,386
woods 50 183,286
woods 50 102,901
woods 50 735,135
woods 50 724,850
woods 50 130,285
woods 50 370,642
woods 50 666,724
woods 50 87,309
woods 50 243,935
woods 50 892,875
woods 50 281,621
woods 50 71,878
woods 50 433,896
woods 50 634,247
woods 50 105,122
woods 50 653,702
woods 50 837,904
woods 50 987,988
woods 50 436,722
woods 50 659,108
woods 50 580,51
woods 50 515,539
woods 50 298,572
woods 50 582,852
woods 50 828,961
woods 50 589,854
woods 50 70,771
woods 50 667,419
woods 50 843,375
woods 50 9,652
woods 50 479,352
woods 50 443,14
woods 50 228,958
woods 50 631,609
woods 50 98,903
woods 50 718,220
woods 50 760,57
woods 50 920,712
woods 50 195,438
woods 50 894,415
woods 50 549,316
woods 50 905,722
woods 50 79,49
woods 50 778,872
woods 50 648,574
woods 50 873,66
woods 50 966,237
woods 50 346,966
woods 50 189,760
woods 50 69,557
woods 50 288,315
woods 50 135,194
woods 50 47,739
woods 50 649,496
woods 50 350,930
woods 50 644,960
woods 50 11,995
woods 50 693,301
woods 50 691,139
woods 50 21,975
woods 50 630,968
woods 50 809,524
woods 50 89,586
woods 50 989,117
woods 50 680,972
woods 50 460,990
woods 50 616,408
woods 50 684,118
woods 50 347,502
woods 50 321,586
woods 50 804,221
woods 50 752,567
woods 50 752,499
woods 50 889,62
woods 50 463,455
woods 50 775,53
woods 50 175,777
woods 50 678,791
woods 50 484,613
woods 50 76,317
woods 50 671,794
woods 50 646,338
woods 50 652,249
woods 50 15,720
woods 50 862,336
woods 50 253,188
woods 50 140,340
woods 50 430,354
woods 50 288,686
woods 50 633,710
woods 50 556,653
woods 50 442,433
woods 50 266,92
woods 50 435,975
woods 50 631,815
woods 50 455,842
woods 50 252,656
woods 50 7,596
woods 50 376,451
woods 50 131,233
woods 50 458,987
woods 50 664,674
woods 50 782,579
woods 50 533,52
woods 50 968,392
woods 50 31,352
woods 50 640,764
woods 50 952,159
woods 50 913,677
woods 50 664,473
woods 50 946,898
woods 50 635,542
woods 50 615,308
woods 50 693,774
woods 50 435,534
woods 50 486,786
woods 50 311,752
woods 50 853,258
woods 50 19,310
woods 50 947,729
woods 50 36,498
woods 50 511,93
woods 50 47,46
woods 50 840,448
woods 50 421,567
woods 50 288,32
woods 50 598,173
woods 50 319,749
woods 50 629,286
woods 50 204,946
woods 50 446,423
woods 50 409,965
woods 50 138,480
woods 50 689,8
woods 50 962,165
woods 50 425,256
woods 50 812,161
woods 50 45,162
woods 50 259,43
woods 50 299,569
woods 50 186,308
woods 50 368,169
woods 50 358,344
woods 50 729,967
woods 50 877,628
woods 50 128,376
woods 50 778,930
woods 50 772,854
woods 50 583,961
woods 50 904,296
woods 50 690,963
woods 50 651,967
woods 50 37,9
woods 50 57,742
woods 50 242,396
woods 50 195,530
woods 50 905,661
woods 50 407,378
woods 50 228,918
woods 50 381,928
woods 50 125,887
woods 50 946,201
woods 50 460,802
woods 50 776,628
woods 50 329,742
woods 50 959,493
woods 50 661,420
woods 50 741,165
woods 50 254,190
woods 50 690,554
woods 50 516,536
woods 50 745,999
woods 50 959,792
woods 50 355,86
woods 50 267,513
woods 50 211,61
woods 50 717,14
woods 50 117,982
woods 50 807,142
woods 50 19,923
woods 50 296,474
woods 50 75,233
woods 50 995,868
woods 50 302,71
woods 50 959,933
woods 50 336,542
woods 50 221,808
woods 50 680,980
woods 50 131,856
woods 50 80,672
woods 50 582,749
woods 50 915,793
woods 50 262,633
woods 50 821,933
woods 50 362,105
woods 50 349,590
woods 50 529,483
woods 50 710,554
woods 50 114,658
woods 50 936,378
woods 50 128,343
woods 50 989,737
woods 50 746,315
woods 50 729,344
woods 50 203,457
woods 50 126,635
woods 50 660,953
woods 50 467,125
woods 50 203,901
woods 50 817,575
woods 50 15,98
woods 50 134,767
woods 50 349,35
woods 50 605,699
woods 50 764,371
woods 50 810,221
woods 50 335,962
woods 50 880,774
woods 50 213,104
woods 50 606,620
woods 50 405,159
woods 50 978,69
woods 50 522,223
woods 50 937,802
woods 50 620,117
woods 50 223,743
woods 50 818,536
woods 50 72,820
woods 50 126,832
woods 50 341,276
woods 50 43,16
woods 50 914,807
woods 50 854,245
woods 50 868,658
woods 50 80,385
woods 50 716,108
woods 50 684,696
woods 50 364,909
woods 50 72,981
woods 50 282,358
woods 50 49,483
woods 50 301,487
woods 50 973,313
woods 50 725,429
woods 50 501,57
woods 50 108,350
woods 50 295,72
woods 50 37,89
woods 50 882,22
woods 50 123,519
woods 50 165,823
woods 50 177,752
woods 50 558,340
woods 50 767,939
woods 50 195,322
woods 50 171,846
woods 50 392,638
woods 50 931,950
woods 50 25,577
woods 50 57,816
woods 50 515,630
woods 50 736,47
woods 50 269,139
woods 50 22,927
woods 50 520,155
woods 50 973,35
woods 50 222,121
woods 50 954,870
woods 50 379,631
woods 50 223,51
woods 50 845,801
woods 50 547,716
woods 50 281,827
woods 50 227,664
woods 50 484,881
woods 50 287,35
woods 50 904,588
woods 50 561,770
woods 50 225,51
woods 50 509,423
woods 50 730,79
woods 50 61,750
woods 50 872,706
woods 50 248,468
woods 50 256,740
woods 50 224,730
woods 50 552,245
woods 50 382,752
woods 50 101,97
woods 50 550,851
woods 50 465,420
woods 50 318,976
woods 50 445,652
woods 50 246,355
woods 50 891,767
woods 50 915,505
woods 50 488,515
woods 50 911,845
woods 50 786,303
woods 50 767,280
woods 50 768,653
woods 50 62,263
woods 50 232,244
woods 50 307,685
woods 50 482,9
woods 50 525,230
woods 50 382,317
woods 50 562,926
woods 50 548,985
woods 50 318,103
woods 50 123,572
woods 50 749,391
woods 50 138,219
woods 50 520,396
woods 50 434,715
woods 50 803,64
woods 50 708,475
woods 50 758,839
woods 50 448,852
woods 50 135,133
woods 50 273,48
woods 50 997,192
woods 50 224,87
woods 50 923,879
woods 50 924,517
woods 50 584,3
woods 50 696,290
woods 50 94,611
woods 50 969,516
woods 50 664,675
woods 50 637,910
woods 50 97,968
woods 50 230,461
woods 50 578,37
woods 50 330,857
woods 50 13,139
woods 50 672,518
woods 50 878,953
woods 50 755,197
woods 50 541,870
woods 50 991,775
woods 50 560,593
woods 50 840,280
woods 50 903,176
woods 50 634,478
woods 50 205,363
woods 50 366,504
woods 50 679,41
woods 50 579,495
woods 50 372,216
woods 50 638,748
woods 50 793,145
woods 50 887,190
woods 50 282,56
woods 50 860,456
woods 50 133,556
woods 50 746,468
woods 50 711,889
woods 50 210,33
woods 50 149,475
woods 50 940,799
woods 50 79,165
woods 50 746,43
woods 50 160,605
woods 50 896,218
woods 50 283,545
woods 50 546,452
woods 50 362,421
woods 50 623,607
woods 50 258,390
woods 50 614,248
woods 50 106,652
woods 50 22,621
woods 50 851,482
woods 50 276,568
woods 50 110,422
woods 50 904,653
woods 50 498,271
woods 50 963,944
woods 50 94,351
woods 50 811,194
woods 50 77,203
woods 50 754,314
woods 50 936,74
woods 50 872,494
woods 50 335,68
woods 50 44,12
woods 50 578,10
woods 50 599,286
woods 50 365,628
woods 50 811,549
woods 50 920,576
woods 50 44,81
woods 50 37,314
woods 50 902,568
woods 50 173,929
woods 50 411,687
woods 50 136,850
woods 50 578,375
woods 50 621,450
woods 50 545,874
woods 50 553,817
woods 50 322,584
woods 50 143,9
woods 50 444,103
woods 50 53,219
woods 50 987,886
woods 50 568,981
woods 50 775,622
woods 50 897,113
woods 50 329,26
woods 50 219,774
woods 50 841,214
woods 50 184,145
woods 50 35,654
woods 50 826,863
woods 50 806,351
woods 50 392,650
woods 50 202,780
woods 50 64,204
woods 50 183,443
woods 50 476,549
woods 50 37,421
woods 50 256,849
woods 50 518,748
woods 50 528,857
woods 50 391,737
woods 50 706,379
woods 50 379,124
woods 50 936,411
woods 50 15,673
woods 50 743,936
woods 50 462,202
woods 50 964,558
woods 50 965,147
woods 50 565,636
woods 50 295,377
woods 50 976,312
woods 50 118,476
woods 50 25,234
woods 50 340,365
woods 50 429,15
woods 50 305,695
woods 50 28,513
woods 50 945,98
woods 50 809,180
woods 50 891,557
woods 50 865,633
woods 50 591,156
woods 50 383,518
woods 50 921,894
woods 50 899,137
woods 50 912,324
woods 50 425,949
woods 50 188,43
woods 50 531,957
woods 50 219,872
woods 50 498,237
woods 50 281,562
woods 50 136,224
woods 50 177,746
woods 50 211,183
woods 50 217,76
woods 50 285,151
woods 50 495,153
woods 50 226,398
woods 50 44,773
woods 50 151,456
woods 50 342,290
woods 50 221,336
woods 50 839,984
woods 50 762,214
woods 50 3,355
woods 50 842,280
woods 50 826,597
woods 50 85,148
woods 50 663,142
woods 50 378,732
woods 50 653,194
woods 50 237,219
woods 50 959,709
woods 50 829,504
woods 50 572,670
woods 50 777,47
woods 50 721,45
woods 50 443,126
woods 50 475,183
woods 50 348,76
woods 50 583,194
woods 50 647,26
woods 50 292,605
woods 50 69,191
woods 50 144,533
woods 50 941,719
woods 50 773,576
woods 50 710,302
woods 50 63,577
woods 50 744,239
woods 50 837,173
woods 50 776,526
woods 50 908,393
woods 50 794,579
woods 50 131,511
woods 50 426,493
woods 50 268,149
woods 50 109,952
woods 50 565,744
woods 50 584,131
woods 50 535,230
woods 50 690,519
woods 50 802,343
woods 50 51,864
woods 50 296,89

nb_meadows_by_square 1
global_population_limit 200

nb_players_min 2
nb_players_max 4

starting_squares 100,100 100,900 900,100 900,900
starting_units townhall house peasant
starting_resources 100 100
