; multiplayer map ms500 - 500x500 land FFA (2-4 players)
; procedurally generated, see tools/gen_ms500.py
title 5012 5009 3500
objective 145 88

square_width 12
nb_columns 500
nb_lines 500

west_east_paths 1,1 2,1 3,1 4,1 5,1 6,1 7,1 8,1 9,1 10,1 11,1 12,1 13,1 14,1 15,1 16,1 17,1 18,1 19,1 20,1 21,1 22,1 23,1 24,1 25,1 26,1 27,1 28,1 29,1 30,1 31,1 32,1 33,1 34,1 35,1 36,1 37,1 38,1 39,1 40,1
west_east_paths 41,1 42,1 43,1 44,1 45,1 46,1 47,1 48,1 49,1 50,1 51,1 52,1 53,1 54,1 55,1 56,1 57,1 58,1 59,1 60,1 61,1 62,1 63,1 64,1 65,1 66,1 67,1 68,1 69,1 70,1 71,1 72,1 73,1 74,1 75,1 76,1 77,1 78,1 79,1 80,1
west_east_paths 81,1 82,1 83,1 84,1 85,1 86,1 87,1 88,1 89,1 90,1 91,1 92,1 93,1 94,1 95,1 96,1 97,1 98,1 99,1 100,1 101,1 102,1 103,1 104,1 105,1 106,1 107,1 108,1 109,1 110,1 111,1 112,1 113,1 114,1 115,1 116,1 117,1 118,1 119,1 120,1
west_east_paths 121,1 122,1 123,1 124,1 125,1 126,1 127,1 128,1 129,1 130,1 131,1 132,1 133,1 134,1 135,1 136,1 137,1 138,1 139,1 140,1 141,1 142,1 143,1 144,1 145,1 146,1 147,1 148,1 149,1 150,1 151,1 152,1 153,1 154,1 155,1 156,1 157,1 158,1 159,1 160,1
west_east_paths 161,1 162,1 163,1 164,1 165,1 166,1 167,1 168,1 169,1 170,1 171,1 172,1 173,1 174,1 175,1 176,1 177,1 178,1 179,1 180,1 181,1 182,1 183,1 184,1 185,1 186,1 187,1 188,1 189,1 190,1 191,1 192,1 193,1 194,1 195,1 196,1 197,1 198,1 199,1 200,1
west_east_paths 201,1 202,1 203,1 204,1 205,1 206,1 207,1 208,1 209,1 210,1 211,1 212,1 213,1 214,1 215,1 216,1 217,1 218,1 219,1 220,1 221,1 222,1 223,1 224,1 225,1 226,1 227,1 228,1 229,1 230,1 231,1 232,1 233,1 234,1 235,1 236,1 237,1 238,1 239,1 240,1
west_east_paths 241,1 242,1 243,1 244,1 245,1 246,1 247,1 248,1 249,1 250,1 251,1 252,1 253,1 254,1 255,1 256,1 257,1 258,1 259,1 260,1 261,1 262,1 263,1 264,1 265,1 266,1 267,1 268,1 269,1 270,1 271,1 272,1 273,1 274,1 275,1 276,1 277,1 278,1 279,1 280,1
west_east_paths 281,1 282,1 283,1 284,1 285,1 286,1 287,1 288,1 289,1 290,1 291,1 292,1 293,1 294,1 295,1 296,1 297,1 298,1 299,1 300,1 301,1 302,1 303,1 304,1 305,1 306,1 307,1 308,1 309,1 310,1 311,1 312,1 313,1 314,1 315,1 316,1 317,1 318,1 319,1 320,1
west_east_paths 321,1 322,1 323,1 324,1 325,1 326,1 327,1 328,1 329,1 330,1 331,1 332,1 333,1 334,1 335,1 336,1 337,1 338,1 339,1 340,1 341,1 342,1 343,1 344,1 345,1 346,1 347,1 348,1 349,1 350,1 351,1 352,1 353,1 354,1 355,1 356,1 357,1 358,1 359,1 360,1
west_east_paths 361,1 362,1 363,1 364,1 365,1 366,1 367,1 368,1 369,1 370,1 371,1 372,1 373,1 374,1 375,1 376,1 377,1 378,1 379,1 380,1 381,1 382,1 383,1 384,1 385,1 386,1 387,1 388,1 389,1 390,1 391,1 392,1 393,1 394,1 395,1 396,1 397,1 398,1 399,1 400,1
west_east_paths 401,1 402,1 403,1 404,1 405,1 406,1 407,1 408,1 409,1 410,1 411,1 412,1 413,1 414,1 415,1 416,1 417,1 418,1 419,1 420,1 421,1 422,1 423,1 424,1 425,1 426,1 427,1 428,1 429,1 430,1 431,1 432,1 433,1 434,1 435,1 436,1 437,1 438,1 439,1 440,1
west_east_paths 441,1 442,1 443,1 444,1 445,1 446,1 447,1 448,1 449,1 450,1 451,1 452,1 453,1 454,1 455,1 456,1 457,1 458,1 459,1 460,1 461,1 462,1 463,1 464,1 465,1 466,1 467,1 468,1 469,1 470,1 471,1 472,1 473,1 474,1 475,1 476,1 477,1 478,1 479,1 480,1
west_east_paths 481,1 482,1 483,1 484,1 485,1 486,1 487,1 488,1 489,1 490,1 491,1 492,1 493,1 494,1 495,1 496,1 497,1 498,1 499,1
west_east_paths 136,2 139,2 140,2 141,2 143,2 144,2
west_east_paths 187,16 189,16 191,16 192,16 193,16 195,16 198,16 199,16 201,16 202,16 204,16 208,16 210,16 212,16 213,16 214,16 215,16 216,16 217,16 218,16 219,16
west_east_paths 62,22 63,22 66,22 71,22 72,22 73,22 74,22 75,22 77,22 78,22 81,22
west_east_paths 30,24 31,24 32,24 35,24 36,24 37,24 38,24 42,24 43,24 47,24
west_east_paths 133,28 135,28 138,28 141,28 143,28 144,28 145,28 151,28 152,28 153,28 154,28 155,28 156,28 160,28 162,28 163,28 165,28 166,28 168,28 170,28
west_east_paths 190,33 192,33 193,33
west_east_paths 433,38 434,38 435,38 441,38 443,38 445,38 446,38 447,38 448,38 450,38 452,38 453,38 454,38 455,38 459,38 461,38 466,38 468,38 470,38 471,38 472,38 473,38 474,38
west_east_paths 1,50 2,50 3,50 4,50 5,50 6,50 7,50 8,50 9,50 10,50 11,50 12,50 13,50 14,50 15,50 16,50 17,50 18,50 19,50 20,50 21,50 22,50 23,50 24,50 25,50 26,50 27,50 28,50 29,50 30,50 31,50 32,50 33,50 34,50 35,50 36,50 37,50 38,50 39,50 40,50
west_east_paths 41,50 42,50 43,50 44,50 45,50 46,50 47,50 48,50 49,50 50,50 51,50 52,50 53,50 54,50 55,50 56,50 57,50 58,50 59,50 60,50 61,50 62,50 63,50 64,50 65,50 66,50 67,50 68,50 69,50 70,50 71,50 72,50 73,50 74,50 75,50 76,50 77,50 78,50 79,50 80,50
west_east_paths 81,50 82,50 83,50 84,50 85,50 86,50 87,50 88,50 89,50 90,50 91,50 92,50 93,50 94,50 95,50 96,50 97,50 98,50 99,50 100,50 101,50 102,50 103,50 104,50 105,50 106,50 107,50 108,50 109,50 110,50 111,50 112,50 113,50 114,50 115,50 116,50 117,50 118,50 119,50 120,50
west_east_paths 121,50 122,50 123,50 124,50 125,50 126,50 127,50 128,50 129,50 130,50 131,50 132,50 133,50 134,50 135,50 136,50 137,50 138,50 139,50 140,50 141,50 142,50 143,50 144,50 145,50 146,50 147,50 148,50 149,50 150,50 151,50 152,50 153,50 154,50 155,50 156,50 157,50 158,50 159,50 160,50
west_east_paths 161,50 162,50 163,50 164,50 165,50 166,50 167,50 168,50 169,50 170,50 171,50 172,50 173,50 174,50 175,50 176,50 177,50 178,50 179,50 180,50 181,50 182,50 183,50 184,50 185,50 186,50 187,50 188,50 189,50 190,50 191,50 192,50 193,50 194,50 195,50 196,50 197,50 198,50 199,50 200,50
west_east_paths 201,50 202,50 203,50 204,50 205,50 206,50 207,50 208,50 209,50 210,50 211,50 212,50 213,50 214,50 215,50 216,50 217,50 218,50 219,50 220,50 221,50 222,50 223,50 224,50 225,50 226,50 227,50 228,50 229,50 230,50 231,50 232,50 233,50 234,50 235,50 236,50 237,50 238,50 239,50 240,50
west_east_paths 241,50 242,50 243,50 244,50 245,50 246,50 247,50 248,50 249,50 250,50 251,50 252,50 253,50 254,50 255,50 256,50 257,50 258,50 259,50 260,50 261,50 262,50 263,50 264,50 265,50 266,50 267,50 268,50 269,50 270,50 271,50 272,50 273,50 274,50 275,50 276,50 277,50 278,50 279,50 280,50
west_east_paths 281,50 282,50 283,50 284,50 285,50 286,50 287,50 288,50 289,50 290,50 291,50 292,50 293,50 294,50 295,50 296,50 297,50 298,50 299,50 300,50 301,50 302,50 303,50 304,50 305,50 306,50 307,50 308,50 309,50 310,50 311,50 312,50 313,50 314,50 315,50 316,50 317,50 318,50 319,50 320,50
west_east_paths 321,50 322,50 323,50 324,50 325,50 326,50 327,50 328,50 329,50 330,50 331,50 332,50 333,50 334,50 335,50 336,50 337,50 338,50 339,50 340,50 341,50 342,50 343,50 344,50 345,50 346,50 347,50 348,50 349,50 350,50 351,50 352,50 353,50 354,50 355,50 356,50 357,50 358,50 359,50 360,50
west_east_paths 361,50 362,50 363,50 364,50 365,50 366,50 367,50 368,50 369,50 370,50 371,50 372,50 373,50 374,50 375,50 376,50 377,50 378,50 379,50 380,50 381,50 382,50 383,50 384,50 385,50 386,50 387,50 388,50 389,50 390,50 391,50 392,50 393,50 394,50 395,50 396,50 397,50 398,50 399,50 400,50
west_east_paths 401,50 402,50 403,50 404,50 405,50 406,50 407,50 408,50 409,50 410,50 411,50 412,50 413,50 414,50 415,50 416,50 417,50 418,50 419,50 420,50 421,50 422,50 423,50 424,50 425,50 426,50 427,50 428,50 429,50 430,50 431,50 432,50 433,50 434,50 435,50 436,50 437,50 438,50 439,50 440,50
west_east_paths 441,50 442,50 443,50 444,50 445,50 446,50 447,50 448,50 449,50 450,50 451,50 452,50 453,50 454,50 455,50 456,50 457,50 458,50 459,50 460,50 461,50 462,50 463,50 464,50 465,50 466,50 467,50 468,50 469,50 470,50 471,50 472,50 473,50 474,50 475,50 476,50 477,50 478,50 479,50 480,50
west_east_paths 481,50 482,50 483,50 484,50 485,50 486,50 487,50 488,50 489,50 490,50 491,50 492,50 493,50 494,50 495,50 496,50 497,50 498,50 499,50
west_east_paths 288,60 289,60 290,60 292,60 294,60 296,60 297,60 302,60 304,60 305,60 307,60 309,60 310,60 311,60 312,60 315,60 317,60 319,60
west_east_paths 54,81 56,81 57,81 58,81 61,81 62,81 63,81 64,81 65,81 67,81 68,81 69,81 73,81 75,81 76,81 78,81 79,81 80,81 83,81 86,81 88,81 89,81 90,81 94,81 100,81 101,81 105,81 107,81 108,81
west_east_paths 399,82 400,82 401,82 402,82 404,82 405,82 406,82 410,82 411,82 412,82 413,82 414,82 415,82 418,82 419,82 421,82 422,82 429,82 430,82 431,82 435,82
west_east_paths 455,92 458,92 460,92 461,92 468,92 469,92 470,92 471,92 472,92 475,92 482,92 484,92 485,92 487,92 488,92 489,92 490,92 491,92 492,92 494,92 495,92
west_east_paths 1,100 2,100 3,100 4,100 5,100 6,100 7,100 8,100 9,100 10,100 11,100 12,100 13,100 14,100 15,100 16,100 17,100 18,100 19,100 20,100 21,100 22,100 23,100 24,100 25,100 26,100 27,100 28,100 29,100 30,100 31,100 32,100 33,100 34,100 35,100 36,100 37,100 38,100 39,100 40,100
west_east_paths 41,100 42,100 43,100 44,100 45,100 46,100 47,100 48,100 49,100 50,100 51,100 52,100 53,100 54,100 55,100 56,100 57,100 58,100 59,100 60,100 61,100 62,100 63,100 64,100 65,100 66,100 67,100 68,100 69,100 70,100 71,100 72,100 73,100 74,100 75,100 76,100 77,100 78,100 79,100 80,100
west_east_paths 81,100 82,100 83,100 84,100 85,100 86,100 87,100 88,100 89,100 90,100 91,100 92,100 93,100 94,100 95,100 96,100 97,100 98,100 99,100 100,100 101,100 102,100 103,100 104,100 105,100 106,100 107,100 108,100 109,100 110,100 111,100 112,100 113,100 114,100 115,100 116,100 117,100 118,100 119,100 120,100
west_east_paths 121,100 122,100 123,100 124,100 125,100 126,100 127,100 128,100 129,100 130,100 131,100 132,100 133,100 134,100 135,100 136,100 137,100 138,100 139,100 140,100 141,100 142,100 143,100 144,100 145,100 146,100 147,100 148,100 149,100 150,100 151,100 152,100 153,100 154,100 155,100 156,100 157,100 158,100 159,100 160,100
west_east_paths 161,100 162,100 163,100 164,100 165,100 166,100 167,100 168,100 169,100 170,100 171,100 172,100 173,100 174,100 175,100 176,100 177,100 178,100 179,100 180,100 181,100 182,100 183,100 184,100 185,100 186,100 187,100 188,100 189,100 190,100 191,100 192,100 193,100 194,100 195,100 196,100 197,100 198,100 199,100 200,100
west_east_paths 201,100 202,100 203,100 204,100 205,100 206,100 207,100 208,100 209,100 210,100 211,100 212,100 213,100 214,100 215,100 216,100 217,100 218,100 219,100 220,100 221,100 222,100 223,100 224,100 225,100 226,100 227,100 228,100 229,100 230,100 231,100 232,100 233,100 234,100 235,100 236,100 237,100 238,100 239,100 240,100
west_east_paths 241,100 242,100 243,100 244,100 245,100 246,100 247,100 248,100 249,100 250,100 251,100 252,100 253,100 254,100 255,100 256,100 257,100 258,100 259,100 260,100 261,100 262,100 263,100 264,100 265,100 266,100 267,100 268,100 269,100 270,100 271,100 272,100 273,100 274,100 275,100 276,100 277,100 278,100 279,100 280,100
west_east_paths 281,100 282,100 283,100 284,100 285,100 286,100 287,100 288,100 289,100 290,100 291,100 292,100 293,100 294,100 295,100 296,100 297,100 298,100 299,100 300,100 301,100 302,100 303,100 304,100 305,100 306,100 307,100 308,100 309,100 310,100 311,100 312,100 313,100 314,100 315,100 316,100 317,100 318,100 319,100 320,100
west_east_paths 321,100 322,100 323,100 324,100 325,100 326,100 327,100 328,100 329,100 330,100 331,100 332,100 333,100 334,100 335,100 336,100 337,100 338,100 339,100 340,100 341,100 342,100 343,100 344,100 345,100 346,100 347,100 348,100 349,100 350,100 351,100 352,100 353,100 354,100 355,100 356,100 357,100 358,100 359,100 360,100
west_east_paths 361,100 362,100 363,100 364,100 365,100 366,100 367,100 368,100 369,100 370,100 371,100 372,100 373,100 374,100 375,100 376,100 377,100 378,100 379,100 380,100 381,100 382,100 383,100 384,100 385,100 386,100 387,100 388,100 389,100 390,100 391,100 392,100 393,100 394,100 395,100 396,100 397,100 398,100 399,100 400,100
west_east_paths 401,100 402,100 403,100 404,100 405,100 406,100 407,100 408,100 409,100 410,100 411,100 412,100 413,100 414,100 415,100 416,100 417,100 418,100 419,100 420,100 421,100 422,100 423,100 424,100 425,100 426,100 427,100 428,100 429,100 430,100 431,100 432,100 433,100 434,100 435,100 436,100 437,100 438,100 439,100 440,100
west_east_paths 441,100 442,100 443,100 444,100 445,100 446,100 447,100 448,100 449,100 450,100 451,100 452,100 453,100 454,100 455,100 456,100 457,100 458,100 459,100 460,100 461,100 462,100 463,100 464,100 465,100 466,100 467,100 468,100 469,100 470,100 471,100 472,100 473,100 474,100 475,100 476,100 477,100 478,100 479,100 480,100
west_east_paths 481,100 482,100 483,100 484,100 485,100 486,100 487,100 488,100 489,100 490,100 491,100 492,100 493,100 494,100 495,100 496,100 497,100 498,100 499,100
west_east_paths 352,104 354,104 356,104 360,104 363,104 364,104 367,104 369,104 370,104 371,104 372,104 373,104 376,104 377,104 378,104 384,104 386,104 387,104 390,104 391,104 393,104 394,104 395,104 397,104 399,104 401,104
west_east_paths 250,113 251,113 252,113 255,113 259,113 260,113 262,113 264,113 265,113 267,113 270,113 271,113 272,113 274,113 275,113
west_east_paths 123,124 124,124 128,124 129,124 130,124 134,124 135,124 141,124 142,124 143,124 146,124 147,124 148,124 149,124 150,124 153,124 154,124 155,124 159,124 160,124 161,124 164,124 165,124 166,124 167,124 168,124 169,124
west_east_paths 90,131 92,131 94,131 95,131 96,131 99,131 101,131 102,131 108,131 109,131 110,131 112,131 118,131 119,131 121,131 122,131 123,131 124,131 125,131 127,131 131,131 132,131 133,131 134,131 135,131 138,131 140,131 141,131 145,131 147,131
west_east_paths 33,135 35,135 36,135 40,135 42,135 44,135 46,135 47,135 48,135 49,135 53,135 55,135 57,135 59,135 60,135 61,135 64,135
west_east_paths 187,136 189,136 190,136 191,136 193,136 194,136 198,136
west_east_paths 1,150 2,150 3,150 4,150 5,150 6,150 7,150 8,150 9,150 10,150 11,150 12,150 13,150 14,150 15,150 16,150 17,150 18,150 19,150 20,150 21,150 22,150 23,150 24,150 25,150 26,150 27,150 28,150 29,150 30,150 31,150 32,150 33,150 34,150 35,150 36,150 37,150 38,150 39,150 40,150
west_east_paths 41,150 42,150 43,150 44,150 45,150 46,150 47,150 48,150 49,150 50,150 51,150 52,150 53,150 54,150 55,150 56,150 57,150 58,150 59,150 60,150 61,150 62,150 63,150 64,150 65,150 66,150 67,150 68,150 69,150 70,150 71,150 72,150 73,150 74,150 75,150 76,150 77,150 78,150 79,150 80,150
west_east_paths 81,150 82,150 83,150 84,150 85,150 86,150 87,150 88,150 89,150 90,150 91,150 92,150 93,150 94,150 95,150 96,150 97,150 98,150 99,150 100,150 101,150 102,150 103,150 104,150 105,150 106,150 107,150 108,150 109,150 110,150 111,150 112,150 113,150 114,150 115,150 116,150 117,150 118,150 119,150 120,150
west_east_paths 121,150 122,150 123,150 124,150 125,150 126,150 127,150 128,150 129,150 130,150 131,150 132,150 133,150 134,150 135,150 136,150 137,150 138,150 139,150 140,150 141,150 142,150 143,150 144,150 145,150 146,150 147,150 148,150 149,150 150,150 151,150 152,150 153,150 154,150 155,150 156,150 157,150 158,150 159,150 160,150
west_east_paths 161,150 162,150 163,150 164,150 165,150 166,150 167,150 168,150 169,150 170,150 171,150 172,150 173,150 174,150 175,150 176,150 177,150 178,150 179,150 180,150 181,150 182,150 183,150 184,150 185,150 186,150 187,150 188,150 189,150 190,150 191,150 192,150 193,150 194,150 195,150 196,150 197,150 198,150 199,150 200,150
west_east_paths 201,150 202,150 203,150 204,150 205,150 206,150 207,150 208,150 209,150 210,150 211,150 212,150 213,150 214,150 215,150 216,150 217,150 218,150 219,150 220,150 221,150 222,150 223,150 224,150 225,150 226,150 227,150 228,150 229,150 230,150 231,150 232,150 233,150 234,150 235,150 236,150 237,150 238,150 239,150 240,150
west_east_paths 241,150 242,150 243,150 244,150 245,150 246,150 247,150 248,150 249,150 250,150 251,150 252,150 253,150 254,150 255,150 256,150 257,150 258,150 259,150 260,150 261,150 262,150 263,150 264,150 265,150 266,150 267,150 268,150 269,150 270,150 271,150 272,150 273,150 274,150 275,150 276,150 277,150 278,150 279,150 280,150
west_east_paths 281,150 282,150 283,150 284,150 285,150 286,150 287,150 288,150 289,150 290,150 291,150 292,150 293,150 294,150 295,150 296,150 297,150 298,150 299,150 300,150 301,150 302,150 303,150 304,150 305,150 306,150 307,150 308,150 309,150 310,150 311,150 312,150 313,150 314,150 315,150 316,150 317,150 318,150 319,150 320,150
west_east_paths 321,150 322,150 323,150 324,150 325,150 326,150 327,150 328,150 329,150 330,150 331,150 332,150 333,150 334,150 335,150 336,150 337,150 338,150 339,150 340,150 341,150 342,150 343,150 344,150 345,150 346,150 347,150 348,150 349,150 350,150 351,150 352,150 353,150 354,150 355,150 356,150 357,150 358,150 359,150 360,150
west_east_paths 361,150 362,150 363,150 364,150 365,150 366,150 367,150 368,150 369,150 370,150 371,150 372,150 373,150 374,150 375,150 376,150 377,150 378,150 379,150 380,150 381,150 382,150 383,150 384,150 385,150 386,150 387,150 388,150 389,150 390,150 391,150 392,150 393,150 394,150 395,150 396,150 397,150 398,150 399,150 400,150
west_east_paths 401,150 402,150 403,150 404,150 405,150 406,150 407,150 408,150 409,150 410,150 411,150 412,150 413,150 414,150 415,150 416,150 417,150 418,150 419,150 420,150 421,150 422,150 423,150 424,150 425,150 426,150 427,150 428,150 429,150 430,150 431,150 432,150 433,150 434,150 435,150 436,150 437,150 438,150 439,150 440,150
west_east_paths 441,150 442,150 443,150 444,150 445,150 446,150 447,150 448,150 449,150 450,150 451,150 452,150 453,150 454,150 455,150 456,150 457,150 458,150 459,150 460,150 461,150 462,150 463,150 464,150 465,150 466,150 467,150 468,150 469,150 470,150 471,150 472,150 473,150 474,150 475,150 476,150 477,150 478,150 479,150 480,150
west_east_paths 481,150 482,150 483,150 484,150 485,150 486,150 487,150 488,150 489,150 490,150 491,150 492,150 493,150 494,150 495,150 496,150 497,150 498,150 499,150
west_east_paths 114,154 116,154 119,154 120,154 123,154 126,154 127,154 129,154 133,154 134,154 135,154 136,154 137,154 139,154 140,154 146,154 147,154 148,154 150,154 153,154 154,154 156,154 157,154 160,154 161,154 163,154 165,154 166,154 167,154
west_east_paths 222,155 223,155 225,155 226,155 228,155 229,155 230,155 231,155 232,155 234,155 238,155 239,155 240,155 241,155 243,155 249,155 252,155
west_east_paths 220,167 221,167 222,167 226,167 229,167 230,167 231,167 233,167 235,167 239,167 240,167 242,167 243,167 244,167 246,167 248,167 252,167 253,167 255,167 256,167 257,167 261,167 262,167 263,167
west_east_paths 437,195 438,195 442,195 448,195 449,195 453,195 456,195 458,195 459,195 460,195 463,195 465,195 466,195 468,195 469,195 470,195 473,195 474,195 475,195 476,195 477,195 479,195 480,195 481,195 484,195
west_east_paths 1,200 2,200 3,200 4,200 5,200 6,200 7,200 8,200 9,200 10,200 11,200 12,200 13,200 14,200 15,200 16,200 17,200 18,200 19,200 20,200 21,200 22,200 23,200 24,200 25,200 26,200 27,200 28,200 29,200 30,200 31,200 32,200 33,200 34,200 35,200 36,200 37,200 38,200 39,200 40,200
west_east_paths 41,200 42,200 43,200 44,200 45,200 46,200 47,200 48,200 49,200 50,200 51,200 52,200 53,200 54,200 55,200 56,200 57,200 58,200 59,200 60,200 61,200 62,200 63,200 64,200 65,200 66,200 67,200 68,200 69,200 70,200 71,200 72,200 73,200 74,200 75,200 76,200 77,200 78,200 79,200 80,200
west_east_paths 81,200 82,200 83,200 84,200 85,200 86,200 87,200 88,200 89,200 90,200 91,200 92,200 93,200 94,200 95,200 96,200 97,200 98,200 99,200 100,200 101,200 102,200 103,200 104,200 105,200 106,200 107,200 108,200 109,200 110,200 111,200 112,200 113,200 114,200 115,200 116,200 117,200 118,200 119,200 120,200
west_east_paths 121,200 122,200 123,200 124,200 125,200 126,200 127,200 128,200 129,200 130,200 131,200 132,200 133,200 134,200 135,200 136,200 137,200 138,200 139,200 140,200 141,200 142,200 143,200 144,200 145,200 146,200 147,200 148,200 149,200 150,200 151,200 152,200 153,200 154,200 155,200 156,200 157,200 158,200 159,200 160,200
west_east_paths 161,200 162,200 163,200 164,200 165,200 166,200 167,200 168,200 169,200 170,200 171,200 172,200 173,200 174,200 175,200 176,200 177,200 178,200 179,200 180,200 181,200 182,200 183,200 184,200 185,200 186,200 187,200 188,200 189,200 190,200 191,200 192,200 193,200 194,200 195,200 196,200 197,200 198,200 199,200 200,200
west_east_paths 201,200 202,200 203,200 204,200 205,200 206,200 207,200 208,200 209,200 210,200 211,200 212,200 213,200 214,200 215,200 216,200 217,200 218,200 219,200 220,200 221,200 222,200 223,200 224,200 225,200 226,200 227,200 228,200 229,200 230,200 231,200 232,200 233,200 234,200 235,200 236,200 237,200 238,200 239,200 240,200
west_east_paths 241,200 242,200 243,200 244,200 245,200 246,200 247,200 248,200 249,200 250,200 251,200 252,200 253,200 254,200 255,200 256,200 257,200 258,200 259,200 260,200 261,200 262,200 263,200 264,200 265,200 266,200 267,200 268,200 269,200 270,200 271,200 272,200 273,200 274,200 275,200 276,200 277,200 278,200 279,200 280,200
west_east_paths 281,200 282,200 283,200 284,200 285,200 286,200 287,200 288,200 289,200 290,200 291,200 292,200 293,200 294,200 295,200 296,200 297,200 298,200 299,200 300,200 301,200 302,200 303,200 304,200 305,200 306,200 307,200 308,200 309,200 310,200 311,200 312,200 313,200 314,200 315,200 316,200 317,200 318,200 319,200 320,200
west_east_paths 321,200 322,200 323,200 324,200 325,200 326,200 327,200 328,200 329,200 330,200 331,200 332,200 333,200 334,200 335,200 336,200 337,200 338,200 339,200 340,200 341,200 342,200 343,200 344,200 345,200 346,200 347,200 348,200 349,200 350,200 351,200 352,200 353,200 354,200 355,200 356,200 357,200 358,200 359,200 360,200
west_east_paths 361,200 362,200 363,200 364,200 365,200 366,200 367,200 368,200 369,200 370,200 371,200 372,200 373,200 374,200 375,200 376,200 377,200 378,200 379,200 380,200 381,200 382,200 383,200 384,200 385,200 386,200 387,200 388,200 389,200 390,200 391,200 392,200 393,200 394,200 395,200 396,200 397,200 398,200 399,200 400,200
west_east_paths 401,200 402,200 403,200 404,200 405,200 406,200 407,200 408,200 409,200 410,200 411,200 412,200 413,200 414,200 415,200 416,200 417,200 418,200 419,200 420,200 421,200 422,200 423,200 424,200 425,200 426,200 427,200 428,200 429,200 430,200 431,200 432,200 433,200 434,200 435,200 436,200 437,200 438,200 439,200 440,200
west_east_paths 441,200 442,200 443,200 444,200 445,200 446,200 447,200 448,200 449,200 450,200 451,200 452,200 453,200 454,200 455,200 456,200 457,200 458,200 459,200 460,200 461,200 462,200 463,200 464,200 465,200 466,200 467,200 468,200 469,200 470,200 471,200 472,200 473,200 474,200 475,200 476,200 477,200 478,200 479,200 480,200
west_east_paths 481,200 482,200 483,200 484,200 485,200 486,200 487,200 488,200 489,200 490,200 491,200 492,200 493,200 494,200 495,200 496,200 497,200 498,200 499,200
west_east_paths 411,204 413,204 414,204 418,204 422,204 423,204 425,204 426,204 428,204 429,204 433,204 437,204 438,204 439,204 440,204 442,204 443,204 444,204 447,204 450,204 453,204 454,204 455,204 457,204 458,204 459,204 462,204 464,204
west_east_paths 10,206 12,206 13,206 15,206 18,206 19,206 21,206 22,206 26,206 29,206 30,206 31,206 33,206 34,206 35,206 38,206 41,206 42,206 44,206 47,206
west_east_paths 421,214 422,214 426,214 428,214 432,214 433,214 435,214 437,214 438,214 440,214 443,214 444,214 445,214 447,214 449,214 450,214 451,214 454,214
west_east_paths 194,219 195,219 200,219 201,219 202,219 203,219 206,219 208,219 210,219 212,219 214,219 215,219 216,219 217,219 218,219 223,219 225,219 227,219 229,219 231,219 232,219 237,219 238,219 239,219 240,219
west_east_paths 323,230 324,230 327,230 328,230 329,230 333,230 336,230 339,230 341,230 342,230 343,230 346,230 348,230 349,230 351,230 352,230 354,230 355,230 356,230 360,230 361,230 364,230
west_east_paths 128,231 130,231 131,231 132,231 136,231 140,231 141,231 143,231 144,231 145,231 147,231 148,231 149,231 153,231
west_east_paths 202,233 204,233 206,233 207,233 209,233 215,233 217,233 218,233 219,233 223,233 224,233 225,233 226,233 230,233 232,233 233,233 234,233 235,233 236,233 238,233 241,233 243,233 245,233 246,233 247,233
west_east_paths 90,241 93,241 94,241 97,241 99,241 100,241 101,241 102,241 103,241 104,241 106,241 107,241 110,241 112,241 114,241 115,241 117,241 119,241 121,241 122,241 125,241 132,241 134,241 135,241 138,241 139,241 141,241
west_east_paths 1,250 2,250 3,250 4,250 5,250 6,250 7,250 8,250 9,250 10,250 11,250 12,250 13,250 14,250 15,250 16,250 17,250 18,250 19,250 20,250 21,250 22,250 23,250 24,250 25,250 26,250 27,250 28,250 29,250 30,250 31,250 32,250 33,250 34,250 35,250 36,250 37,250 38,250 39,250 40,250
west_east_paths 41,250 42,250 43,250 44,250 45,250 46,250 47,250 48,250 49,250 50,250 51,250 52,250 53,250 54,250 55,250 56,250 57,250 58,250 59,250 60,250 61,250 62,250 63,250 64,250 65,250 66,250 67,250 68,250 69,250 70,250 71,250 72,250 73,250 74,250 75,250 76,250 77,250 78,250 79,250 80,250
west_east_paths 81,250 82,250 83,250 84,250 85,250 86,250 87,250 88,250 89,250 90,250 91,250 92,250 93,250 94,250 95,250 96,250 97,250 98,250 99,250 100,250 101,250 102,250 103,250 104,250 105,250 106,250 107,250 108,250 109,250 110,250 111,250 112,250 113,250 114,250 115,250 116,250 117,250 118,250 119,250 120,250
west_east_paths 121,250 122,250 123,250 124,250 125,250 126,250 127,250 128,250 129,250 130,250 131,250 132,250 133,250 134,250 135,250 136,250 137,250 138,250 139,250 140,250 141,250 142,250 143,250 144,250 145,250 146,250 147,250 148,250 149,250 150,250 151,250 152,250 153,250 154,250 155,250 156,250 157,250 158,250 159,250 160,250
west_east_paths 161,250 162,250 163,250 164,250 165,250 166,250 167,250 168,250 169,250 170,250 171,250 172,250 173,250 174,250 175,250 176,250 177,250 178,250 179,250 180,250 181,250 182,250 183,250 184,250 185,250 186,250 187,250 188,250 189,250 190,250 191,250 192,250 193,250 194,250 195,250 196,250 197,250 198,250 199,250 200,250
west_east_paths 201,250 202,250 203,250 204,250 205,250 206,250 207,250 208,250 209,250 210,250 211,250 212,250 213,250 214,250 215,250 216,250 217,250 218,250 219,250 220,250 221,250 222,250 223,250 224,250 225,250 226,250 227,250 228,250 229,250 230,250 231,250 232,250 233,250 234,250 235,250 236,250 237,250 238,250 239,250 240,250
west_east_paths 241,250 242,250 243,250 244,250 245,250 246,250 247,250 248,250 249,250 250,250 251,250 252,250 253,250 254,250 255,250 256,250 257,250 258,250 259,250 260,250 261,250 262,250 263,250 264,250 265,250 266,250 267,250 268,250 269,250 270,250 271,250 272,250 273,250 274,250 275,250 276,250 277,250 278,250 279,250 280,250
west_east_paths 281,250 282,250 283,250 284,250 285,250 286,250 287,250 288,250 289,250 290,250 291,250 292,250 293,250 294,250 295,250 296,250 297,250 298,250 299,250 300,250 301,250 302,250 303,250 304,250 305,250 306,250 307,250 308,250 309,250 310,250 311,250 312,250 313,250 314,250 315,250 316,250 317,250 318,250 319,250 320,250
west_east_paths 321,250 322,250 323,250 324,250 325,250 326,250 327,250 328,250 329,250 330,250 331,250 332,250 333,250 334,250 335,250 336,250 337,250 338,250 339,250 340,250 341,250 342,250 343,250 344,250 345,250 346,250 347,250 348,250 349,250 350,250 351,250 352,250 353,250 354,250 355,250 356,250 357,250 358,250 359,250 360,250
west_east_paths 361,250 362,250 363,250 364,250 365,250 366,250 367,250 368,250 369,250 370,250 371,250 372,250 373,250 374,250 375,250 376,250 377,250 378,250 379,250 380,250 381,250 382,250 383,250 384,250 385,250 386,250 387,250 388,250 389,250 390,250 391,250 392,250 393,250 394,250 395,250 396,250 397,250 398,250 399,250 400,250
west_east_paths 401,250 402,250 403,250 404,250 405,250 406,250 407,250 408,250 409,250 410,250 411,250 412,250 413,250 414,250 415,250 416,250 417,250 418,250 419,250 420,250 421,250 422,250 423,250 424,250 425,250 426,250 427,250 428,250 429,250 430,250 431,250 432,250 433,250 434,250 435,250 436,250 437,250 438,250 439,250 440,250
west_east_paths 441,250 442,250 443,250 444,250 445,250 446,250 447,250 448,250 449,250 450,250 451,250 452,250 453,250 454,250 455,250 456,250 457,250 458,250 459,250 460,250 461,250 462,250 463,250 464,250 465,250 466,250 467,250 468,250 469,250 470,250 471,250 472,250 473,250 474,250 475,250 476,250 477,250 478,250 479,250 480,250
west_east_paths 481,250 482,250 483,250 484,250 485,250 486,250 487,250 488,250 489,250 490,250 491,250 492,250 493,250 494,250 495,250 496,250 497,250 498,250 499,250
west_east_paths 415,251 417,251 418,251 420,251 422,251 423,251 425,251 428,251
west_east_paths 109,253 110,253 111,253 113,253 115,253 118,253 119,253 120,253 122,253 124,253
west_east_paths 208,254 209,254 210,254 212,254 214,254 215,254 216,254 217,254 218,254 223,254 225,254
west_east_paths 397,257 399,257 400,257 402,257 403,257 406,257 408,257 409,257 413,257 416,257 419,257 422,257 423,257 424,257 426,257 427,257 429,257 430,257 432,257 433,257 434,257 437,257 439,257 440,257 443,257 446,257
west_east_paths 434,270 436,270 440,270 442,270 443,270 445,270 447,270 448,270 449,270 451,270 453,270 454,270 455,270 456,270 457,270 458,270
west_east_paths 97,282 99,282 103,282 105,282 106,282 109,282 110,282 112,282 114,282 120,282 121,282 123,282 124,282 125,282 126,282 127,282 129,282 131,282 134,282 135,282 138,282 140,282 141,282 142,282 144,282 146,282 147,282 148,282 431,282 432,282 435,282 437,282 440,282 441,282 444,282 448,282 449,282 451,282 454,282 455,282
west_east_paths 456,282 458,282 461,282 462,282 463,282 465,282 466,282 469,282 470,282 472,282 474,282 475,282 478,282
west_east_paths 408,283 409,283 411,283 412,283 413,283 415,283 416,283 417,283 420,283 422,283 423,283 424,283 427,283 428,283 430,283 431,283 434,283 435,283 436,283 439,283 442,283 443,283 447,283 449,283 450,283 454,283 458,283
west_east_paths 1,294 4,294 6,294 9,294 10,294 11,294 13,294 15,294 16,294 19,294 20,294 21,294 29,294
west_east_paths 1,300 2,300 3,300 4,300 5,300 6,300 7,300 8,300 9,300 10,300 11,300 12,300 13,300 14,300 15,300 16,300 17,300 18,300 19,300 20,300 21,300 22,300 23,300 24,300 25,300 26,300 27,300 28,300 29,300 30,300 31,300 32,300 33,300 34,300 35,300 36,300 37,300 38,300 39,300 40,300
west_east_paths 41,300 42,300 43,300 44,300 45,300 46,300 47,300 48,300 49,300 50,300 51,300 52,300 53,300 54,300 55,300 56,300 57,300 58,300 59,300 60,300 61,300 62,300 63,300 64,300 65,300 66,300 67,300 68,300 69,300 70,300 71,300 72,300 73,300 74,300 75,300 76,300 77,300 78,300 79,300 80,300
west_east_paths 81,300 82,300 83,300 84,300 85,300 86,300 87,300 88,300 89,300 90,300 91,300 92,300 93,300 94,300 95,300 96,300 97,300 98,300 99,300 100,300 101,300 102,300 103,300 104,300 105,300 106,300 107,300 108,300 109,300 110,300 111,300 112,300 113,300 114,300 115,300 116,300 117,300 118,300 119,300 120,300
west_east_paths 121,300 122,300 123,300 124,300 125,300 126,300 127,300 128,300 129,300 130,300 131,300 132,300 133,300 134,300 135,300 136,300 137,300 138,300 139,300 140,300 141,300 142,300 143,300 144,300 145,300 146,300 147,300 148,300 149,300 150,300 151,300 152,300 153,300 154,300 155,300 156,300 157,300 158,300 159,300 160,300
west_east_paths 161,300 162,300 163,300 164,300 165,300 166,300 167,300 168,300 169,300 170,300 171,300 172,300 173,300 174,300 175,300 176,300 177,300 178,300 179,300 180,300 181,300 182,300 183,300 184,300 185,300 186,300 187,300 188,300 189,300 190,300 191,300 192,300 193,300 194,300 195,300 196,300 197,300 198,300 199,300 200,300
west_east_paths 201,300 202,300 203,300 204,300 205,300 206,300 207,300 208,300 209,300 210,300 211,300 212,300 213,300 214,300 215,300 216,300 217,300 218,300 219,300 220,300 221,300 222,300 223,300 224,300 225,300 226,300 227,300 228,300 229,300 230,300 231,300 232,300 233,300 234,300 235,300 236,300 237,300 238,300 239,300 240,300
west_east_paths 241,300 242,300 243,300 244,300 245,300 246,300 247,300 248,300 249,300 250,300 251,300 252,300 253,300 254,300 255,300 256,300 257,300 258,300 259,300 260,300 261,300 262,300 263,300 264,300 265,300 266,300 267,300 268,300 269,300 270,300 271,300 272,300 273,300 274,300 275,300 276,300 277,300 278,300 279,300 280,300
west_east_paths 281,300 282,300 283,300 284,300 285,300 286,300 287,300 288,300 289,300 290,300 291,300 292,300 293,300 294,300 295,300 296,300 297,300 298,300 299,300 300,300 301,300 302,300 303,300 304,300 305,300 306,300 307,300 308,300 309,300 310,300 311,300 312,300 313,300 314,300 315,300 316,300 317,300 318,300 319,300 320,300
west_east_paths 321,300 322,300 323,300 324,300 325,300 326,300 327,300 328,300 329,300 330,300 331,300 332,300 333,300 334,300 335,300 336,300 337,300 338,300 339,300 340,300 341,300 342,300 343,300 344,300 345,300 346,300 347,300 348,300 349,300 350,300 351,300 352,300 353,300 354,300 355,300 356,300 357,300 358,300 359,300 360,300
west_east_paths 361,300 362,300 363,300 364,300 365,300 366,300 367,300 368,300 369,300 370,300 371,300 372,300 373,300 374,300 375,300 376,300 377,300 378,300 379,300 380,300 381,300 382,300 383,300 384,300 385,300 386,300 387,300 388,300 389,300 390,300 391,300 392,300 393,300 394,300 395,300 396,300 397,300 398,300 399,300 400,300
west_east_paths 401,300 402,300 403,300 404,300 405,300 406,300 407,300 408,300 409,300 410,300 411,300 412,300 413,300 414,300 415,300 416,300 417,300 418,300 419,300 420,300 421,300 422,300 423,300 424,300 425,300 426,300 427,300 428,300 429,300 430,300 431,300 432,300 433,300 434,300 435,300 436,300 437,300 438,300 439,300 440,300
west_east_paths 441,300 442,300 443,300 444,300 445,300 446,300 447,300 448,300 449,300 450,300 451,300 452,300 453,300 454,300 455,300 456,300 457,300 458,300 459,300 460,300 461,300 462,300 463,300 464,300 465,300 466,300 467,300 468,300 469,300 470,300 471,300 472,300 473,300 474,300 475,300 476,300 477,300 478,300 479,300 480,300
west_east_paths 481,300 482,300 483,300 484,300 485,300 486,300 487,300 488,300 489,300 490,300 491,300 492,300 493,300 494,300 495,300 496,300 497,300 498,300 499,300
west_east_paths 299,321 302,321 303,321 304,321 305,321 308,321 312,321 313,321 314,321 316,321 317,321 318,321 319,321 323,321 327,321 328,321 329,321 331,321 332,321 337,321 338,321 340,321 341,321
west_east_paths 1,350 2,350 3,350 4,350 5,350 6,350 7,350 8,350 9,350 10,350 11,350 12,350 13,350 14,350 15,350 16,350 17,350 18,350 19,350 20,350 21,350 22,350 23,350 24,350 25,350 26,350 27,350 28,350 29,350 30,350 31,350 32,350 33,350 34,350 35,350 36,350 37,350 38,350 39,350 40,350
west_east_paths 41,350 42,350 43,350 44,350 45,350 46,350 47,350 48,350 49,350 50,350 51,350 52,350 53,350 54,350 55,350 56,350 57,350 58,350 59,350 60,350 61,350 62,350 63,350 64,350 65,350 66,350 67,350 68,350 69,350 70,350 71,350 72,350 73,350 74,350 75,350 76,350 77,350 78,350 79,350 80,350
west_east_paths 81,350 82,350 83,350 84,350 85,350 86,350 87,350 88,350 89,350 90,350 91,350 92,350 93,350 94,350 95,350 96,350 97,350 98,350 99,350 100,350 101,350 102,350 103,350 104,350 105,350 106,350 107,350 108,350 109,350 110,350 111,350 112,350 113,350 114,350 115,350 116,350 117,350 118,350 119,350 120,350
west_east_paths 121,350 122,350 123,350 124,350 125,350 126,350 127,350 128,350 129,350 130,350 131,350 132,350 133,350 134,350 135,350 136,350 137,350 138,350 139,350 140,350 141,350 142,350 143,350 144,350 145,350 146,350 147,350 148,350 149,350 150,350 151,350 152,350 153,350 154,350 155,350 156,350 157,350 158,350 159,350 160,350
west_east_paths 161,350 162,350 163,350 164,350 165,350 166,350 167,350 168,350 169,350 170,350 171,350 172,350 173,350 174,350 175,350 176,350 177,350 178,350 179,350 180,350 181,350 182,350 183,350 184,350 185,350 186,350 187,350 188,350 189,350 190,350 191,350 192,350 193,350 194,350 195,350 196,350 197,350 198,350 199,350 200,350
west_east_paths 201,350 202,350 203,350 204,350 205,350 206,350 207,350 208,350 209,350 210,350 211,350 212,350 213,350 214,350 215,350 216,350 217,350 218,350 219,350 220,350 221,350 222,350 223,350 224,350 225,350 226,350 227,350 228,350 229,350 230,350 231,350 232,350 233,350 234,350 235,350 236,350 237,350 238,350 239,350 240,350
west_east_paths 241,350 242,350 243,350 244,350 245,350 246,350 247,350 248,350 249,350 250,350 251,350 252,350 253,350 254,350 255,350 256,350 257,350 258,350 259,350 260,350 261,350 262,350 263,350 264,350 265,350 266,350 267,350 268,350 269,350 270,350 271,350 272,350 273,350 274,350 275,350 276,350 277,350 278,350 279,350 280,350
west_east_paths 281,350 282,350 283,350 284,350 285,350 286,350 287,350 288,350 289,350 290,350 291,350 292,350 293,350 294,350 295,350 296,350 297,350 298,350 299,350 300,350 301,350 302,350 303,350 304,350 305,350 306,350 307,350 308,350 309,350 310,350 311,350 312,350 313,350 314,350 315,350 316,350 317,350 318,350 319,350 320,350
west_east_paths 321,350 322,350 323,350 324,350 325,350 326,350 327,350 328,350 329,350 330,350 331,350 332,350 333,350 334,350 335,350 336,350 337,350 338,350 339,350 340,350 341,350 342,350 343,350 344,350 345,350 346,350 347,350 348,350 349,350 350,350 351,350 352,350 353,350 354,350 355,350 356,350 357,350 358,350 359,350 360,350
west_east_paths 361,350 362,350 363,350 364,350 365,350 366,350 367,350 368,350 369,350 370,350 371,350 372,350 373,350 374,350 375,350 376,350 377,350 378,350 379,350 380,350 381,350 382,350 383,350 384,350 385,350 386,350 387,350 388,350 389,350 390,350 391,350 392,350 393,350 394,350 395,350 396,350 397,350 398,350 399,350 400,350
west_east_paths 401,350 402,350 403,350 404,350 405,350 406,350 407,350 408,350 409,350 410,350 411,350 412,350 413,350 414,350 415,350 416,350 417,350 418,350 419,350 420,350 421,350 422,350 423,350 424,350 425,350 426,350 427,350 428,350 429,350 430,350 431,350 432,350 433,350 434,350 435,350 436,350 437,350 438,350 439,350 440,350
west_east_paths 441,350 442,350 443,350 444,350 445,350 446,350 447,350 448,350 449,350 450,350 451,350 452,350 453,350 454,350 455,350 456,350 457,350 458,350 459,350 460,350 461,350 462,350 463,350 464,350 465,350 466,350 467,350 468,350 469,350 470,350 471,350 472,350 473,350 474,350 475,350 476,350 477,350 478,350 479,350 480,350
west_east_paths 481,350 482,350 483,350 484,350 485,350 486,350 487,350 488,350 489,350 490,350 491,350 492,350 493,350 494,350 495,350 496,350 497,350 498,350 499,350
west_east_paths 326,357 329,357 332,357 333,357 335,357 337,357 340,357 342,357 344,357 345,357 346,357 349,357 351,357 353,357 354,357 356,357 358,357 361,357 362,357 364,357 365,357 367,357
west_east_paths 400,363 401,363 403,363 409,363 411,363 412,363 416,363 417,363 418,363 419,363 422,363 424,363 425,363 426,363 427,363 428,363 430,363
west_east_paths 78,372 80,372 81,372 82,372 84,372 85,372 86,372 87,372 90,372 91,372 92,372 93,372 95,372 99,372 100,372 101,372 102,372 104,372 109,372 110,372 115,372 119,372 121,372 122,372 123,372
west_east_paths 100,379 101,379 102,379 103,379 104,379 107,379 108,379 109,379 110,379 111,379 112,379 113,379 114,379 115,379 117,379 118,379 120,379 122,379 123,379 125,379 126,379 129,379 131,379 134,379 144,379 145,379
west_east_paths 2,395 3,395 5,395 6,395 9,395 14,395 16,395 17,395 18,395
west_east_paths 1,400 2,400 3,400 4,400 5,400 6,400 7,400 8,400 9,400 10,400 11,400 12,400 13,400 14,400 15,400 16,400 17,400 18,400 19,400 20,400 21,400 22,400 23,400 24,400 25,400 26,400 27,400 28,400 29,400 30,400 31,400 32,400 33,400 34,400 35,400 36,400 37,400 38,400 39,400 40,400
west_east_paths 41,400 42,400 43,400 44,400 45,400 46,400 47,400 48,400 49,400 50,400 51,400 52,400 53,400 54,400 55,400 56,400 57,400 58,400 59,400 60,400 61,400 62,400 63,400 64,400 65,400 66,400 67,400 68,400 69,400 70,400 71,400 72,400 73,400 74,400 75,400 76,400 77,400 78,400 79,400 80,400
west_east_paths 81,400 82,400 83,400 84,400 85,400 86,400 87,400 88,400 89,400 90,400 91,400 92,400 93,400 94,400 95,400 96,400 97,400 98,400 99,400 100,400 101,400 102,400 103,400 104,400 105,400 106,400 107,400 108,400 109,400 110,400 111,400 112,400 113,400 114,400 115,400 116,400 117,400 118,400 119,400 120,400
west_east_paths 121,400 122,400 123,400 124,400 125,400 126,400 127,400 128,400 129,400 130,400 131,400 132,400 133,400 134,400 135,400 136,400 137,400 138,400 139,400 140,400 141,400 142,400 143,400 144,400 145,400 146,400 147,400 148,400 149,400 150,400 151,400 152,400 153,400 154,400 155,400 156,400 157,400 158,400 159,400 160,400
west_east_paths 161,400 162,400 163,400 164,400 165,400 166,400 167,400 168,400 169,400 170,400 171,400 172,400 173,400 174,400 175,400 176,400 177,400 178,400 179,400 180,400 181,400 182,400 183,400 184,400 185,400 186,400 187,400 188,400 189,400 190,400 191,400 192,400 193,400 194,400 195,400 196,400 197,400 198,400 199,400 200,400
west_east_paths 201,400 202,400 203,400 204,400 205,400 206,400 207,400 208,400 209,400 210,400 211,400 212,400 213,400 214,400 215,400 216,400 217,400 218,400 219,400 220,400 221,400 222,400 223,400 224,400 225,400 226,400 227,400 228,400 229,400 230,400 231,400 232,400 233,400 234,400 235,400 236,400 237,400 238,400 239,400 240,400
west_east_paths 241,400 242,400 243,400 244,400 245,400 246,400 247,400 248,400 249,400 250,400 251,400 252,400 253,400 254,400 255,400 256,400 257,400 258,400 259,400 260,400 261,400 262,400 263,400 264,400 265,400 266,400 267,400 268,400 269,400 270,400 271,400 272,400 273,400 274,400 275,400 276,400 277,400 278,400 279,400 280,400
west_east_paths 281,400 282,400 283,400 284,400 285,400 286,400 287,400 288,400 289,400 290,400 291,400 292,400 293,400 294,400 295,400 296,400 297,400 298,400 299,400 300,400 301,400 302,400 303,400 304,400 305,400 306,400 307,400 308,400 309,400 310,400 311,400 312,400 313,400 314,400 315,400 316,400 317,400 318,400 319,400 320,400
west_east_paths 321,400 322,400 323,400 324,400 325,400 326,400 327,400 328,400 329,400 330,400 331,400 332,400 333,400 334,400 335,400 336,400 337,400 338,400 339,400 340,400 341,400 342,400 343,400 344,400 345,400 346,400 347,400 348,400 349,400 350,400 351,400 352,400 353,400 354,400 355,400 356,400 357,400 358,400 359,400 360,400
west_east_paths 361,400 362,400 363,400 364,400 365,400 366,400 367,400 368,400 369,400 370,400 371,400 372,400 373,400 374,400 375,400 376,400 377,400 378,400 379,400 380,400 381,400 382,400 383,400 384,400 385,400 386,400 387,400 388,400 389,400 390,400 391,400 392,400 393,400 394,400 395,400 396,400 397,400 398,400 399,400 400,400
west_east_paths 401,400 402,400 403,400 404,400 405,400 406,400 407,400 408,400 409,400 410,400 411,400 412,400 413,400 414,400 415,400 416,400 417,400 418,400 419,400 420,400 421,400 422,400 423,400 424,400 425,400 426,400 427,400 428,400 429,400 430,400 431,400 432,400 433,400 434,400 435,400 436,400 437,400 438,400 439,400 440,400
west_east_paths 441,400 442,400 443,400 444,400 445,400 446,400 447,400 448,400 449,400 450,400 451,400 452,400 453,400 454,400 455,400 456,400 457,400 458,400 459,400 460,400 461,400 462,400 463,400 464,400 465,400 466,400 467,400 468,400 469,400 470,400 471,400 472,400 473,400 474,400 475,400 476,400 477,400 478,400 479,400 480,400
west_east_paths 481,400 482,400 483,400 484,400 485,400 486,400 487,400 488,400 489,400 490,400 491,400 492,400 493,400 494,400 495,400 496,400 497,400 498,400 499,400
west_east_paths 469,402 472,402 473,402 474,402 476,402 477,402 481,402 482,402
west_east_paths 182,403 185,403 186,403 187,403 189,403 190,403 195,403 198,403 199,403 200,403 202,403 203,403 204,403 205,403 208,403 212,403 213,403
west_east_paths 8,407 11,407 15,407 16,407 17,407 18,407 19,407 20,407 23,407 24,407 26,407 33,407 37,407 38,407 39,407 40,407 42,407 43,407 44,407 45,407 46,407 47,407 49,407 52,407 53,407 60,407 61,407 62,407 64,407 65,407
west_east_paths 393,442 397,442 398,442 400,442 401,442 402,442 404,442
west_east_paths 21,443 26,443 27,443 31,443 39,443 42,443 43,443 45,443 46,443 49,443 50,443 52,443 53,443 54,443 55,443 56,443 57,443 58,443 60,443 61,443 62,443 65,443 66,443 67,443 68,443 70,443
west_east_paths 1,450 2,450 3,450 4,450 5,450 6,450 7,450 8,450 9,450 10,450 11,450 12,450 13,450 14,450 15,450 16,450 17,450 18,450 19,450 20,450 21,450 22,450 23,450 24,450 25,450 26,450 27,450 28,450 29,450 30,450 31,450 32,450 33,450 34,450 35,450 36,450 37,450 38,450 39,450 40,450
west_east_paths 41,450 42,450 43,450 44,450 45,450 46,450 47,450 48,450 49,450 50,450 51,450 52,450 53,450 54,450 55,450 56,450 57,450 58,450 59,450 60,450 61,450 62,450 63,450 64,450 65,450 66,450 67,450 68,450 69,450 70,450 71,450 72,450 73,450 74,450 75,450 76,450 77,450 78,450 79,450 80,450
west_east_paths 81,450 82,450 83,450 84,450 85,450 86,450 87,450 88,450 89,450 90,450 91,450 92,450 93,450 94,450 95,450 96,450 97,450 98,450 99,450 100,450 101,450 102,450 103,450 104,450 105,450 106,450 107,450 108,450 109,450 110,450 111,450 112,450 113,450 114,450 115,450 116,450 117,450 118,450 119,450 120,450
west_east_paths 121,450 122,450 123,450 124,450 125,450 126,450 127,450 128,450 129,450 130,450 131,450 132,450 133,450 134,450 135,450 136,450 137,450 138,450 139,450 140,450 141,450 142,450 143,450 144,450 145,450 146,450 147,450 148,450 149,450 150,450 151,450 152,450 153,450 154,450 155,450 156,450 157,450 158,450 159,450 160,450
west_east_paths 161,450 162,450 163,450 164,450 165,450 166,450 167,450 168,450 169,450 170,450 171,450 172,450 173,450 174,450 175,450 176,450 177,450 178,450 179,450 180,450 181,450 182,450 183,450 184,450 185,450 186,450 187,450 188,450 189,450 190,450 191,450 192,450 193,450 194,450 195,450 196,450 197,450 198,450 199,450 200,450
west_east_paths 201,450 202,450 203,450 204,450 205,450 206,450 207,450 208,450 209,450 210,450 211,450 212,450 213,450 214,450 215,450 216,450 217,450 218,450 219,450 220,450 221,450 222,450 223,450 224,450 225,450 226,450 227,450 228,450 229,450 230,450 231,450 232,450 233,450 234,450 235,450 236,450 237,450 238,450 239,450 240,450
west_east_paths 241,450 242,450 243,450 244,450 245,450 246,450 247,450 248,450 249,450 250,450 251,450 252,450 253,450 254,450 255,450 256,450 257,450 258,450 259,450 260,450 261,450 262,450 263,450 264,450 265,450 266,450 267,450 268,450 269,450 270,450 271,450 272,450 273,450 274,450 275,450 276,450 277,450 278,450 279,450 280,450
west_east_paths 281,450 282,450 283,450 284,450 285,450 286,450 287,450 288,450 289,450 290,450 291,450 292,450 293,450 294,450 295,450 296,450 297,450 298,450 299,450 300,450 301,450 302,450 303,450 304,450 305,450 306,450 307,450 308,450 309,450 310,450 311,450 312,450 313,450 314,450 315,450 316,450 317,450 318,450 319,450 320,450
west_east_paths 321,450 322,450 323,450 324,450 325,450 326,450 327,450 328,450 329,450 330,450 331,450 332,450 333,450 334,450 335,450 336,450 337,450 338,450 339,450 340,450 341,450 342,450 343,450 344,450 345,450 346,450 347,450 348,450 349,450 350,450 351,450 352,450 353,450 354,450 355,450 356,450 357,450 358,450 359,450 360,450
west_east_paths 361,450 362,450 363,450 364,450 365,450 366,450 367,450 368,450 369,450 370,450 371,450 372,450 373,450 374,450 375,450 376,450 377,450 378,450 379,450 380,450 381,450 382,450 383,450 384,450 385,450 386,450 387,450 388,450 389,450 390,450 391,450 392,450 393,450 394,450 395,450 396,450 397,450 398,450 399,450 400,450
west_east_paths 401,450 402,450 403,450 404,450 405,450 406,450 407,450 408,450 409,450 410,450 411,450 412,450 413,450 414,450 415,450 416,450 417,450 418,450 419,450 420,450 421,450 422,450 423,450 424,450 425,450 426,450 427,450 428,450 429,450 430,450 431,450 432,450 433,450 434,450 435,450 436,450 437,450 438,450 439,450 440,450
west_east_paths 441,450 442,450 443,450 444,450 445,450 446,450 447,450 448,450 449,450 450,450 451,450 452,450 453,450 454,450 455,450 456,450 457,450 458,450 459,450 460,450 461,450 462,450 463,450 464,450 465,450 466,450 467,450 468,450 469,450 470,450 471,450 472,450 473,450 474,450 475,450 476,450 477,450 478,450 479,450 480,450
west_east_paths 481,450 482,450 483,450 484,450 485,450 486,450 487,450 488,450 489,450 490,450 491,450 492,450 493,450 494,450 495,450 496,450 497,450 498,450 499,450
west_east_paths 307,462 308,462 309,462 311,462 313,462 314,462 315,462 316,462 318,462 319,462 320,462 322,462 327,462 331,462 332,462 333,462 334,462 336,462 337,462 338,462 339,462 341,462 345,462 350,462 352,462 356,462 357,462
west_east_paths 482,464 484,464 485,464 490,464 491,464 493,464 494,464 495,464 496,464 499,464
west_east_paths 64,468 66,468 67,468 72,468 74,468 75,468 77,468 78,468 81,468 82,468 83,468 84,468 86,468 87,468 92,468 93,468 96,468 99,468 101,468 102,468 103,468 104,468 107,468
west_east_paths 170,475 171,475 172,475 174,475 175,475 176,475 184,475 187,475 191,475 192,475 193,475 194,475 196,475 197,475 199,475 200,475 201,475 202,475 203,475 204,475 205,475 209,475 213,475
west_east_paths 246,476 248,476 251,476 252,476 256,476 257,476 259,476 260,476 261,476 264,476 265,476 267,476
west_east_paths 24,480 26,480 27,480 29,480 30,480 32,480 34,480 35,480 36,480 37,480 38,480 39,480 45,480 47,480 50,480 53,480
west_east_paths 304,482 308,482 309,482 318,482 319,482 320,482 321,482 322,482 323,482 324,482 325,482 326,482 329,482 330,482 331,482
west_east_paths 1,487 2,487 6,487 7,487 8,487 9,487 10,487 11,487 13,487 14,487 15,487 18,487 25,487 26,487 27,487 30,487 31,487 32,487 33,487 34,487 35,487 36,487 37,487
west_east_paths 237,488 238,488 240,488 242,488 244,488 247,488 248,488 250,488 251,488 252,488 254,488 257,488 258,488 260,488 261,488 263,488 267,488 270,488 271,488 273,488 275,488 277,488 280,488 281,488 282,488 283,488
west_east_paths 
west_east_paths 
west_east_paths 
west_east_paths 
west_east_paths 
west_east_paths 
west_east_paths 
west_east_paths 
west_east_paths 
west_east_paths 
west_east_paths 
west_east_paths 
west_east_paths 

south_north_paths 1,1 1,2 1,3 1,4 1,5 1,6 1,7 1,8 1,9 1,10 1,11 1,12 1,13 1,14 1,15 1,16 1,17 1,18 1,19 1,20 1,21 1,22 1,23 1,24 1,25 1,26 1,27 1,28 1,29 1,30 1,31 1,32 1,33 1,34 1,35 1,36 1,37 1,38 1,39 1,40
south_north_paths 1,41 1,42 1,43 1,44 1,45 1,46 1,47 1,48 1,49 1,50 1,51 1,52 1,53 1,54 1,55 1,56 1,57 1,58 1,59 1,60 1,61 1,62 1,63 1,64 1,65 1,66 1,67 1,68 1,69 1,70 1,71 1,72 1,73 1,74 1,75 1,76 1,77 1,78 1,79 1,80
south_north_paths 1,81 1,82 1,83 1,84 1,85 1,86 1,87 1,88 1,89 1,90 1,91 1,92 1,93 1,94 1,95 1,96 1,97 1,98 1,99 1,100 1,101 1,102 1,103 1,104 1,105 1,106 1,107 1,108 1,109 1,110 1,111 1,112 1,113 1,114 1,115 1,116 1,117 1,118 1,119 1,120
south_north_paths 1,121 1,122 1,123 1,124 1,125 1,126 1,127 1,128 1,129 1,130 1,131 1,132 1,133 1,134 1,135 1,136 1,137 1,138 1,139 1,140 1,141 1,142 1,143 1,144 1,145 1,146 1,147 1,148 1,149 1,150 1,151 1,152 1,153 1,154 1,155 1,156 1,157 1,158 1,159 1,160
south_north_paths 1,161 1,162 1,163 1,164 1,165 1,166 1,167 1,168 1,169 1,170 1,171 1,172 1,173 1,174 1,175 1,176 1,177 1,178 1,179 1,180 1,181 1,182 1,183 1,184 1,185 1,186 1,187 1,188 1,189 1,190 1,191 1,192 1,193 1,194 1,195 1,196 1,197 1,198 1,199 1,200
south_north_paths 1,201 1,202 1,203 1,204 1,205 1,206 1,207 1,208 1,209 1,210 1,211 1,212 1,213 1,214 1,215 1,216 1,217 1,218 1,219 1,220 1,221 1,222 1,223 1,224 1,225 1,226 1,227 1,228 1,229 1,230 1,231 1,232 1,233 1,234 1,235 1,236 1,237 1,238 1,239 1,240
south_north_paths 1,241 1,242 1,243 1,244 1,245 1,246 1,247 1,248 1,249 1,250 1,251 1,252 1,253 1,254 1,255 1,256 1,257 1,258 1,259 1,260 1,261 1,262 1,263 1,264 1,265 1,266 1,267 1,268 1,269 1,270 1,271 1,272 1,273 1,274 1,275 1,276 1,277 1,278 1,279 1,280
south_north_paths 1,281 1,282 1,283 1,284 1,285 1,286 1,287 1,288 1,289 1,290 1,291 1,292 1,293 1,294 1,295 1,296 1,297 1,298 1,299 1,300 1,301 1,302 1,303 1,304 1,305 1,306 1,307 1,308 1,309 1,310 1,311 1,312 1,313 1,314 1,315 1,316 1,317 1,318 1,319 1,320
south_north_paths 1,321 1,322 1,323 1,324 1,325 1,326 1,327 1,328 1,329 1,330 1,331 1,332 1,333 1,334 1,335 1,336 1,337 1,338 1,339 1,340 1,341 1,342 1,343 1,344 1,345 1,346 1,347 1,348 1,349 1,350 1,351 1,352 1,353 1,354 1,355 1,356 1,357 1,358 1,359 1,360
south_north_paths 1,361 1,362 1,363 1,364 1,365 1,366 1,367 1,368 1,369 1,370 1,371 1,372 1,373 1,374 1,375 1,376 1,377 1,378 1,379 1,380 1,381 1,382 1,383 1,384 1,385 1,386 1,387 1,388 1,389 1,390 1,391 1,392 1,393 1,394 1,395 1,396 1,397 1,398 1,399 1,400
south_north_paths 1,401 1,402 1,403 1,404 1,405 1,406 1,407 1,408 1,409 1,410 1,411 1,412 1,413 1,414 1,415 1,416 1,417 1,418 1,419 1,420 1,421 1,422 1,423 1,424 1,425 1,426 1,427 1,428 1,429 1,430 1,431 1,432 1,433 1,434 1,435 1,436 1,437 1,438 1,439 1,440
south_north_paths 1,441 1,442 1,443 1,444 1,445 1,446 1,447 1,448 1,449 1,450 1,451 1,452 1,453 1,454 1,455 1,456 1,457 1,458 1,459 1,460 1,461 1,462 1,463 1,464 1,465 1,466 1,467 1,468 1,469 1,470 1,471 1,472 1,473 1,474 1,475 1,476 1,477 1,478 1,479 1,480
south_north_paths 1,481 1,482 1,483 1,484 1,485 1,486 1,487 1,488 1,489 1,490 1,491 1,492 1,493 1,494 1,495 1,496 1,497 1,498 1,499
south_north_paths 3,414 3,418 3,420 3,425 3,426 3,427 3,430 3,431 3,433 3,435 3,437 3,438 3,440 3,442 3,445 3,446 3,450 3,451 3,452 3,453 3,455 3,457 3,458 3,459 3,461
south_north_paths 13,456 13,457 13,458 13,459 13,463 13,464
south_north_paths 16,409 16,410 16,412 16,415 16,416 16,417 16,418 16,420 16,423 16,424 16,426 16,429 16,433 16,436 16,438 16,439 16,441 16,442 16,444 16,445 16,446 16,448 16,449 16,451 16,454 16,455 16,457 16,462 16,463 16,465
south_north_paths 28,465 28,466 28,471 28,474 28,477 28,478 28,485 28,487 28,488 28,490 28,491 28,492 28,493 28,494 28,495 28,498 28,499
south_north_paths 31,39 31,47 31,50 31,52 31,53 31,55 31,56 31,58 31,59 31,60 31,61 31,62 31,63 31,64
south_north_paths 43,334 43,335 43,336 43,339 43,341 43,342 43,344 43,345
south_north_paths 50,1 50,2 50,3 50,4 50,5 50,6 50,7 50,8 50,9 50,10 50,11 50,12 50,13 50,14 50,15 50,16 50,17 50,18 50,19 50,20 50,21 50,22 50,23 50,24 50,25 50,26 50,27 50,28 50,29 50,30 50,31 50,32 50,33 50,34 50,35 50,36 50,37 50,38 50,39 50,40
south_north_paths 50,41 50,42 50,43 50,44 50,45 50,46 50,47 50,48 50,49 50,50 50,51 50,52 50,53 50,54 50,55 50,56 50,57 50,58 50,59 50,60 50,61 50,62 50,63 50,64 50,65 50,66 50,67 50,68 50,69 50,70 50,71 50,72 50,73 50,74 50,75 50,76 50,77 50,78 50,79 50,80
south_north_paths 50,81 50,82 50,83 50,84 50,85 50,86 50,87 50,88 50,89 50,90 50,91 50,92 50,93 50,94 50,95 50,96 50,97 50,98 50,99 50,100 50,101 50,102 50,103 50,104 50,105 50,106 50,107 50,108 50,109 50,110 50,111 50,112 50,113 50,114 50,115 50,116 50,117 50,118 50,119 50,120
south_north_paths 50,121 50,122 50,123 50,124 50,125 50,126 50,127 50,128 50,129 50,130 50,131 50,132 50,133 50,134 50,135 50,136 50,137 50,138 50,139 50,140 50,141 50,142 50,143 50,144 50,145 50,146 50,147 50,148 50,149 50,150 50,151 50,152 50,153 50,154 50,155 50,156 50,157 50,158 50,159 50,160
south_north_paths 50,161 50,162 50,163 50,164 50,165 50,166 50,167 50,168 50,169 50,170 50,171 50,172 50,173 50,174 50,175 50,176 50,177 50,178 50,179 50,180 50,181 50,182 50,183 50,184 50,185 50,186 50,187 50,188 50,189 50,190 50,191 50,192 50,193 50,194 50,195 50,196 50,197 50,198 50,199 50,200
south_north_paths 50,201 50,202 50,203 50,204 50,205 50,206 50,207 50,208 50,209 50,210 50,211 50,212 50,213 50,214 50,215 50,216 50,217 50,218 50,219 50,220 50,221 50,222 50,223 50,224 50,225 50,226 50,227 50,228 50,229 50,230 50,231 50,232 50,233 50,234 50,235 50,236 50,237 50,238 50,239 50,240
south_north_paths 50,241 50,242 50,243 50,244 50,245 50,246 50,247 50,248 50,249 50,250 50,251 50,252 50,253 50,254 50,255 50,256 50,257 50,258 50,259 50,260 50,261 50,262 50,263 50,264 50,265 50,266 50,267 50,268 50,269 50,270 50,271 50,272 50,273 50,274 50,275 50,276 50,277 50,278 50,279 50,280
south_north_paths 50,281 50,282 50,283 50,284 50,285 50,286 50,287 50,288 50,289 50,290 50,291 50,292 50,293 50,294 50,295 50,296 50,297 50,298 50,299 50,300 50,301 50,302 50,303 50,304 50,305 50,306 50,307 50,308 50,309 50,310 50,311 50,312 50,313 50,314 50,315 50,316 50,317 50,318 50,319 50,320
south_north_paths 50,321 50,322 50,323 50,324 50,325 50,326 50,327 50,328 50,329 50,330 50,331 50,332 50,333 50,334 50,335 50,336 50,337 50,338 50,339 50,340 50,341 50,342 50,343 50,344 50,345 50,346 50,347 50,348 50,349 50,350 50,351 50,352 50,353 50,354 50,355 50,356 50,357 50,358 50,359 50,360
south_north_paths 50,361 50,362 50,363 50,364 50,365 50,366 50,367 50,368 50,369 50,370 50,371 50,372 50,373 50,374 50,375 50,376 50,377 50,378 50,379 50,380 50,381 50,382 50,383 50,384 50,385 50,386 50,387 50,388 50,389 50,390 50,391 50,392 50,393 50,394 50,395 50,396 50,397 50,398 50,399 50,400
south_north_paths 50,401 50,402 50,403 50,404 50,405 50,406 50,407 50,408 50,409 50,410 50,411 50,412 50,413 50,414 50,415 50,416 50,417 50,418 50,419 50,420 50,421 50,422 50,423 50,424 50,425 50,426 50,427 50,428 50,429 50,430 50,431 50,432 50,433 50,434 50,435 50,436 50,437 50,438 50,439 50,440
south_north_paths 50,441 50,442 50,443 50,444 50,445 50,446 50,447 50,448 50,449 50,450 50,451 50,452 50,453 50,454 50,455 50,456 50,457 50,458 50,459 50,460 50,461 50,462 50,463 50,464 50,465 50,466 50,467 50,468 50,469 50,470 50,471 50,472 50,473 50,474 50,475 50,476 50,477 50,478 50,479 50,480
south_north_paths 50,481 50,482 50,483 50,484 50,485 50,486 50,487 50,488 50,489 50,490 50,491 50,492 50,493 50,494 50,495 50,496 50,497 50,498 50,499
south_north_paths 51,174 51,178 51,180 51,181 51,184 51,189 51,191 51,195 51,196 51,197 51,198 51,200 51,202 51,203 51,204 51,205 51,207 51,208 51,211 51,213 51,214 51,215
south_north_paths 59,282 59,283 59,284 59,285 59,288 59,290 59,291 59,292 59,294 59,303 59,304 59,305 59,306 59,307 59,308 59,309 59,310 59,311 59,313 59,317 59,319 59,320
south_north_paths 62,358 62,359 62,360 62,361 62,363 62,364 62,366 62,367 62,370
south_north_paths 63,32 63,34 63,35 63,36 63,38 63,40 63,44 63,45 63,46 63,47 63,51 63,54 63,55 63,56 63,59 63,60 63,62 63,63 63,64 63,69 63,70 63,71 63,73 63,75 63,79 63,81 63,82
south_north_paths 64,32 64,33 64,34 64,37 64,38 64,39
south_north_paths 71,383 71,384 71,387 71,388 71,390 71,397 71,399 71,400 71,401 71,404 71,405 71,406 71,410 71,412 71,413 71,414 71,415 71,416 71,417 71,419 71,422 71,423 71,426
south_north_paths 79,218 79,220 79,221 79,224 79,226 79,229 79,230 79,231 79,233 79,235 79,236 79,239
south_north_paths 89,457 89,459 89,461 89,462 89,464 89,466
south_north_paths 90,126 90,130 90,131 90,133 90,134 90,135 90,138 90,141 90,142 90,143
south_north_paths 96,218 96,221 96,222 96,225 96,226 96,227 96,229 96,234 96,235 96,236 96,237 96,238 96,240 96,244 96,245 96,248 96,249
south_north_paths 100,1 100,2 100,3 100,4 100,5 100,6 100,7 100,8 100,9 100,10 100,11 100,12 100,13 100,14 100,15 100,16 100,17 100,18 100,19 100,20 100,21 100,22 100,23 100,24 100,25 100,26 100,27 100,28 100,29 100,30 100,31 100,32 100,33 100,34 100,35 100,36 100,37 100,38 100,39 100,40
south_north_paths 100,41 100,42 100,43 100,44 100,45 100,46 100,47 100,48 100,49 100,50 100,51 100,52 100,53 100,54 100,55 100,56 100,57 100,58 100,59 100,60 100,61 100,62 100,63 100,64 100,65 100,66 100,67 100,68 100,69 100,70 100,71 100,72 100,73 100,74 100,75 100,76 100,77 100,78 100,79 100,80
south_north_paths 100,81 100,82 100,83 100,84 100,85 100,86 100,87 100,88 100,89 100,90 100,91 100,92 100,93 100,94 100,95 100,96 100,97 100,98 100,99 100,100 100,101 100,102 100,103 100,104 100,105 100,106 100,107 100,108 100,109 100,110 100,111 100,112 100,113 100,114 100,115 100,116 100,117 100,118 100,119 100,120
south_north_paths 100,121 100,122 100,123 100,124 100,125 100,126 100,127 100,128 100,129 100,130 100,131 100,132 100,133 100,134 100,135 100,136 100,137 100,138 100,139 100,140 100,141 100,142 100,143 100,144 100,145 100,146 100,147 100,148 100,149 100,150 100,151 100,152 100,153 100,154 100,155 100,156 100,157 100,158 100,159 100,160
south_north_paths 100,161 100,162 100,163 100,164 100,165 100,166 100,167 100,168 100,169 100,170 100,171 100,172 100,173 100,174 100,175 100,176 100,177 100,178 100,179 100,180 100,181 100,182 100,183 100,184 100,185 100,186 100,187 100,188 100,189 100,190 100,191 100,192 100,193 100,194 100,195 100,196 100,197 100,198 100,199 100,200
south_north_paths 100,201 100,202 100,203 100,204 100,205 100,206 100,207 100,208 100,209 100,210 100,211 100,212 100,213 100,214 100,215 100,216 100,217 100,218 100,219 100,220 100,221 100,222 100,223 100,224 100,225 100,226 100,227 100,228 100,229 100,230 100,231 100,232 100,233 100,234 100,235 100,236 100,237 100,238 100,239 100,240
south_north_paths 100,241 100,242 100,243 100,244 100,245 100,246 100,247 100,248 100,249 100,250 100,251 100,252 100,253 100,254 100,255 100,256 100,257 100,258 100,259 100,260 100,261 100,262 100,263 100,264 100,265 100,266 100,267 100,268 100,269 100,270 100,271 100,272 100,273 100,274 100,275 100,276 100,277 100,278 100,279 100,280
south_north_paths 100,281 100,282 100,283 100,284 100,285 100,286 100,287 100,288 100,289 100,290 100,291 100,292 100,293 100,294 100,295 100,296 100,297 100,298 100,299 100,300 100,301 100,302 100,303 100,304 100,305 100,306 100,307 100,308 100,309 100,310 100,311 100,312 100,313 100,314 100,315 100,316 100,317 100,318 100,319 100,320
south_north_paths 100,321 100,322 100,323 100,324 100,325 100,326 100,327 100,328 100,329 100,330 100,331 100,332 100,333 100,334 100,335 100,336 100,337 100,338 100,339 100,340 100,341 100,342 100,343 100,344 100,345 100,346 100,347 100,348 100,349 100,350 100,351 100,352 100,353 100,354 100,355 100,356 100,357 100,358 100,359 100,360
south_north_paths 100,361 100,362 100,363 100,364 100,365 100,366 100,367 100,368 100,369 100,370 100,371 100,372 100,373 100,374 100,375 100,376 100,377 100,378 100,379 100,380 100,381 100,382 100,383 100,384 100,385 100,386 100,387 100,388 100,389 100,390 100,391 100,392 100,393 100,394 100,395 100,396 100,397 100,398 100,399 100,400
south_north_paths 100,401 100,402 100,403 100,404 100,405 100,406 100,407 100,408 100,409 100,410 100,411 100,412 100,413 100,414 100,415 100,416 100,417 100,418 100,419 100,420 100,421 100,422 100,423 100,424 100,425 100,426 100,427 100,428 100,429 100,430 100,431 100,432 100,433 100,434 100,435 100,436 100,437 100,438 100,439 100,440
south_north_paths 100,441 100,442 100,443 100,444 100,445 100,446 100,447 100,448 100,449 100,450 100,451 100,452 100,453 100,454 100,455 100,456 100,457 100,458 100,459 100,460 100,461 100,462 100,463 100,464 100,465 100,466 100,467 100,468 100,469 100,470 100,471 100,472 100,473 100,474 100,475 100,476 100,477 100,478 100,479 100,480
south_north_paths 100,481 100,482 100,483 100,484 100,485 100,486 100,487 100,488 100,489 100,490 100,491 100,492 100,493 100,494 100,495 100,496 100,497 100,498 100,499
south_north_paths 105,432 105,433 105,435 105,437 105,439 105,440 105,443 105,445 105,446 105,450 105,451 105,452 105,455 105,456 105,457 105,459 105,460 105,464 105,465 105,469 105,470 105,471 105,474 105,476 105,477 105,480 105,482 105,484
south_north_paths 106,452 106,453 106,455 106,456 106,458 106,460 106,461 106,463 106,466
south_north_paths 112,319 112,320 112,322 112,324 112,326 112,327 112,333 112,335 112,336 112,340 112,341 112,342 112,343 112,346 112,348 112,349 112,350 112,351 112,352 112,355 112,357 112,359 112,362
south_north_paths 137,243 137,244 137,245 137,248 137,251 137,254 137,256 137,257 137,258 137,261 137,263 137,264 137,266 137,267 137,269 137,270
south_north_paths 145,91 145,92 145,94 145,95 145,97 145,100
south_north_paths 150,1 150,2 150,3 150,4 150,5 150,6 150,7 150,8 150,9 150,10 150,11 150,12 150,13 150,14 150,15 150,16 150,17 150,18 150,19 150,20 150,21 150,22 150,23 150,24 150,25 150,26 150,27 150,28 150,29 150,30 150,31 150,32 150,33 150,34 150,35 150,36 150,37 150,38 150,39 150,40
south_north_paths 150,41 150,42 150,43 150,44 150,45 150,46 150,47 150,48 150,49 150,50 150,51 150,52 150,53 150,54 150,55 150,56 150,57 150,58 150,59 150,60 150,61 150,62 150,63 150,64 150,65 150,66 150,67 150,68 150,69 150,70 150,71 150,72 150,73 150,74 150,75 150,76 150,77 150,78 150,79 150,80
south_north_paths 150,81 150,82 150,83 150,84 150,85 150,86 150,87 150,88 150,89 150,90 150,91 150,92 150,93 150,94 150,95 150,96 150,97 150,98 150,99 150,100 150,101 150,102 150,103 150,104 150,105 150,106 150,107 150,108 150,109 150,110 150,111 150,112 150,113 150,114 150,115 150,116 150,117 150,118 150,119 150,120
south_north_paths 150,121 150,122 150,123 150,124 150,125 150,126 150,127 150,128 150,129 150,130 150,131 150,132 150,133 150,134 150,135 150,136 150,137 150,138 150,139 150,140 150,141 150,142 150,143 150,144 150,145 150,146 150,147 150,148 150,149 150,150 150,151 150,152 150,153 150,154 150,155 150,156 150,157 150,158 150,159 150,160
south_north_paths 150,161 150,162 150,163 150,164 150,165 150,166 150,167 150,168 150,169 150,170 150,171 150,172 150,173 150,174 150,175 150,176 150,177 150,178 150,179 150,180 150,181 150,182 150,183 150,184 150,185 150,186 150,187 150,188 150,189 150,190 150,191 150,192 150,193 150,194 150,195 150,196 150,197 150,198 150,199 150,200
south_north_paths 150,201 150,202 150,203 150,204 150,205 150,206 150,207 150,208 150,209 150,210 150,211 150,212 150,213 150,214 150,215 150,216 150,217 150,218 150,219 150,220 150,221 150,222 150,223 150,224 150,225 150,226 150,227 150,228 150,229 150,230 150,231 150,232 150,233 150,234 150,235 150,236 150,237 150,238 150,239 150,240
south_north_paths 150,241 150,242 150,243 150,244 150,245 150,246 150,247 150,248 150,249 150,250 150,251 150,252 150,253 150,254 150,255 150,256 150,257 150,258 150,259 150,260 150,261 150,262 150,263 150,264 150,265 150,266 150,267 150,268 150,269 150,270 150,271 150,272 150,273 150,274 150,275 150,276 150,277 150,278 150,279 150,280
south_north_paths 150,281 150,282 150,283 150,284 150,285 150,286 150,287 150,288 150,289 150,290 150,291 150,292 150,293 150,294 150,295 150,296 150,297 150,298 150,299 150,300 150,301 150,302 150,303 150,304 150,305 150,306 150,307 150,308 150,309 150,310 150,311 150,312 150,313 150,314 150,315 150,316 150,317 150,318 150,319 150,320
south_north_paths 150,321 150,322 150,323 150,324 150,325 150,326 150,327 150,328 150,329 150,330 150,331 150,332 150,333 150,334 150,335 150,336 150,337 150,338 150,339 150,340 150,341 150,342 150,343 150,344 150,345 150,346 150,347 150,348 150,349 150,350 150,351 150,352 150,353 150,354 150,355 150,356 150,357 150,358 150,359 150,360
south_north_paths 150,361 150,362 150,363 150,364 150,365 150,366 150,367 150,368 150,369 150,370 150,371 150,372 150,373 150,374 150,375 150,376 150,377 150,378 150,379 150,380 150,381 150,382 150,383 150,384 150,385 150,386 150,387 150,388 150,389 150,390 150,391 150,392 150,393 150,394 150,395 150,396 150,397 150,398 150,399 150,400
south_north_paths 150,401 150,402 150,403 150,404 150,405 150,406 150,407 150,408 150,409 150,410 150,411 150,412 150,413 150,414 150,415 150,416 150,417 150,418 150,419 150,420 150,421 150,422 150,423 150,424 150,425 150,426 150,427 150,428 150,429 150,430 150,431 150,432 150,433 150,434 150,435 150,436 150,437 150,438 150,439 150,440
south_north_paths 150,441 150,442 150,443 150,444 150,445 150,446 150,447 150,448 150,449 150,450 150,451 150,452 150,453 150,454 150,455 150,456 150,457 150,458 150,459 150,460 150,461 150,462 150,463 150,464 150,465 150,466 150,467 150,468 150,469 150,470 150,471 150,472 150,473 150,474 150,475 150,476 150,477 150,478 150,479 150,480
south_north_paths 150,481 150,482 150,483 150,484 150,485 150,486 150,487 150,488 150,489 150,490 150,491 150,492 150,493 150,494 150,495 150,496 150,497 150,498 150,499
south_north_paths 152,336 152,338 152,341 152,342 152,344 152,345 152,347 152,349 152,350
south_north_paths 167,155 167,156 167,157 167,158 167,159 167,161 167,166 167,167 167,171 167,173 167,174 167,176 167,177 167,178 167,182 167,183 167,184 167,187 167,188 167,189 167,193 167,196 167,198 167,199 167,200 167,203 167,204 167,205 167,206 167,208 167,244 167,245 167,246 167,247 167,248 167,249 167,250 167,252 167,253 167,254
south_north_paths 167,255 167,256 167,259 167,260 167,261 167,263 167,264 167,266 167,270 167,271 167,277 167,285 167,286 167,287
south_north_paths 175,257 175,258 175,259 175,262 175,265 175,266 175,267 175,269 175,270 175,274 175,275
south_north_paths 191,432 191,435 191,437 191,439 191,441 191,442 191,443 191,446 191,447 191,449 191,450 191,452 191,453 191,456 191,459 191,460 191,464 191,466 191,468 191,470 191,471 191,473
south_north_paths 193,398 193,399 193,400 193,401 193,404 193,405 193,406 193,409 193,410 193,415
south_north_paths 197,338 197,339 197,340 197,343
south_north_paths 199,446 199,447 199,448 199,449 199,450 199,454 199,455 199,458 199,460 199,461 199,467 199,468 199,469 199,472 199,473 199,474 199,475 199,476 199,479 199,481 199,482 199,485 199,486 199,487
south_north_paths 200,1 200,2 200,3 200,4 200,5 200,6 200,7 200,8 200,9 200,10 200,11 200,12 200,13 200,14 200,15 200,16 200,17 200,18 200,19 200,20 200,21 200,22 200,23 200,24 200,25 200,26 200,27 200,28 200,29 200,30 200,31 200,32 200,33 200,34 200,35 200,36 200,37 200,38 200,39 200,40
south_north_paths 200,41 200,42 200,43 200,44 200,45 200,46 200,47 200,48 200,49 200,50 200,51 200,52 200,53 200,54 200,55 200,56 200,57 200,58 200,59 200,60 200,61 200,62 200,63 200,64 200,65 200,66 200,67 200,68 200,69 200,70 200,71 200,72 200,73 200,74 200,75 200,76 200,77 200,78 200,79 200,80
south_north_paths 200,81 200,82 200,83 200,84 200,85 200,86 200,87 200,88 200,89 200,90 200,91 200,92 200,93 200,94 200,95 200,96 200,97 200,98 200,99 200,100 200,101 200,102 200,103 200,104 200,105 200,106 200,107 200,108 200,109 200,110 200,111 200,112 200,113 200,114 200,115 200,116 200,117 200,118 200,119 200,120
south_north_paths 200,121 200,122 200,123 200,124 200,125 200,126 200,127 200,128 200,129 200,130 200,131 200,132 200,133 200,134 200,135 200,136 200,137 200,138 200,139 200,140 200,141 200,142 200,143 200,144 200,145 200,146 200,147 200,148 200,149 200,150 200,151 200,152 200,153 200,154 200,155 200,156 200,157 200,158 200,159 200,160
south_north_paths 200,161 200,162 200,163 200,164 200,165 200,166 200,167 200,168 200,169 200,170 200,171 200,172 200,173 200,174 200,175 200,176 200,177 200,178 200,179 200,180 200,181 200,182 200,183 200,184 200,185 200,186 200,187 200,188 200,189 200,190 200,191 200,192 200,193 200,194 200,195 200,196 200,197 200,198 200,199 200,200
south_north_paths 200,201 200,202 200,203 200,204 200,205 200,206 200,207 200,208 200,209 200,210 200,211 200,212 200,213 200,214 200,215 200,216 200,217 200,218 200,219 200,220 200,221 200,222 200,223 200,224 200,225 200,226 200,227 200,228 200,229 200,230 200,231 200,232 200,233 200,234 200,235 200,236 200,237 200,238 200,239 200,240
south_north_paths 200,241 200,242 200,243 200,244 200,245 200,246 200,247 200,248 200,249 200,250 200,251 200,252 200,253 200,254 200,255 200,256 200,257 200,258 200,259 200,260 200,261 200,262 200,263 200,264 200,265 200,266 200,267 200,268 200,269 200,270 200,271 200,272 200,273 200,274 200,275 200,276 200,277 200,278 200,279 200,280
south_north_paths 200,281 200,282 200,283 200,284 200,285 200,286 200,287 200,288 200,289 200,290 200,291 200,292 200,293 200,294 200,295 200,296 200,297 200,298 200,299 200,300 200,301 200,302 200,303 200,304 200,305 200,306 200,307 200,308 200,309 200,310 200,311 200,312 200,313 200,314 200,315 200,316 200,317 200,318 200,319 200,320
south_north_paths 200,321 200,322 200,323 200,324 200,325 200,326 200,327 200,328 200,329 200,330 200,331 200,332 200,333 200,334 200,335 200,336 200,337 200,338 200,339 200,340 200,341 200,342 200,343 200,344 200,345 200,346 200,347 200,348 200,349 200,350 200,351 200,352 200,353 200,354 200,355 200,356 200,357 200,358 200,359 200,360
south_north_paths 200,361 200,362 200,363 200,364 200,365 200,366 200,367 200,368 200,369 200,370 200,371 200,372 200,373 200,374 200,375 200,376 200,377 200,378 200,379 200,380 200,381 200,382 200,383 200,384 200,385 200,386 200,387 200,388 200,389 200,390 200,391 200,392 200,393 200,394 200,395 200,396 200,397 200,398 200,399 200,400
south_north_paths 200,401 200,402 200,403 200,404 200,405 200,406 200,407 200,408 200,409 200,410 200,411 200,412 200,413 200,414 200,415 200,416 200,417 200,418 200,419 200,420 200,421 200,422 200,423 200,424 200,425 200,426 200,427 200,428 200,429 200,430 200,431 200,432 200,433 200,434 200,435 200,436 200,437 200,438 200,439 200,440
south_north_paths 200,441 200,442 200,443 200,444 200,445 200,446 200,447 200,448 200,449 200,450 200,451 200,452 200,453 200,454 200,455 200,456 200,457 200,458 200,459 200,460 200,461 200,462 200,463 200,464 200,465 200,466 200,467 200,468 200,469 200,470 200,471 200,472 200,473 200,474 200,475 200,476 200,477 200,478 200,479 200,480
south_north_paths 200,481 200,482 200,483 200,484 200,485 200,486 200,487 200,488 200,489 200,490 200,491 200,492 200,493 200,494 200,495 200,496 200,497 200,498 200,499
south_north_paths 202,438 202,441 202,442 202,444 202,445 202,447 202,448 202,449 202,450
south_north_paths 210,451 210,454 210,459 210,463 210,464 210,466 210,467 210,468 210,471 210,474 210,475 210,476 210,478 210,479 210,483 210,486 210,487 210,488 210,490 210,491 210,492 210,493 210,495 210,496 210,498 210,499
south_north_paths 211,213 211,219 211,220 211,222 211,223 211,224 211,226 211,228 211,229 211,230 211,232 211,233 211,236 211,239 211,240 211,241 211,243 211,244 211,247 211,251 211,253 211,257 211,260 211,261 211,262 211,263 211,264
south_north_paths 213,152 213,153 213,156 213,157 213,160 213,164 213,166 213,169 213,170 213,171 213,173 213,175 213,176 213,177 213,179 213,180 213,183 213,184 213,187
south_north_paths 227,99 227,100 227,103 227,106 227,107 227,108 227,109 227,113 227,114 227,116 227,117
south_north_paths 229,70 229,71 229,72 229,75 229,76 229,77 229,78 229,80 229,81 229,82 229,84 229,86 229,87 229,88 229,91 229,93 229,97 229,102 229,103
south_north_paths 241,435 241,436 241,437 241,438 241,440 241,445 241,448 241,449 241,452 241,453 241,456 241,457 241,458 241,459 241,460 241,461 241,467 241,468 241,471 241,472 241,475 241,476 241,478 241,479 241,480 241,481 241,483 241,488
south_north_paths 250,1 250,2 250,3 250,4 250,5 250,6 250,7 250,8 250,9 250,10 250,11 250,12 250,13 250,14 250,15 250,16 250,17 250,18 250,19 250,20 250,21 250,22 250,23 250,24 250,25 250,26 250,27 250,28 250,29 250,30 250,31 250,32 250,33 250,34 250,35 250,36 250,37 250,38 250,39 250,40
south_north_paths 250,41 250,42 250,43 250,44 250,45 250,46 250,47 250,48 250,49 250,50 250,51 250,52 250,53 250,54 250,55 250,56 250,57 250,58 250,59 250,60 250,61 250,62 250,63 250,64 250,65 250,66 250,67 250,68 250,69 250,70 250,71 250,72 250,73 250,74 250,75 250,76 250,77 250,78 250,79 250,80
south_north_paths 250,81 250,82 250,83 250,84 250,85 250,86 250,87 250,88 250,89 250,90 250,91 250,92 250,93 250,94 250,95 250,96 250,97 250,98 250,99 250,100 250,101 250,102 250,103 250,104 250,105 250,106 250,107 250,108 250,109 250,110 250,111 250,112 250,113 250,114 250,115 250,116 250,117 250,118 250,119 250,120
south_north_paths 250,121 250,122 250,123 250,124 250,125 250,126 250,127 250,128 250,129 250,130 250,131 250,132 250,133 250,134 250,135 250,136 250,137 250,138 250,139 250,140 250,141 250,142 250,143 250,144 250,145 250,146 250,147 250,148 250,149 250,150 250,151 250,152 250,153 250,154 250,155 250,156 250,157 250,158 250,159 250,160
south_north_paths 250,161 250,162 250,163 250,164 250,165 250,166 250,167 250,168 250,169 250,170 250,171 250,172 250,173 250,174 250,175 250,176 250,177 250,178 250,179 250,180 250,181 250,182 250,183 250,184 250,185 250,186 250,187 250,188 250,189 250,190 250,191 250,192 250,193 250,194 250,195 250,196 250,197 250,198 250,199 250,200
south_north_paths 250,201 250,202 250,203 250,204 250,205 250,206 250,207 250,208 250,209 250,210 250,211 250,212 250,213 250,214 250,215 250,216 250,217 250,218 250,219 250,220 250,221 250,222 250,223 250,224 250,225 250,226 250,227 250,228 250,229 250,230 250,231 250,232 250,233 250,234 250,235 250,236 250,237 250,238 250,239 250,240
south_north_paths 250,241 250,242 250,243 250,244 250,245 250,246 250,247 250,248 250,249 250,250 250,251 250,252 250,253 250,254 250,255 250,256 250,257 250,258 250,259 250,260 250,261 250,262 250,263 250,264 250,265 250,266 250,267 250,268 250,269 250,270 250,271 250,272 250,273 250,274 250,275 250,276 250,277 250,278 250,279 250,280
south_north_paths 250,281 250,282 250,283 250,284 250,285 250,286 250,287 250,288 250,289 250,290 250,291 250,292 250,293 250,294 250,295 250,296 250,297 250,298 250,299 250,300 250,301 250,302 250,303 250,304 250,305 250,306 250,307 250,308 250,309 250,310 250,311 250,312 250,313 250,314 250,315 250,316 250,317 250,318 250,319 250,320
south_north_paths 250,321 250,322 250,323 250,324 250,325 250,326 250,327 250,328 250,329 250,330 250,331 250,332 250,333 250,334 250,335 250,336 250,337 250,338 250,339 250,340 250,341 250,342 250,343 250,344 250,345 250,346 250,347 250,348 250,349 250,350 250,351 250,352 250,353 250,354 250,355 250,356 250,357 250,358 250,359 250,360
south_north_paths 250,361 250,362 250,363 250,364 250,365 250,366 250,367 250,368 250,369 250,370 250,371 250,372 250,373 250,374 250,375 250,376 250,377 250,378 250,379 250,380 250,381 250,382 250,383 250,384 250,385 250,386 250,387 250,388 250,389 250,390 250,391 250,392 250,393 250,394 250,395 250,396 250,397 250,398 250,399 250,400
south_north_paths 250,401 250,402 250,403 250,404 250,405 250,406 250,407 250,408 250,409 250,410 250,411 250,412 250,413 250,414 250,415 250,416 250,417 250,418 250,419 250,420 250,421 250,422 250,423 250,424 250,425 250,426 250,427 250,428 250,429 250,430 250,431 250,432 250,433 250,434 250,435 250,436 250,437 250,438 250,439 250,440
south_north_paths 250,441 250,442 250,443 250,444 250,445 250,446 250,447 250,448 250,449 250,450 250,451 250,452 250,453 250,454 250,455 250,456 250,457 250,458 250,459 250,460 250,461 250,462 250,463 250,464 250,465 250,466 250,467 250,468 250,469 250,470 250,471 250,472 250,473 250,474 250,475 250,476 250,477 250,478 250,479 250,480
south_north_paths 250,481 250,482 250,483 250,484 250,485 250,486 250,487 250,488 250,489 250,490 250,491 250,492 250,493 250,494 250,495 250,496 250,497 250,498 250,499
south_north_paths 256,140 256,141 256,142 256,144 256,148 256,149 256,152 256,154 256,155 256,157 256,159 256,160 256,163 256,164 256,165 256,167
south_north_paths 270,391 270,392 270,393 270,397 270,398 270,400 270,402 270,403 270,404 270,407 270,409 270,412 270,413 270,414
south_north_paths 275,236 275,237 275,238 275,241 275,244 275,248 275,249 275,250 275,251 275,252 275,257 275,258 275,259 275,261 275,262 275,264 275,265 275,269
south_north_paths 285,316 285,318 285,322 285,323 285,324 285,325 285,327
south_north_paths 289,63 289,64 289,65 289,68 289,72 289,76 289,77 289,79 289,80 289,81 289,83 289,85 289,86 289,88 289,92 289,95 289,96 289,97 289,99 289,100 289,101 289,103 289,104 289,108
south_north_paths 300,1 300,2 300,3 300,4 300,5 300,6 300,7 300,8 300,9 300,10 300,11 300,12 300,13 300,14 300,15 300,16 300,17 300,18 300,19 300,20 300,21 300,22 300,23 300,24 300,25 300,26 300,27 300,28 300,29 300,30 300,31 300,32 300,33 300,34 300,35 300,36 300,37 300,38 300,39 300,40
south_north_paths 300,41 300,42 300,43 300,44 300,45 300,46 300,47 300,48 300,49 300,50 300,51 300,52 300,53 300,54 300,55 300,56 300,57 300,58 300,59 300,60 300,61 300,62 300,63 300,64 300,65 300,66 300,67 300,68 300,69 300,70 300,71 300,72 300,73 300,74 300,75 300,76 300,77 300,78 300,79 300,80
south_north_paths 300,81 300,82 300,83 300,84 300,85 300,86 300,87 300,88 300,89 300,90 300,91 300,92 300,93 300,94 300,95 300,96 300,97 300,98 300,99 300,100 300,101 300,102 300,103 300,104 300,105 300,106 300,107 300,108 300,109 300,110 300,111 300,112 300,113 300,114 300,115 300,116 300,117 300,118 300,119 300,120
south_north_paths 300,121 300,122 300,123 300,124 300,125 300,126 300,127 300,128 300,129 300,130 300,131 300,132 300,133 300,134 300,135 300,136 300,137 300,138 300,139 300,140 300,141 300,142 300,143 300,144 300,145 300,146 300,147 300,148 300,149 300,150 300,151 300,152 300,153 300,154 300,155 300,156 300,157 300,158 300,159 300,160
south_north_paths 300,161 300,162 300,163 300,164 300,165 300,166 300,167 300,168 300,169 300,170 300,171 300,172 300,173 300,174 300,175 300,176 300,177 300,178 300,179 300,180 300,181 300,182 300,183 300,184 300,185 300,186 300,187 300,188 300,189 300,190 300,191 300,192 300,193 300,194 300,195 300,196 300,197 300,198 300,199 300,200
south_north_paths 300,201 300,202 300,203 300,204 300,205 300,206 300,207 300,208 300,209 300,210 300,211 300,212 300,213 300,214 300,215 300,216 300,217 300,218 300,219 300,220 300,221 300,222 300,223 300,224 300,225 300,226 300,227 300,228 300,229 300,230 300,231 300,232 300,233 300,234 300,235 300,236 300,237 300,238 300,239 300,240
south_north_paths 300,241 300,242 300,243 300,244 300,245 300,246 300,247 300,248 300,249 300,250 300,251 300,252 300,253 300,254 300,255 300,256 300,257 300,258 300,259 300,260 300,261 300,262 300,263 300,264 300,265 300,266 300,267 300,268 300,269 300,270 300,271 300,272 300,273 300,274 300,275 300,276 300,277 300,278 300,279 300,280
south_north_paths 300,281 300,282 300,283 300,284 300,285 300,286 300,287 300,288 300,289 300,290 300,291 300,292 300,293 300,294 300,295 300,296 300,297 300,298 300,299 300,300 300,301 300,302 300,303 300,304 300,305 300,306 300,307 300,308 300,309 300,310 300,311 300,312 300,313 300,314 300,315 300,316 300,317 300,318 300,319 300,320
south_north_paths 300,321 300,322 300,323 300,324 300,325 300,326 300,327 300,328 300,329 300,330 300,331 300,332 300,333 300,334 300,335 300,336 300,337 300,338 300,339 300,340 300,341 300,342 300,343 300,344 300,345 300,346 300,347 300,348 300,349 300,350 300,351 300,352 300,353 300,354 300,355 300,356 300,357 300,358 300,359 300,360
south_north_paths 300,361 300,362 300,363 300,364 300,365 300,366 300,367 300,368 300,369 300,370 300,371 300,372 300,373 300,374 300,375 300,376 300,377 300,378 300,379 300,380 300,381 300,382 300,383 300,384 300,385 300,386 300,387 300,388 300,389 300,390 300,391 300,392 300,393 300,394 300,395 300,396 300,397 300,398 300,399 300,400
south_north_paths 300,401 300,402 300,403 300,404 300,405 300,406 300,407 300,408 300,409 300,410 300,411 300,412 300,413 300,414 300,415 300,416 300,417 300,418 300,419 300,420 300,421 300,422 300,423 300,424 300,425 300,426 300,427 300,428 300,429 300,430 300,431 300,432 300,433 300,434 300,435 300,436 300,437 300,438 300,439 300,440
south_north_paths 300,441 300,442 300,443 300,444 300,445 300,446 300,447 300,448 300,449 300,450 300,451 300,452 300,453 300,454 300,455 300,456 300,457 300,458 300,459 300,460 300,461 300,462 300,463 300,464 300,465 300,466 300,467 300,468 300,469 300,470 300,471 300,472 300,473 300,474 300,475 300,476 300,477 300,478 300,479 300,480
south_north_paths 300,481 300,482 300,483 300,484 300,485 300,486 300,487 300,488 300,489 300,490 300,491 300,492 300,493 300,494 300,495 300,496 300,497 300,498 300,499
south_north_paths 308,30 308,33 308,34 308,35 308,38 308,40 308,42 308,43 308,45 308,47 308,49 308,50 308,54 308,55
south_north_paths 310,54 310,59 310,63 310,64 310,69 310,70 310,72 310,73 310,74 310,75 310,78 310,79 310,80 310,82 310,83 310,84 310,85
south_north_paths 322,80 322,82 322,83 322,84 322,85 322,86 322,91
south_north_paths 334,376 334,377 334,381 334,382 334,383 334,386 334,387 334,388
south_north_paths 340,2 340,8 340,11 340,13 340,17 340,18 340,19 340,20 340,22 340,24 340,25 340,27 340,28 340,29 340,30 340,31 340,33 340,36 340,37 340,38 340,40 340,43 340,46
south_north_paths 344,50 344,51 344,53 344,55 344,57 344,58 344,60 344,62 344,64
south_north_paths 345,453 345,456 345,457 345,459 345,460 345,461 345,462 345,464 345,465 345,466 345,467 345,468 345,469 345,470 345,471 345,479 345,484 345,487 345,488
south_north_paths 350,1 350,2 350,3 350,4 350,5 350,6 350,7 350,8 350,9 350,10 350,11 350,12 350,13 350,14 350,15 350,16 350,17 350,18 350,19 350,20 350,21 350,22 350,23 350,24 350,25 350,26 350,27 350,28 350,29 350,30 350,31 350,32 350,33 350,34 350,35 350,36 350,37 350,38 350,39 350,40
south_north_paths 350,41 350,42 350,43 350,44 350,45 350,46 350,47 350,48 350,49 350,50 350,51 350,52 350,53 350,54 350,55 350,56 350,57 350,58 350,59 350,60 350,61 350,62 350,63 350,64 350,65 350,66 350,67 350,68 350,69 350,70 350,71 350,72 350,73 350,74 350,75 350,76 350,77 350,78 350,79 350,80
south_north_paths 350,81 350,82 350,83 350,84 350,85 350,86 350,87 350,88 350,89 350,90 350,91 350,92 350,93 350,94 350,95 350,96 350,97 350,98 350,99 350,100 350,101 350,102 350,103 350,104 350,105 350,106 350,107 350,108 350,109 350,110 350,111 350,112 350,113 350,114 350,115 350,116 350,117 350,118 350,119 350,120
south_north_paths 350,121 350,122 350,123 350,124 350,125 350,126 350,127 350,128 350,129 350,130 350,131 350,132 350,133 350,134 350,135 350,136 350,137 350,138 350,139 350,140 350,141 350,142 350,143 350,144 350,145 350,146 350,147 350,148 350,149 350,150 350,151 350,152 350,153 350,154 350,155 350,156 350,157 350,158 350,159 350,160
south_north_paths 350,161 350,162 350,163 350,164 350,165 350,166 350,167 350,168 350,169 350,170 350,171 350,172 350,173 350,174 350,175 350,176 350,177 350,178 350,179 350,180 350,181 350,182 350,183 350,184 350,185 350,186 350,187 350,188 350,189 350,190 350,191 350,192 350,193 350,194 350,195 350,196 350,197 350,198 350,199 350,200
south_north_paths 350,201 350,202 350,203 350,204 350,205 350,206 350,207 350,208 350,209 350,210 350,211 350,212 350,213 350,214 350,215 350,216 350,217 350,218 350,219 350,220 350,221 350,222 350,223 350,224 350,225 350,226 350,227 350,228 350,229 350,230 350,231 350,232 350,233 350,234 350,235 350,236 350,237 350,238 350,239 350,240
south_north_paths 350,241 350,242 350,243 350,244 350,245 350,246 350,247 350,248 350,249 350,250 350,251 350,252 350,253 350,254 350,255 350,256 350,257 350,258 350,259 350,260 350,261 350,262 350,263 350,264 350,265 350,266 350,267 350,268 350,269 350,270 350,271 350,272 350,273 350,274 350,275 350,276 350,277 350,278 350,279 350,280
south_north_paths 350,281 350,282 350,283 350,284 350,285 350,286 350,287 350,288 350,289 350,290 350,291 350,292 350,293 350,294 350,295 350,296 350,297 350,298 350,299 350,300 350,301 350,302 350,303 350,304 350,305 350,306 350,307 350,308 350,309 350,310 350,311 350,312 350,313 350,314 350,315 350,316 350,317 350,318 350,319 350,320
south_north_paths 350,321 350,322 350,323 350,324 350,325 350,326 350,327 350,328 350,329 350,330 350,331 350,332 350,333 350,334 350,335 350,336 350,337 350,338 350,339 350,340 350,341 350,342 350,343 350,344 350,345 350,346 350,347 350,348 350,349 350,350 350,351 350,352 350,353 350,354 350,355 350,356 350,357 350,358 350,359 350,360
south_north_paths 350,361 350,362 350,363 350,364 350,365 350,366 350,367 350,368 350,369 350,370 350,371 350,372 350,373 350,374 350,375 350,376 350,377 350,378 350,379 350,380 350,381 350,382 350,383 350,384 350,385 350,386 350,387 350,388 350,389 350,390 350,391 350,392 350,393 350,394 350,395 350,396 350,397 350,398 350,399 350,400
south_north_paths 350,401 350,402 350,403 350,404 350,405 350,406 350,407 350,408 350,409 350,410 350,411 350,412 350,413 350,414 350,415 350,416 350,417 350,418 350,419 350,420 350,421 350,422 350,423 350,424 350,425 350,426 350,427 350,428 350,429 350,430 350,431 350,432 350,433 350,434 350,435 350,436 350,437 350,438 350,439 350,440
south_north_paths 350,441 350,442 350,443 350,444 350,445 350,446 350,447 350,448 350,449 350,450 350,451 350,452 350,453 350,454 350,455 350,456 350,457 350,458 350,459 350,460 350,461 350,462 350,463 350,464 350,465 350,466 350,467 350,468 350,469 350,470 350,471 350,472 350,473 350,474 350,475 350,476 350,477 350,478 350,479 350,480
south_north_paths 350,481 350,482 350,483 350,484 350,485 350,486 350,487 350,488 350,489 350,490 350,491 350,492 350,493 350,494 350,495 350,496 350,497 350,498 350,499
south_north_paths 360,4 360,5 360,7 360,10 360,11 360,12 360,16 360,18 360,22 360,23 360,24 360,26 360,27 360,29 360,33 360,34 360,35 360,37 360,39 360,40 360,41 360,45 360,46 360,48 360,51
south_north_paths 366,2 366,3 366,4 366,5 366,7 366,8 366,13 366,15 366,16 366,18 366,19 366,20 366,22 366,26 366,30 366,33 366,34 366,230 366,235 366,236 366,237 366,238 366,240 366,244 366,245 366,246 366,247 366,249 366,254 366,255 366,256 366,257 366,259 366,260
south_north_paths 374,459 374,460 374,461 374,463 374,464 374,466 374,467 374,468 374,469 374,474 374,476 374,478 374,479 374,480 374,482 374,483 374,487 374,489 374,491 374,492 374,493 374,494 374,499
south_north_paths 389,254 389,257 389,263 389,264 389,265 389,266 389,269 389,272 389,273 389,279 389,280 389,282 389,283 389,285 389,288 389,289 389,290 389,291 389,292 389,295 389,296 389,298 389,299 389,304 389,305 389,306 389,307 389,308 389,310 389,311
south_north_paths 396,272 396,274 396,275 396,277 396,279 396,281 396,282 396,284 396,286 396,288 396,291 396,292 396,293 396,295 396,297 396,299 396,302 396,304 396,306 396,309 396,311 396,312
south_north_paths 400,1 400,2 400,3 400,4 400,5 400,6 400,7 400,8 400,9 400,10 400,11 400,12 400,13 400,14 400,15 400,16 400,17 400,18 400,19 400,20 400,21 400,22 400,23 400,24 400,25 400,26 400,27 400,28 400,29 400,30 400,31 400,32 400,33 400,34 400,35 400,36 400,37 400,38 400,39 400,40
south_north_paths 400,41 400,42 400,43 400,44 400,45 400,46 400,47 400,48 400,49 400,50 400,51 400,52 400,53 400,54 400,55 400,56 400,57 400,58 400,59 400,60 400,61 400,62 400,63 400,64 400,65 400,66 400,67 400,68 400,69 400,70 400,71 400,72 400,73 400,74 400,75 400,76 400,77 400,78 400,79 400,80
south_north_paths 400,81 400,82 400,83 400,84 400,85 400,86 400,87 400,88 400,89 400,90 400,91 400,92 400,93 400,94 400,95 400,96 400,97 400,98 400,99 400,100 400,101 400,102 400,103 400,104 400,105 400,106 400,107 400,108 400,109 400,110 400,111 400,112 400,113 400,114 400,115 400,116 400,117 400,118 400,119 400,120
south_north_paths 400,121 400,122 400,123 400,124 400,125 400,126 400,127 400,128 400,129 400,130 400,131 400,132 400,133 400,134 400,135 400,136 400,137 400,138 400,139 400,140 400,141 400,142 400,143 400,144 400,145 400,146 400,147 400,148 400,149 400,150 400,151 400,152 400,153 400,154 400,155 400,156 400,157 400,158 400,159 400,160
south_north_paths 400,161 400,162 400,163 400,164 400,165 400,166 400,167 400,168 400,169 400,170 400,171 400,172 400,173 400,174 400,175 400,176 400,177 400,178 400,179 400,180 400,181 400,182 400,183 400,184 400,185 400,186 400,187 400,188 400,189 400,190 400,191 400,192 400,193 400,194 400,195 400,196 400,197 400,198 400,199 400,200
south_north_paths 400,201 400,202 400,203 400,204 400,205 400,206 400,207 400,208 400,209 400,210 400,211 400,212 400,213 400,214 400,215 400,216 400,217 400,218 400,219 400,220 400,221 400,222 400,223 400,224 400,225 400,226 400,227 400,228 400,229 400,230 400,231 400,232 400,233 400,234 400,235 400,236 400,237 400,238 400,239 400,240
south_north_paths 400,241 400,242 400,243 400,244 400,245 400,246 400,247 400,248 400,249 400,250 400,251 400,252 400,253 400,254 400,255 400,256 400,257 400,258 400,259 400,260 400,261 400,262 400,263 400,264 400,265 400,266 400,267 400,268 400,269 400,270 400,271 400,272 400,273 400,274 400,275 400,276 400,277 400,278 400,279 400,280
south_north_paths 400,281 400,282 400,283 400,284 400,285 400,286 400,287 400,288 400,289 400,290 400,291 400,292 400,293 400,294 400,295 400,296 400,297 400,298 400,299 400,300 400,301 400,302 400,303 400,304 400,305 400,306 400,307 400,308 400,309 400,310 400,311 400,312 400,313 400,314 400,315 400,316 400,317 400,318 400,319 400,320
south_north_paths 400,321 400,322 400,323 400,324 400,325 400,326 400,327 400,328 400,329 400,330 400,331 400,332 400,333 400,334 400,335 400,336 400,337 400,338 400,339 400,340 400,341 400,342 400,343 400,344 400,345 400,346 400,347 400,348 400,349 400,350 400,351 400,352 400,353 400,354 400,355 400,356 400,357 400,358 400,359 400,360
south_north_paths 400,361 400,362 400,363 400,364 400,365 400,366 400,367 400,368 400,369 400,370 400,371 400,372 400,373 400,374 400,375 400,376 400,377 400,378 400,379 400,380 400,381 400,382 400,383 400,384 400,385 400,386 400,387 400,388 400,389 400,390 400,391 400,392 400,393 400,394 400,395 400,396 400,397 400,398 400,399 400,400
south_north_paths 400,401 400,402 400,403 400,404 400,405 400,406 400,407 400,408 400,409 400,410 400,411 400,412 400,413 400,414 400,415 400,416 400,417 400,418 400,419 400,420 400,421 400,422 400,423 400,424 400,425 400,426 400,427 400,428 400,429 400,430 400,431 400,432 400,433 400,434 400,435 400,436 400,437 400,438 400,439 400,440
south_north_paths 400,441 400,442 400,443 400,444 400,445 400,446 400,447 400,448 400,449 400,450 400,451 400,452 400,453 400,454 400,455 400,456 400,457 400,458 400,459 400,460 400,461 400,462 400,463 400,464 400,465 400,466 400,467 400,468 400,469 400,470 400,471 400,472 400,473 400,474 400,475 400,476 400,477 400,478 400,479 400,480
south_north_paths 400,481 400,482 400,483 400,484 400,485 400,486 400,487 400,488 400,489 400,490 400,491 400,492 400,493 400,494 400,495 400,496 400,497 400,498 400,499
south_north_paths 410,399 410,403 410,404 410,408 410,409 410,410 410,411 410,412 410,413 410,414 410,415 410,417 410,419 410,420 410,422 410,423 410,425 410,428 410,430 410,439 410,440 410,441 410,444 410,445 410,446
south_north_paths 419,121 419,125 419,127 419,128 419,130 419,131 419,134 419,136 419,137 419,138 419,140
south_north_paths 420,78 420,79 420,80 420,83 420,84 420,85 420,86 420,87 420,88 420,91 420,94 420,95 420,96 420,97 420,98 420,103 420,104 420,106 420,107 420,114 420,115 420,119 420,120 420,121
south_north_paths 422,93 422,95 422,96 422,98 422,100 422,102 422,103 422,105 422,106 422,112 422,113 422,114 422,115 422,119 422,120 422,121 422,122 422,123 422,126 422,129 422,131 422,133 422,136
south_north_paths 426,174 426,175 426,176 426,179 426,181 426,183 426,186 426,188 426,192 426,193 426,196 426,197 426,198 426,201 426,202 426,203 426,205 426,207 426,208 426,210 426,212 426,214 426,215
south_north_paths 450,1 450,2 450,3 450,4 450,5 450,6 450,7 450,8 450,9 450,10 450,11 450,12 450,13 450,14 450,15 450,16 450,17 450,18 450,19 450,20 450,21 450,22 450,23 450,24 450,25 450,26 450,27 450,28 450,29 450,30 450,31 450,32 450,33 450,34 450,35 450,36 450,37 450,38 450,39 450,40
south_north_paths 450,41 450,42 450,43 450,44 450,45 450,46 450,47 450,48 450,49 450,50 450,51 450,52 450,53 450,54 450,55 450,56 450,57 450,58 450,59 450,60 450,61 450,62 450,63 450,64 450,65 450,66 450,67 450,68 450,69 450,70 450,71 450,72 450,73 450,74 450,75 450,76 450,77 450,78 450,79 450,80
south_north_paths 450,81 450,82 450,83 450,84 450,85 450,86 450,87 450,88 450,89 450,90 450,91 450,92 450,93 450,94 450,95 450,96 450,97 450,98 450,99 450,100 450,101 450,102 450,103 450,104 450,105 450,106 450,107 450,108 450,109 450,110 450,111 450,112 450,113 450,114 450,115 450,116 450,117 450,118 450,119 450,120
south_north_paths 450,121 450,122 450,123 450,124 450,125 450,126 450,127 450,128 450,129 450,130 450,131 450,132 450,133 450,134 450,135 450,136 450,137 450,138 450,139 450,140 450,141 450,142 450,143 450,144 450,145 450,146 450,147 450,148 450,149 450,150 450,151 450,152 450,153 450,154 450,155 450,156 450,157 450,158 450,159 450,160
south_north_paths 450,161 450,162 450,163 450,164 450,165 450,166 450,167 450,168 450,169 450,170 450,171 450,172 450,173 450,174 450,175 450,176 450,177 450,178 450,179 450,180 450,181 450,182 450,183 450,184 450,185 450,186 450,187 450,188 450,189 450,190 450,191 450,192 450,193 450,194 450,195 450,196 450,197 450,198 450,199 450,200
south_north_paths 450,201 450,202 450,203 450,204 450,205 450,206 450,207 450,208 450,209 450,210 450,211 450,212 450,213 450,214 450,215 450,216 450,217 450,218 450,219 450,220 450,221 450,222 450,223 450,224 450,225 450,226 450,227 450,228 450,229 450,230 450,231 450,232 450,233 450,234 450,235 450,236 450,237 450,238 450,239 450,240
south_north_paths 450,241 450,242 450,243 450,244 450,245 450,246 450,247 450,248 450,249 450,250 450,251 450,252 450,253 450,254 450,255 450,256 450,257 450,258 450,259 450,260 450,261 450,262 450,263 450,264 450,265 450,266 450,267 450,268 450,269 450,270 450,271 450,272 450,273 450,274 450,275 450,276 450,277 450,278 450,279 450,280
south_north_paths 450,281 450,282 450,283 450,284 450,285 450,286 450,287 450,288 450,289 450,290 450,291 450,292 450,293 450,294 450,295 450,296 450,297 450,298 450,299 450,300 450,301 450,302 450,303 450,304 450,305 450,306 450,307 450,308 450,309 450,310 450,311 450,312 450,313 450,314 450,315 450,316 450,317 450,318 450,319 450,320
south_north_paths 450,321 450,322 450,323 450,324 450,325 450,326 450,327 450,328 450,329 450,330 450,331 450,332 450,333 450,334 450,335 450,336 450,337 450,338 450,339 450,340 450,341 450,342 450,343 450,344 450,345 450,346 450,347 450,348 450,349 450,350 450,351 450,352 450,353 450,354 450,355 450,356 450,357 450,358 450,359 450,360
south_north_paths 450,361 450,362 450,363 450,364 450,365 450,366 450,367 450,368 450,369 450,370 450,371 450,372 450,373 450,374 450,375 450,376 450,377 450,378 450,379 450,380 450,381 450,382 450,383 450,384 450,385 450,386 450,387 450,388 450,389 450,390 450,391 450,392 450,393 450,394 450,395 450,396 450,397 450,398 450,399 450,400
south_north_paths 450,401 450,402 450,403 450,404 450,405 450,406 450,407 450,408 450,409 450,410 450,411 450,412 450,413 450,414 450,415 450,416 450,417 450,418 450,419 450,420 450,421 450,422 450,423 450,424 450,425 450,426 450,427 450,428 450,429 450,430 450,431 450,432 450,433 450,434 450,435 450,436 450,437 450,438 450,439 450,440
south_north_paths 450,441 450,442 450,443 450,444 450,445 450,446 450,447 450,448 450,449 450,450 450,451 450,452 450,453 450,454 450,455 450,456 450,457 450,458 450,459 450,460 450,461 450,462 450,463 450,464 450,465 450,466 450,467 450,468 450,469 450,470 450,471 450,472 450,473 450,474 450,475 450,476 450,477 450,478 450,479 450,480
south_north_paths 450,481 450,482 450,483 450,484 450,485 450,486 450,487 450,488 450,489 450,490 450,491 450,492 450,493 450,494 450,495 450,496 450,497 450,498 450,499
south_north_paths 485,71 485,73 485,74 485,76 485,77 485,79 485,80 485,81 485,84 485,85 485,87 485,88 485,92 485,93 485,94 485,95 485,99 485,100 485,101 485,104 485,107 485,108 485,112 485,115 485,118 485,120
south_north_paths 486,378 486,379 486,381 486,382 486,383 486,386
south_north_paths 
south_north_paths 
south_north_paths 
south_north_paths 
south_north_paths 
south_north_paths 
south_north_paths 
south_north_paths 
south_north_paths 
south_north_paths 
south_north_paths 
south_north_paths 
south_north_paths 

high_grounds 146,131 303,466 378,367 64,355 467,273 117,190 387,78 176,343 191,142 493,75 73,194 272,403 243,216 253,496 281,308 153,186 382,259 419,339 219,410 333,95 39,359 327,12 434,120 85,16 258,237 155,315 82,446 135,96 410,90 425,468 473,143 398,327 402,97 482,413 22,254 134,322 202,253 363,433 285,196 206,323 57,448

goldmines 50 344,99
goldmines 50 424,452
goldmines 50 286,440
goldmines 50 372,51
goldmines 50 387,480
goldmines 50 183,131
goldmines 50 20,158
goldmines 50 439,466
goldmines 50 161,259
goldmines 50 470,20
goldmines 50 460,389
goldmines 50 315,203
goldmines 50 154,85
goldmines 50 118,483
goldmines 50 493,457
goldmines 50 462,419
goldmines 50 273,239
goldmines 50 286,40
goldmines 50 230,407
goldmines 50 227,431
goldmines 50 410,108
goldmines 50 298,157
goldmines 50 486,175
goldmines 50 338,313
goldmines 50 418,59
goldmines 50 155,469
goldmines 50 288,376
goldmines 50 8,164
goldmines 50 389,308
goldmines 50 443,241
goldmines 50 293,407
goldmines 50 449,23
goldmines 50 272,448
goldmines 50 473,451
goldmines 50 206,173
goldmines 50 335,134
goldmines 50 395,173
goldmines 50 471,17
goldmines 50 166,160
goldmines 50 215,475
goldmines 50 8,440
goldmines 50 304,457
goldmines 50 211,81
goldmines 50 346,161
goldmines 50 449,448
goldmines 50 193,319
goldmines 50 279,54
goldmines 50 226,155
goldmines 50 318,294
goldmines 50 24,281
goldmines 50 245,267
goldmines 50 251,165
goldmines 50 378,278
goldmines 50 325,412
goldmines 50 104,333
goldmines 50 374,270
goldmines 50 298,404
goldmines 50 352,58
goldmines 50 208,151
goldmines 50 208,87
goldmines 50 411,55
goldmines 50 62,102
goldmines 50 498,98
goldmines 50 121,451
goldmines 50 228,497
goldmines 50 299,310
goldmines 50 471,247
goldmines 50 298,87
goldmines 50 428,246
goldmines 50 219,469
goldmines 50 229,186
goldmines 50 192,396
goldmines 50 95,77
goldmines 50 247,47
goldmines 50 211,408
goldmines 50 231,115
goldmines 50 159,191
goldmines 50 455,477
goldmines 50 384,340
goldmines 50 398,170
goldmines 50 441,124
goldmines 50 101,395
goldmines 50 42,163
goldmines 50 262,254
goldmines 50 235,283
goldmines 50 17,6
goldmines 50 116,131
goldmines 50 77,259
goldmines 50 34,166
goldmines 50 20,185
goldmines 50 59,199
goldmines 50 373,466
goldmines 50 478,440
goldmines 50 473,417
goldmines 50 325,363
goldmines 50 190,442
goldmines 50 430,74
goldmines 50 371,10
goldmines 50 429,485
goldmines 50 338,463
goldmines 50 124,196
goldmines 50 416,451
goldmines 50 332,78
goldmines 50 191,191
goldmines 50 384,125
goldmines 50 423,7
goldmines 50 127,307
goldmines 50 95,496
goldmines 50 90,380
goldmines 50 499,225
goldmines 50 152,369
goldmines 50 83,369
goldmines 50 352,341
goldmines 50 59,285
goldmines 50 15,374
goldmines 50 299,112
goldmines 50 39,394
goldmines 50 224,165
goldmines 50 374,83
goldmines 50 437,417
goldmines 50 454,332
goldmines 50 293,278
goldmines 50 378,40
goldmines 50 245,333
goldmines 50 173,44
goldmines 50 381,246
goldmines 50 4,498
goldmines 50 276,363
goldmines 50 271,21
goldmines 50 335,258
goldmines 50 461,133
goldmines 50 333,130
goldmines 50 233,251
goldmines 50 365,321
goldmines 50 48,469
goldmines 50 120,160
goldmines 50 108,372
goldmines 50 448,232
goldmines 50 27,216
goldmines 50 146,468
goldmines 50 412,192
goldmines 50 271,475
goldmines 50 170,362
goldmines 50 439,123
goldmines 50 317,216
goldmines 50 228,156
goldmines 50 325,2
goldmines 50 91,309
goldmines 50 235,386
goldmines 50 338,181
goldmines 50 332,192
goldmines 50 397,110
goldmines 50 65,178
goldmines 50 208,93
goldmines 50 123,298
goldmines 50 379,145
goldmines 50 37,52
goldmines 50 16,236
goldmines 50 97,269
goldmines 50 441,270
goldmines 50 220,290
goldmines 50 460,230
goldmines 50 63,132
goldmines 50 79,380
goldmines 50 491,210
goldmines 50 461,383
goldmines 50 294,317
goldmines 50 127,417
goldmines 50 329,24
goldmines 50 132,215
goldmines 50 189,148
goldmines 50 165,423
goldmines 50 430,20
goldmines 50 423,379
goldmines 50 158,194
goldmines 50 386,312
goldmines 50 310,46
goldmines 50 213,144
goldmines 50 132,391
goldmines 50 70,391
goldmines 50 153,456
goldmines 50 187,48
goldmines 50 458,2
goldmines 50 195,359
goldmines 50 110,343
goldmines 50 432,284
goldmines 50 331,415
goldmines 50 264,342
goldmines 50 102,102
goldmines 50 325,330
goldmines 50 220,421
goldmines 50 208,416
goldmines 50 224,430
goldmines 50 331,482
goldmines 50 422,336
goldmines 50 162,357
goldmines 50 70,137
goldmines 50 309,401
goldmines 50 485,352
goldmines 50 368,455
goldmines 50 139,112
goldmines 50 491,310
goldmines 50 219,133
goldmines 50 141,388
goldmines 50 135,203
goldmines 50 392,390
goldmines 50 296,342
goldmines 50 271,327
goldmines 50 432,495
goldmines 50 6,238
goldmines 50 387,377
goldmines 50 454,312
goldmines 50 242,209
goldmines 50 209,224
goldmines 50 117,490
goldmines 50 80,22
goldmines 50 178,463
goldmines 50 457,65
goldmines 50 119,266
goldmines 50 105,438
goldmines 50 464,120
goldmines 50 354,38
goldmines 50 138,463
goldmines 50 81,104
goldmines 50 5,111
goldmines 50 49,75
goldmines 50 114,46
goldmines 50 299,133
goldmines 50 478,151
goldmines 50 214,265
goldmines 50 89,308
goldmines 50 136,439
goldmines 50 366,231
goldmines 50 178,94
goldmines 50 168,304
goldmines 50 466,213
goldmines 50 208,442
goldmines 50 20,12
goldmines 50 377,424
goldmines 50 183,121
goldmines 50 102,214
goldmines 50 431,173
goldmines 50 268,119
goldmines 50 497,72
goldmines 50 261,366
goldmines 50 414,388
goldmines 50 318,144
goldmines 50 135,73
goldmines 50 411,327
goldmines 50 136,436
goldmines 50 102,164
goldmines 50 497,306
goldmines 50 412,28
goldmines 50 343,338
goldmines 50 232,398
goldmines 50 179,29
goldmines 50 40,285
goldmines 50 401,390
goldmines 50 312,297
goldmines 50 412,172
goldmines 50 240,228
goldmines 50 427,234
goldmines 50 348,65
goldmines 50 266,283
goldmines 50 275,239
goldmines 50 39,111
goldmines 50 92,130
goldmines 50 265,233
goldmines 50 401,275
goldmines 50 380,461
goldmines 50 421,496
goldmines 50 406,451
goldmines 50 293,427
goldmines 50 484,237
goldmines 50 417,295
goldmines 50 496,201
goldmines 50 309,61
goldmines 50 117,217
goldmines 50 31,451
goldmines 50 433,378
goldmines 50 74,273
goldmines 50 331,379
goldmines 50 227,276
goldmines 50 212,72
goldmines 50 316,326
goldmines 50 282,208
goldmines 50 392,496
goldmines 50 52,280
goldmines 50 111,87
goldmines 50 111,199
goldmines 50 162,253
goldmines 50 467,194
goldmines 50 438,39
goldmines 50 34,18
goldmines 50 113,335
goldmines 50 55,432
goldmines 50 88,388
goldmines 50 80,411
goldmines 50 490,494
goldmines 50 44,488
goldmines 50 455,71
goldmines 50 254,225
goldmines 50 188,57
goldmines 50 386,173
goldmines 50 416,261
goldmines 50 178,459
goldmines 50 54,449
goldmines 50 436,422
goldmines 50 285,92
goldmines 50 335,179
goldmines 50 111,238
goldmines 50 145,437
goldmines 50 395,289
goldmines 50 390,195
goldmines 50 153,473
goldmines 50 57,266
goldmines 50 344,209
goldmines 50 9,435
goldmines 50 493,189
goldmines 50 266,97
goldmines 50 17,15
goldmines 50 217,274
goldmines 50 206,73
goldmines 50 295,29
goldmines 50 495,340
goldmines 50 259,336
goldmines 50 294,357
goldmines 50 432,87
goldmines 50 422,479
goldmines 50 12,2
goldmines 50 286,113
goldmines 50 460,140
goldmines 50 209,110
goldmines 50 185,492
goldmines 50 4,141
goldmines 50 83,292
goldmines 50 79,130
goldmines 50 384,20
goldmines 50 446,20
goldmines 50 466,429
goldmines 50 434,391
goldmines 50 385,322
goldmines 50 105,464
goldmines 50 339,355
goldmines 50 452,303
goldmines 50 25,436
goldmines 50 323,495
goldmines 50 131,295
goldmines 50 353,116
goldmines 50 196,73
goldmines 50 488,117
goldmines 50 85,434
goldmines 50 409,328
goldmines 50 211,368
goldmines 50 213,265
goldmines 50 52,472
goldmines 50 256,95
goldmines 50 429,470
goldmines 50 28,194
goldmines 50 17,349
goldmines 50 98,296
goldmines 50 339,8
goldmines 50 327,467
goldmines 50 406,149
goldmines 50 286,16
goldmines 50 146,469
goldmines 50 274,234
goldmines 50 180,492
goldmines 50 278,265
goldmines 50 324,207
goldmines 50 126,242
goldmines 50 191,131
goldmines 50 499,397
goldmines 50 427,258
goldmines 50 348,321
goldmines 50 278,391
goldmines 50 357,206
goldmines 50 315,186
goldmines 50 323,87
goldmines 50 323,313
goldmines 50 281,22
goldmines 50 327,331
goldmines 50 41,190
goldmines 50 239,126
goldmines 50 243,195
goldmines 50 310,339
goldmines 50 339,455
goldmines 50 432,358
goldmines 50 361,70
goldmines 50 258,355
goldmines 50 348,468
goldmines 50 19,134
goldmines 50 14,102
goldmines 50 489,79
goldmines 50 222,101
goldmines 50 237,193
goldmines 50 444,205
goldmines 50 360,370
goldmines 50 402,39
goldmines 50 262,375
goldmines 50 484,88
goldmines 50 218,465
goldmines 50 138,93
goldmines 50 27,285
goldmines 50 334,92
goldmines 50 226,287
goldmines 50 226,479
goldmines 50 329,411
goldmines 50 244,46
goldmines 50 312,51
goldmines 50 374,121
goldmines 50 334,76
goldmines 50 283,208
goldmines 50 123,463
goldmines 50 10,233
goldmines 50 124,11
goldmines 50 142,376
goldmines 50 366,90
goldmines 50 142,491
goldmines 50 8,438
goldmines 50 478,197
goldmines 50 347,324
goldmines 50 49,197
goldmines 50 67,456
goldmines 50 15,104
goldmines 50 404,141
goldmines 50 163,373
goldmines 50 110,184
goldmines 50 26,216
goldmines 50 370,271
goldmines 50 40,362
goldmines 50 251,237
goldmines 50 337,481
goldmines 50 36,262
goldmines 50 5,254
goldmines 50 62,417
goldmines 50 385,363
goldmines 50 57,95
goldmines 50 259,419
goldmines 50 263,367
goldmines 50 116,232
goldmines 50 264,407
goldmines 50 251,109
goldmines 50 149,335
goldmines 50 59,366
goldmines 50 89,56
goldmines 50 494,393
goldmines 50 222,267
goldmines 50 310,318
goldmines 50 473,346
goldmines 50 64,247
goldmines 50 411,390
goldmines 50 483,459
goldmines 50 266,261
goldmines 50 232,15
goldmines 50 109,219
goldmines 50 288,142
goldmines 50 476,140
goldmines 50 113,173
goldmines 50 20,265
goldmines 50 457,244
goldmines 50 427,8
goldmines 50 356,309
goldmines 50 234,239
goldmines 50 11,180
goldmines 50 117,493
goldmines 50 463,473
goldmines 50 230,496
goldmines 50 182,477
goldmines 50 453,141
goldmines 50 61,381
goldmines 50 187,399
goldmines 50 134,33
goldmines 50 358,29
goldmines 50 96,482
goldmines 50 133,114
goldmines 50 476,181
goldmines 50 375,263
goldmines 50 240,52
goldmines 50 151,336
goldmines 50 76,87
goldmines 50 181,444
goldmines 50 443,4
goldmines 50 40,374
goldmines 50 422,282
goldmines 50 107,39
goldmines 50 15,269
goldmines 50 467,433
goldmines 50 398,82
goldmines 50 430,388
goldmines 50 493,31
goldmines 50 370,280
goldmines 50 457,103
goldmines 50 262,106
goldmines 50 231,230
goldmines 50 13,97
goldmines 50 326,419
goldmines 50 286,58
goldmines 50 35,87
goldmines 50 216,341
goldmines 50 456,69
goldmines 50 428,252
goldmines 50 79,2
goldmines 50 6,389
goldmines 50 408,228
goldmines 50 212,448
goldmines 50 45,18
goldmines 50 208,185
goldmines 50 482,30
goldmines 50 54,405
goldmines 50 165,429
goldmines 50 341,376
goldmines 50 25,311
goldmines 50 182,460
goldmines 50 409,444
goldmines 50 439,131
goldmines 50 261,86
goldmines 50 349,391
goldmines 50 91,275
goldmines 50 179,202
goldmines 50 73,238
goldmines 50 357,417
goldmines 50 299,29
goldmines 50 301,275
goldmines 50 242,139
goldmines 50 312,136
goldmines 50 279,210
goldmines 50 427,149
goldmines 50 35,236
goldmines 50 92,189
goldmines 50 204,471
goldmines 50 54,87
goldmines 50 78,490
goldmines 50 466,405
goldmines 50 470,109
goldmines 50 93,60
goldmines 50 264,255
goldmines 50 459,286
goldmines 50 499,9
goldmines 50 124,2
goldmines 50 84,115
goldmines 50 432,204
goldmines 50 46,143
goldmines 50 173,403
goldmines 50 72,408
goldmines 50 11,203
goldmines 50 278,319
goldmines 50 432,205
goldmines 50 401,101
goldmines 50 489,187
goldmines 50 403,60
goldmines 50 317,124
goldmines 50 441,423
goldmines 50 487,491
goldmines 50 382,286
goldmines 50 467,175
goldmines 50 397,462
goldmines 50 87,361
goldmines 50 46,98
goldmines 50 211,389
goldmines 50 235,122
goldmines 50 440,388
goldmines 50 98,186
goldmines 50 187,305
goldmines 50 209,258
goldmines 50 379,43
goldmines 50 303,259
goldmines 50 376,13
goldmines 50 389,356
goldmines 50 124,484
goldmines 50 453,241
goldmines 50 304,170
goldmines 50 434,339
goldmines 50 294,124
goldmines 50 297,344
goldmines 50 157,72
goldmines 50 16,219
goldmines 50 283,28
goldmines 50 126,384
goldmines 50 487,312
goldmines 50 127,284
goldmines 50 20,139
goldmines 50 124,176
goldmines 50 474,95
goldmines 50 451,480
goldmines 50 56,495
goldmines 50 132,184
goldmines 50 9,295
goldmines 50 439,231
goldmines 50 309,20
goldmines 50 372,286
goldmines 50 470,224
goldmines 50 251,170
goldmines 50 111,368
goldmines 50 219,490
goldmines 50 419,36
goldmines 50 181,46
goldmines 50 425,409
goldmines 50 91,336
goldmines 50 198,90
goldmines 50 269,32
goldmines 50 213,130
goldmines 50 422,367
goldmines 50 361,169
goldmines 50 244,61
goldmines 50 395,174
goldmines 50 184,391
goldmines 50 265,396
goldmines 50 276,91
goldmines 50 283,195
goldmines 50 404,313
goldmines 50 415,255
goldmines 50 140,317
goldmines 50 99,279
goldmines 50 372,438
goldmines 50 404,32
goldmines 50 479,435
goldmines 50 212,382
goldmines 50 260,134
goldmines 50 246,301
goldmines 50 276,465
goldmines 50 55,19
goldmines 50 381,412
goldmines 50 268,230
goldmines 50 276,319
goldmines 50 19,204
goldmines 50 170,204
goldmines 50 136,282
goldmines 50 393,82
goldmines 50 116,124
goldmines 50 107,481
goldmines 50 143,361
goldmines 50 399,137
goldmines 50 284,167
goldmines 50 383,266
goldmines 50 110,442
goldmines 50 290,298
goldmines 50 288,228
goldmines 50 16,396
goldmines 50 425,329
goldmines 50 13,385
goldmines 50 316,295
goldmines 50 111,389
goldmines 50 351,418
goldmines 50 92,302
goldmines 50 475,258
goldmines 50 160,215
goldmines 50 40,81
goldmines 50 276,413
goldmines 50 494,47
goldmines 50 2,455
goldmines 50 338,388
goldmines 50 376,121
goldmines 50 224,66
goldmines 50 267,301
goldmines 50 142,236
goldmines 50 48,386
goldmines 50 158,342
goldmines 50 139,470
goldmines 50 93,302
goldmines 50 57,456
goldmines 50 386,348
goldmines 50 235,290
goldmines 50 53,476
goldmines 50 239,420
goldmines 50 15,262
goldmines 50 9,130
goldmines 50 151,83
goldmines 50 32,463
goldmines 50 80,174
goldmines 50 487,406
goldmines 50 62,35
goldmines 50 360,179
goldmines 50 47,52
goldmines 50 120,31
goldmines 50 87,205
goldmines 50 301,13
goldmines 50 234,134
goldmines 50 375,471
goldmines 50 282,16
goldmines 50 151,452
goldmines 50 105,109
goldmines 50 322,237
goldmines 50 126,391
goldmines 50 325,389
goldmines 50 403,151
goldmines 50 283,161
goldmines 50 460,27
goldmines 50 385,38
goldmines 50 144,279
goldmines 50 212,498
goldmines 50 175,440
goldmines 50 168,288
goldmines 50 283,292
goldmines 50 25,434
goldmines 50 407,395
goldmines 50 205,316
goldmines 50 439,338
goldmines 50 215,40
goldmines 50 147,184
goldmines 50 370,230
goldmines 50 212,94
goldmines 50 23,481
goldmines 50 165,431
goldmines 50 197,480
goldmines 50 26,310
goldmines 50 71,198
goldmines 50 203,71
goldmines 50 8,270
goldmines 50 480,26
goldmines 50 294,486
goldmines 50 441,143
goldmines 50 346,235
goldmines 50 7,238
goldmines 50 117,283
goldmines 50 206,19
goldmines 50 490,487
goldmines 50 317,49
goldmines 50 282,227
goldmines 50 385,472
goldmines 50 249,135
goldmines 50 439,351
goldmines 50 488,244
goldmines 50 352,170
goldmines 50 98,460
goldmines 50 303,359
goldmines 50 186,409
goldmines 50 369,21
goldmines 50 255,283
goldmines 50 55,66
goldmines 50 227,268
goldmines 50 410,401
goldmines 50 327,158
goldmines 50 329,310
goldmines 50 322,78
goldmines 50 288,327
goldmines 50 124,388
goldmines 50 90,454
goldmines 50 311,244
goldmines 50 166,105
goldmines 50 81,218
goldmines 50 222,317
goldmines 50 326,73
goldmines 50 262,321
goldmines 50 353,153
goldmines 50 115,225
goldmines 50 465,383
goldmines 50 184,145
goldmines 50 22,175
goldmines 50 477,222
goldmines 50 427,293
goldmines 50 365,199
goldmines 50 463,384
goldmines 50 487,87
goldmines 50 145,155
goldmines 50 159,221
goldmines 50 417,232
goldmines 50 382,28
goldmines 50 373,127
goldmines 50 74,251
goldmines 50 6,429
goldmines 50 128,464
goldmines 50 236,66
goldmines 50 2,139
goldmines 50 480,252
goldmines 50 157,439
goldmines 50 363,193
goldmines 50 244,101
goldmines 50 73,378
goldmines 50 51,37
goldmines 50 219,177
goldmines 50 78,289
goldmines 50 198,398
goldmines 50 360,10
goldmines 50 285,467
goldmines 50 447,161
goldmines 50 491,37
goldmines 50 249,46
goldmines 50 336,5
goldmines 50 275,34
goldmines 50 445,16
goldmines 50 11,404
goldmines 50 307,496
goldmines 50 454,195
goldmines 50 147,177
goldmines 50 326,293
goldmines 50 408,456
goldmines 50 110,159
goldmines 50 408,16
goldmines 50 116,282
goldmines 50 335,196
goldmines 50 488,435
goldmines 50 218,492
goldmines 50 279,58
goldmines 50 268,309
goldmines 50 178,303
goldmines 50 85,441
goldmines 50 372,346
goldmines 50 381,27

woods 50 437,12
woods 50 148,407
woods 50 95,375
woods 50 287,184
woods 50 343,269
woods 50 148,66
woods 50 322,242
woods 50 154,237
woods 50 249,381
woods 50 81,360
woods 50 289,113
woods 50 241,432
woods 50 441,78
woods 50 244,63
woods 50 318,439
woods 50 423,476
woods 50 255,225
woods 50 269,435
woods 50 158,157
woods 50 92,452
woods 50 138,380
woods 50 174,226
woods 50 230,2
woods 50 254,298
woods 50 411,63
woods 50 160,329
woods 50 173,412
woods 50 19,230
woods 50 15,458
woods 50 399,244
woods 50 253,76
woods 50 24,458
woods 50 264,462
woods 50 4,85
woods 50 54,419
woods 50 341,414
woods 50 99,12
woods 50 171,123
woods 50 249,88
woods 50 49,420
woods 50 205,75
woods 50 8,336
woods 50 444,59
woods 50 409,89
woods 50 349,466
woods 50 113,406
woods 50 475,151
woods 50 88,37
woods 50 64,265
woods 50 353,269
woods 50 449,13
woods 50 259,346
woods 50 151,157
woods 50 38,85
woods 50 202,188
woods 50 407,27
woods 50 349,91
woods 50 212,342
woods 50 283,149
woods 50 110,169
woods 50 392,249
woods 50 77,236
woods 50 422,122
woods 50 410,402
woods 50 471,364
woods 50 172,89
woods 50 143,274
woods 50 355,321
woods 50 263,395
woods 50 363,498
woods 50 271,47
woods 50 357,264
woods 50 335,372
woods 50 444,321
woods 50 308,61
woods 50 479,27
woods 50 46,312
woods 50 289,275
woods 50 61,365
woods 50 327,127
woods 50 318,363
woods 50 375,314
woods 50 173,402
woods 50 206,192
woods 50 370,226
woods 50 208,149
woods 50 466,320
woods 50 105,84
woods 50 303,222
woods 50 104,389
woods 50 478,280
woods 50 234,25
woods 50 339,108
woods 50 440,9
woods 50 5,193
woods 50 24,97
woods 50 312,46
woods 50 243,381
woods 50 162,445
woods 50 392,317
woods 50 49,204
woods 50 406,308
woods 50 467,336
woods 50 74,287
woods 50 451,98
woods 50 238,71
woods 50 216,135
woods 50 384,306
woods 50 329,126
woods 50 2,486
woods 50 203,238
woods 50 324,9
woods 50 71,196
woods 50 285,446
woods 50 85,17
woods 50 56,384
woods 50 363,204
woods 50 87,222
woods 50 431,441
woods 50 216,374
woods 50 191,63
woods 50 184,82
woods 50 291,122
woods 50 485,99
woods 50 410,244
woods 50 104,366
woods 50 442,32
woods 50 129,345
woods 50 63,42
woods 50 126,328
woods 50 427,4
woods 50 168,423
woods 50 104,227
woods 50 107,107
woods 50 111,42
woods 50 131,232
woods 50 93,146
woods 50 342,144
woods 50 364,336
woods 50 95,208
woods 50 236,202
woods 50 463,109
woods 50 413,170
woods 50 120,289
woods 50 157,254
woods 50 119,55
woods 50 416,248
woods 50 427,368
woods 50 455,159
woods 50 66,71
woods 50 403,181
woods 50 311,231
woods 50 2,195
woods 50 499,153
woods 50 70,393
woods 50 86,133
woods 50 226,394
woods 50 176,218
woods 50 98,338
woods 50 327,204
woods 50 41,410
woods 50 235,246
woods 50 170,130
woods 50 430,89
woods 50 157,278
woods 50 116,241
woods 50 416,251
woods 50 257,449
woods 50 76,103
woods 50 61,472
woods 50 469,235
woods 50 481,213
woods 50 303,211
woods 50 487,296
woods 50 168,176
woods 50 182,215
woods 50 404,111
woods 50 9,407
woods 50 206,404
woods 50 102,122
woods 50 319,263
woods 50 109,78
woods 50 199,461
woods 50 352,15
woods 50 404,393
woods 50 356,87
woods 50 466,324
woods 50 99,174
woods 50 186,277
woods 50 470,292
woods 50 477,170
woods 50 369,346
woods 50 383,305
woods 50 409,131
woods 50 208,313
woods 50 59,206
woods 50 454,457
woods 50 261,410
woods 50 490,82
woods 50 176,127
woods 50 340,285
woods 50 392,78
woods 50 98,454
woods 50 65,430
woods 50 67,390
woods 50 141,131
woods 50 419,398
woods 50 412,498
woods 50 311,329
woods 50 497,37
woods 50 205,212
woods 50 181,181
woods 50 435,498
woods 50 170,484
woods 50 265,127
woods 50 259,476
woods 50 187,459
woods 50 193,119
woods 50 411,172
woods 50 321,487
woods 50 278,292
woods 50 452,419
woods 50 95,254
woods 50 88,286
woods 50 144,143
woods 50 247,19
woods 50 136,446
woods 50 117,339
woods 50 240,180
woods 50 427,126
woods 50 407,201
woods 50 73,118
woods 50 465,412
woods 50 173,275
woods 50 88,291
woods 50 476,169
woods 50 208,77
woods 50 46,151
woods 50 270,426
woods 50 245,102
woods 50 324,456
woods 50 61,217
woods 50 423,6
woods 50 467,149
woods 50 14,417
woods 50 125,77
woods 50 107,490
woods 50 304,43
woods 50 28,154
woods 50 367,136
woods 50 307,119
woods 50 282,461
woods 50 254,132
woods 50 157,220
woods 50 209,329
woods 50 240,318
woods 50 262,132
woods 50 445,244
woods 50 175,337
woods 50 206,430
woods 50 320,104
woods 50 471,476
woods 50 406,61
woods 50 137,193
woods 50 292,432
woods 50 265,464
woods 50 349,119
woods 50 385,384
woods 50 77,292
woods 50 62,499
woods 50 185,23
woods 50 259,381
woods 50 57,15
woods 50 171,6
woods 50 139,301
woods 50 490,49
woods 50 239,401
woods 50 85,394
woods 50 192,257
woods 50 95,212
woods 50 186,211
woods 50 61,317
woods 50 256,412
woods 50 8,136
woods 50 404,417
woods 50 183,351
woods 50 203,428
woods 50 118,349
woods 50 29,186
woods 50 128,224
woods 50 490,72
woods 50 312,113
woods 50 477,423
woods 50 454,423
woods 50 276,116
woods 50 434,478
woods 50 311,177
woods 50 423,130
woods 50 124,169
woods 50 22,83
woods 50 487,382
woods 50 186,203
woods 50 436,340
woods 50 10,222
woods 50 422,452
woods 50 16,494
woods 50 312,44
woods 50 225,367
woods 50 42,496
woods 50 7,499
woods 50 375,274
woods 50 163,496
woods 50 465,470
woods 50 288,445
woods 50 32,229
woods 50 304,258
woods 50 388,21
woods 50 327,201
woods 50 466,268
woods 50 335,123
woods 50 249,258
woods 50 137,109
woods 50 458,21
woods 50 437,172
woods 50 78,21
woods 50 112,360
woods 50 179,78
woods 50 130,160
woods 50 64,354
woods 50 219,402
woods 50 358,469
woods 50 339,155
woods 50 82,16
woods 50 264,346
woods 50 146,48
woods 50 469,313
woods 50 121,219
woods 50 67,323
woods 50 385,275
woods 50 453,234
woods 50 166,377
woods 50 225,66
woods 50 393,299
woods 50 308,340
woods 50 489,69
woods 50 254,408
woods 50 353,154
woods 50 228,403
woods 50 453,130
woods 50 281,212
woods 50 216,370
woods 50 89,83
woods 50 302,249
woods 50 377,213
woods 50 191,242
woods 50 69,393
woods 50 60,259
woods 50 138,449
woods 50 396,69
woods 50 488,145
woods 50 438,404
woods 50 212,253
woods 50 458,361
woods 50 291,347
woods 50 140,265
woods 50 348,382
woods 50 308,410
woods 50 310,91
woods 50 426,481
woods 50 81,346
woods 50 109,101
woods 50 188,363
woods 50 17,29
woods 50 186,471
woods 50 403,487
woods 50 297,110
woods 50 180,342
woods 50 181,183
woods 50 58,244
woods 50 226,391
woods 50 134,359
woods 50 343,498
woods 50 134,317
woods 50 158,73
woods 50 129,493
woods 50 347,135
woods 50 3,204
woods 50 378,124
woods 50 245,125
woods 50 439,191
woods 50 49,23
woods 50 470,181
woods 50 203,236
woods 50 438,264
woods 50 277,279
woods 50 168,315
woods 50 90,84
woods 50 457,427
woods 50 436,317
woods 50 69,296
woods 50 361,178
woods 50 11,109
woods 50 161,118
woods 50 480,116
woods 50 337,203
woods 50 348,113
woods 50 34,177
woods 50 47,9
woods 50 410,370
woods 50 47,432
woods 50 299,223
woods 50 53,181
woods 50 83,353
woods 50 491,298
woods 50 20,44
woods 50 384,206
woods 50 286,182
woods 50 362,162
woods 50 498,428
woods 50 112,342
woods 50 187,472
woods 50 339,467
woods 50 316,343
woods 50 222,308
woods 50 270,138
woods 50 288,312
woods 50 162,198
woods 50 232,137
woods 50 469,140
woods 50 144,266
woods 50 77,460
woods 50 278,47
woods 50 154,364
woods 50 148,380
woods 50 260,330
woods 50 60,426
woods 50 432,183
woods 50 324,479
woods 50 412,246
woods 50 3,364
woods 50 124,219
woods 50 133,332
woods 50 425,99
woods 50 441,447
woods 50 189,208
woods 50 261,79
woods 50 375,91
woods 50 440,230
woods 50 488,36
woods 50 327,388
woods 50 188,384
woods 50 211,304
woods 50 160,73
woods 50 73,498
woods 50 311,374
woods 50 365,304
woods 50 487,199
woods 50 311,464
woods 50 295,404
woods 50 332,304
woods 50 37,20
woods 50 160,381
woods 50 27,404
woods 50 498,302
woods 50 382,143
woods 50 72,377
woods 50 445,120
woods 50 66,135
woods 50 334,122
woods 50 223,103
woods 50 148,348
woods 50 229,453
woods 50 53,85
woods 50 290,320
woods 50 480,394
woods 50 114,23
woods 50 92,338
woods 50 7,262
woods 50 38,99
woods 50 38,110
woods 50 304,458
woods 50 388,36
woods 50 488,103
woods 50 303,197
woods 50 59,236
woods 50 270,205
woods 50 322,131
woods 50 494,283
woods 50 383,479
woods 50 16,222
woods 50 296,219
woods 50 306,351
woods 50 23,151
woods 50 306,276
woods 50 181,342
woods 50 295,229
woods 50 321,457
woods 50 365,129
woods 50 62,189
woods 50 334,387
woods 50 148,341
woods 50 193,58
woods 50 279,108
woods 50 130,106
woods 50 29,184
woods 50 384,339
woods 50 472,349
woods 50 141,184
woods 50 99,22
woods 50 408,23
woods 50 272,308
woods 50 164,220
woods 50 335,240
woods 50 79,397
woods 50 472,25
woods 50 220,249
woods 50 102,84
woods 50 298,436
woods 50 185,335
woods 50 205,140
woods 50 202,439
woods 50 333,197
woods 50 104,129
woods 50 347,448
woods 50 248,461
woods 50 483,373
woods 50 494,302
woods 50 405,224
woods 50 348,364
woods 50 212,297
woods 50 437,161
woods 50 103,151
woods 50 94,185
woods 50 178,203
woods 50 187,104
woods 50 413,167
woods 50 274,386
woods 50 311,499
woods 50 329,446
woods 50 365,280
woods 50 22,71
woods 50 123,497
woods 50 277,143
woods 50 160,91
woods 50 323,286
woods 50 483,223
woods 50 138,367
woods 50 218,62
woods 50 446,181
woods 50 233,258
woods 50 66,97
woods 50 286,471
woods 50 267,55
woods 50 410,438
woods 50 454,176
woods 50 141,493
woods 50 209,476
woods 50 479,425
woods 50 390,360
woods 50 285,226
woods 50 446,145
woods 50 37,189
woods 50 275,395
woods 50 282,54
woods 50 25,315
woods 50 185,339
woods 50 223,334
woods 50 424,370
woods 50 94,168
woods 50 98,179
woods 50 85,162
woods 50 213,351
woods 50 190,341
woods 50 75,382
woods 50 326,376
woods 50 492,259
woods 50 21,390
woods 50 81,488
woods 50 140,435
woods 50 49,288
woods 50 135,257
woods 50 102,292
woods 50 430,129
woods 50 354,7
woods 50 209,319
woods 50 217,388
woods 50 255,91
woods 50 190,10
woods 50 245,193
woods 50 174,195
woods 50 229,328
woods 50 419,62
woods 50 102,252
woods 50 488,245
woods 50 263,157
woods 50 209,287
woods 50 240,155
woods 50 157,454
woods 50 184,430
woods 50 92,442
woods 50 488,404
woods 50 438,426
woods 50 34,253
woods 50 316,21
woods 50 179,296
woods 50 448,465
woods 50 375,381
woods 50 212,36
woods 50 275,225
woods 50 314,52
woods 50 455,426
woods 50 227,423
woods 50 40,165
woods 50 122,478
woods 50 214,344
woods 50 240,443
woods 50 172,156
woods 50 421,245
woods 50 469,139
woods 50 104,345
woods 50 186,133
woods 50 311,261
woods 50 453,225
woods 50 303,420
woods 50 160,231
woods 50 277,164
woods 50 468,416
woods 50 178,101
woods 50 487,13
woods 50 482,489
woods 50 302,455
woods 50 160,76
woods 50 379,354
woods 50 193,4
woods 50 110,476
woods 50 234,328
woods 50 275,235
woods 50 88,353
woods 50 132,494
woods 50 213,10
woods 50 52,120
woods 50 382,228
woods 50 15,80
woods 50 265,91
woods 50 499,40
woods 50 20,29
woods 50 416,333
woods 50 438,269
woods 50 213,90
woods 50 382,189
woods 50 416,189
woods 50 381,284
woods 50 47,337
woods 50 16,354
woods 50 349,383
woods 50 437,243
woods 50 327,429
woods 50 285,3
woods 50 211,290
woods 50 223,71
woods 50 242,217
woods 50 223,3
woods 50 121,36
woods 50 303,20
woods 50 104,407
woods 50 189,348
woods 50 435,123
woods 50 253,417
woods 50 445,181
woods 50 430,101
woods 50 45,130
woods 50 163,7
woods 50 48,451
woods 50 352,113
woods 50 42,132
woods 50 397,344
woods 50 4,340
woods 50 262,489
woods 50 384,452
woods 50 107,410
woods 50 482,16
woods 50 419,135
woods 50 278,130
woods 50 243,327
woods 50 49,61
woods 50 126,383
woods 50 215,83
woods 50 145,207
woods 50 458,354
woods 50 11,361
woods 50 491,408
woods 50 453,320
woods 50 36,376
woods 50 158,338
woods 50 306,216
woods 50 254,299
woods 50 261,360
woods 50 207,170
woods 50 214,78
woods 50 314,78
woods 50 407,280
woods 50 43,434
woods 50 299,367
woods 50 56,184
woods 50 82,245
woods 50 445,213
woods 50 329,487
woods 50 103,79
woods 50 455,479
woods 50 245,86
woods 50 154,378
woods 50 238,369
woods 50 60,456
woods 50 151,344
woods 50 65,341
woods 50 329,453
woods 50 442,263
woods 50 155,283
woods 50 419,448
woods 50 479,13
woods 50 445,357
woods 50 443,292
woods 50 166,144
woods 50 344,225
woods 50 187,234
woods 50 322,249
woods 50 425,278
woods 50 118,340
woods 50 399,295
woods 50 388,430
woods 50 186,327
woods 50 475,51
woods 50 88,411
woods 50 94,417
woods 50 167,235
woods 50 151,73
woods 50 388,4
woods 50 101,303
woods 50 144,444
woods 50 315,248
woods 50 25,476
woods 50 223,66
woods 50 422,375
woods 50 242,237
woods 50 281,185
woods 50 353,80
woods 50 110,54
woods 50 390,438
woods 50 321,28
woods 50 39,410
woods 50 224,313
woods 50 460,17
woods 50 80,168
woods 50 302,244
woods 50 77,408
woods 50 474,48
woods 50 455,2
woods 50 488,201
woods 50 189,395
woods 50 492,78
woods 50 215,189
woods 50 77,435
woods 50 448,410
woods 50 171,128
woods 50 26,470
woods 50 216,149
woods 50 161,169
woods 50 128,30
woods 50 496,21
woods 50 105,358
woods 50 397,483
woods 50 393,379
woods 50 325,47
woods 50 125,296
woods 50 330,335
woods 50 226,114
woods 50 385,139
woods 50 112,132
woods 50 247,177
woods 50 393,372
woods 50 309,79
woods 50 433,3
woods 50 82,207
woods 50 318,186
woods 50 347,149
woods 50 48,77
woods 50 299,454
woods 50 102,236
woods 50 259,70
woods 50 374,446
woods 50 128,359
woods 50 298,29
woods 50 480,477

nb_meadows_by_square 1
global_population_limit 200

nb_players_min 2
nb_players_max 4

starting_squares 50,50 50,450 450,50 450,450
starting_units 400 footman townhall house peasant
starting_resources 100 100
